"","drought","expDayHeight","sd","upperSD","lowerSD","mean","variance","upperVar","lowerVar"
"1","d0","16",0.25313104473248,0.335410991016156,0.199708187761657,4.53502660734886,0.064075325807357,0.11250053289444,0.0398833602590452
"2","d1","16",0.298031830874958,0.568353103657423,0.163083688587923,4.51867538870463,0.0888229722146796,0.323025250437025,0.0265962894834426
"3","d0","23",0.401691737664963,0.769020518035525,0.219156889144878,5.24134527669644,0.161356252108297,0.591392557159627,0.0480297420596604
"4","d0","30",0.478559362349582,0.916181489925048,0.261238598757393,5.58714003248774,0.229019063292439,0.839388522481281,0.068245605480726
"5","d0","37",0.38799410538232,0.742794712704229,0.211767034420405,6.69358080994156,0.150539425811427,0.551743985221357,0.0448452768672132
"6","d0","44",0.335238145617933,0.641798457747315,0.182979029521646,8.29073065379056,0.112384614277351,0.411905260366832,0.0334813252446832
"7","d0","51",0.278291502610484,0.532778222551309,0.151899205127351,9.77162613770791,0.0774461604252011,0.283852634424932,0.023073368518321
"8","d0","58",0.255899722049185,0.489904823599672,0.139685948207034,12.4883988106504,0.06548466774485,0.240006736186226,0.0195121641264981
"9","d0","65",0.240072155403755,0.459609096109092,0.131040887437961,13.573046719701,0.0576346398002046,0.211240521226216,0.0171717141805283
"10","d0","72",0.258890942001801,0.495636124697156,0.141301463098736,13.4111671211375,0.06702451985058,0.245655168104815,0.0199661034738434
"11","d0","79",0.241363993770305,0.462081637776617,0.131756310661865,13.140935954508,0.0582565774887517,0.213519439970321,0.0173597253992259
"12","d0","92",0.159226193307486,0.30482848064817,0.0869158882144629,14.565382882132,0.0253529806351929,0.0929204026142716,0.00755437162410901
"13","d0","107",0.14564087868918,0.278823565903547,0.0794742457317553,18.7610847992367,0.0212112655453566,0.0777425809031694,0.00631615573463142
"14","d0","114",0.152317541671384,0.291604658395615,0.0831479177940253,22.101155540878,0.0232006335008139,0.0850332767980232,0.00691357623348199
"15","d0","121",0.166132045875891,0.318053008825432,0.09066583231407,24.3153870633971,0.0275998566669091,0.101157716422911,0.00822029314920306
"16","d0","128",0.162118565051798,0.310369844737031,0.0884931880023286,25.8966048275299,0.0262824291344539,0.0963294405220886,0.00783104432281548
"17","d0","135",0.167590113805349,0.320843572090673,0.0914790292699309,32.0773313833278,0.0280864462452899,0.102940597751903,0.00836841279616887
"18","d1","23",0.281609005311985,0.62337271113006,0.13291808797834,5.92195955458647,0.0793036318728057,0.388593536981642,0.0176672181118177
"19","d1","30",0.266503603321757,0.589935708721486,0.125777223591162,6.02241329878668,0.0710241705834806,0.348024140424722,0.0158199099743011
"20","d1","37",0.267728863969589,0.592643917181596,0.126401048124888,7.08733475062301,0.0716787446024466,0.351226812572347,0.0159772249670701
"21","d1","44",0.233022360049412,0.515817199752285,0.110000957358496,8.91941688466308,0.0542994202829979,0.266067383560289,0.0121002106197856
"22","d1","51",0.182488397777111,0.403952861462056,0.0861448132184083,10.6119154105169,0.0333020153232572,0.163177914283383,0.00742092884443446
"23","d1","58",0.153590098727965,0.339988617717733,0.0724981144322789,13.1797897070601,0.023589918427266,0.115592260177615,0.00525597659623581
"24","d1","65",0.183452383873962,0.40608994302347,0.0865962798225167,14.0188048143817,0.0336547771490397,0.164909041824805,0.00749891567909961
"25","d1","72",0.173209451597062,0.383417805241272,0.0817673729286598,13.7677278562941,0.030001514122555,0.147009213376034,0.00668590327565452
"26","d1","79",0.172969109043176,0.382866575905327,0.0816457269511948,13.4492180256163,0.0299183126831902,0.146586814945469,0.00666602472938906
"27","d1","92",0.164981411040766,0.365201399883705,0.0778751910832542,14.9963434446442,0.0272188659890022,0.133372062477018,0.00606454538625335
"28","d1","107",0.127903915944216,0.283126121251184,0.0603783132153199,18.7715381756422,0.0163594117138649,0.0801604005347401,0.00364554070672728
"29","d1","114",0.155226614581976,0.34357540096342,0.0732644496382007,22.2574034504468,0.0240953018745814,0.118044056147175,0.00536767958078844
"30","d1","121",0.159018243707079,0.351990749302628,0.0750659809373672,24.2667952914264,0.0252868018316841,0.123897487594625,0.00563490149408917
"31","d1","128",0.187304379845048,0.41461504027569,0.0884303554232076,25.9380270097007,0.035082930709138,0.171905631622812,0.00781992776027482
"32","d1","135",0.183084956204942,0.405275223709516,0.08642868049698,31.9524623260629,0.0335201011885657,0.164248006952798,0.00746991681244904
