"","dImpact","postRGR","std.error","conf.low","conf.high","drought"
"1",0.5,0.900737081161282,0.061304050316483,0.780583350434544,1.02089081188802,"d0"
"2",0.5,0.960158936685135,0.0659281947124148,0.830942049483057,1.08937582388721,"d1"
"3",1,0.781475943264086,0.0452607033542603,0.692766594774785,0.870185291753388,"d0"
"4",1,0.840897798787939,0.0484680670754135,0.745902132919857,0.935893464656021,"d1"
"5",1.5,0.662214805366891,0.0377253900291872,0.588274399606958,0.736155211126824,"d0"
"6",1.5,0.721636660890744,0.0378960327188869,0.647361801604774,0.795911520176714,"d1"
"7",2,0.542953667469696,0.0433844204686626,0.457921765860975,0.627985569078417,"d0"
"8",2,0.602375522993548,0.0400923205545724,0.523796018649952,0.680955027337145,"d1"
"9",2.5,0.4236925295725,0.0585281122860168,0.308979537408791,0.538405521736209,"d0"
"10",2.5,0.483114385096353,0.0535070849597106,0.378242425657595,0.587986344535111,"d1"
"11",3,0.304431391675305,0.0778023201321333,0.151941646302668,0.456921137047942,"d0"
"12",3,0.363853247199158,0.072131485608826,0.22247813325449,0.505228361143826,"d1"
"13",3.5,0.18517025377811,0.0988189820324859,-0.0085113919944734,0.378851899550693,"d0"
"14",3.5,0.244592109301962,0.0928828476803027,0.0625450730670496,0.426639145536875,"d1"
