"","firstFlower","matSeeds","std.error","conf.low","conf.high","drought"
"1",109,735.202292174519,0.167300257498448,529.664193988857,1020.5001896542,"d0"
"2",109,1010.18524172966,0.0956442431608033,837.507089507971,1218.46636929118,"d1"
"3",109,52.5363044053454,0.753045438995917,12.0078728312756,229.854472923986,"d3"
"4",111,817.26847376275,0.135957189041373,626.091455937616,1066.82139146305,"d0"
"5",111,1039.84523611099,0.0812423598695708,886.778355714959,1219.33300254149,"d1"
"6",111,68.4393996711744,0.654940944842019,18.9591755737988,247.054594178867,"d3"
"7",113,894.514985520345,0.109529482270456,721.698755207248,1108.71337042931,"d0"
"8",113,1063.38680189997,0.0698202454306722,927.385209360182,1219.3331088763,"d1"
"9",113,87.9183335492897,0.566715545209533,28.9527820444316,266.973769989429,"d3"
"10",114,930.407977268091,0.0983406261194449,767.300944234376,1128.18707010437,"d0"
"11",114,1072.71813459747,0.0652600514773234,943.922125433736,1219.08806382255,"d1"
"12",114,99.1262198898127,0.526532156489541,35.318606558213,278.210507921598,"d3"
"13",115,963.996540277925,0.0886266672751096,810.282238649665,1146.87115839596,"d0"
"14",115,1080.36050038788,0.0614693466515164,957.736181591758,1218.68509640984,"d1"
"15",115,111.372838500129,0.489113982936578,42.7016553860266,290.478414558952,"d3"
"16",116,994.932849802427,0.0804894736896271,849.730106823107,1164.94798485709,"d0"
"17",116,1086.27676481594,0.0584334727245534,968.727944936038,1218.08936755396,"d1"
"18",116,124.695757562186,0.454585882261937,51.1572833292811,303.945615210329,"d3"
"19",117,1022.88853378343,0.0740180341820959,884.757077544001,1182.5855696459,"d0"
"20",117,1090.43805909238,0.0561212354502941,976.855933673427,1217.22673705401,"d1"
"21",117,139.125171838546,0.423082092970278,60.7124254654533,318.81140130234,"d3"
"22",119,1068.67617128776,0.0661902572982617,938.652576753263,1216.71083355315,"d0"
"23",119,1093.422929675,0.0534606616925521,984.651120178572,1214.210473779,"d1"
"24",119,171.379441664211,0.369691388567387,83.03799286023,353.704515408677,"d3"
"25",120,1085.9989397654,0.064689020589283,956.678485000473,1232.80048173236,"d0"
"26",120,1092.23186379478,0.0529781164130728,984.509219916156,1211.74126169201,"d1"
"27",120,189.215930474057,0.348044951978632,95.6535951140175,374.295062328675,"d3"
"28",123,1113.46532782104,0.0673213226979253,975.82667184445,1270.51767699298,"d0"
"29",123,1078.02081272783,0.0540679530561581,969.626375473454,1198.53265347379,"d1"
"30",123,249.370167460092,0.303877451440541,137.462279465773,452.382141928312,"d3"
"31",124,1114.10200011118,0.069733239050912,971.779902701153,1277.26789080699,"d0"
"32",124,1069.81499996524,0.0550838847276463,960.331545835442,1191.78021290029,"d1"
"33",124,271.500138574525,0.29581735942246,152.044201711807,484.808525521448,"d3"
"34",125,1110.42557257272,0.0725690031780355,963.204731601161,1280.14835451828,"d0"
"35",125,1059.93428009254,0.0563640960907187,949.077620273192,1183.73951099162,"d1"
"36",125,294.562366575459,0.290731445121369,166.611972369739,520.772826636884,"d3"
"37",126,1102.47868281741,0.0757018227456416,950.457479142725,1278.81496304612,"d0"
"38",126,1048.4263116147,0.0578946429247079,935.961322050055,1174.40507955864,"d1"
"39",126,318.468227923767,0.288281628890814,181.000737286643,560.340326328545,"d3"
"40",127,1090.35317354764,0.0790569279800302,933.842882075511,1273.0942922894,"d0"
"41",127,1035.34622186203,0.0596761897326145,921.062579261619,1163.80995521858,"d1"
"42",127,343.112553854196,0.288077833058185,195.085195109132,603.460578064324,"d3"
"43",128,1074.18832578897,0.0826042929135657,913.624056878092,1262.9708582808,"d0"
"44",128,1020.75616719972,0.0617221707063046,904.448838898144,1152.02000164611,"d1"
"45",128,368.373814806723,0.2897083025688,208.779857749904,649.963405942209,"d3"
"46",129,1054.1681959675,0.0863507418019237,890.03692543353,1248.56683316604,"d0"
"47",129,1004.72484122675,0.0640564601217173,886.180485736986,1139.12687406854,"d1"
"48",129,394.11461567813,0.292768071474288,222.033194133227,699.563553537493,"d3"
"49",130,1030.51812801578,0.0903325521326538,863.3053417703,1230.11819895782,"d0"
"50",130,987.326936406349,0.0667107636809852,866.31668860935,1125.24033320697,"d1"
"51",130,420.182515158362,0.296881082251066,234.818517041014,751.87148045045,"d3"
"52",136,829.031708534234,0.123310041531019,651.042655567687,1055.68132575875,"d0"
"53",136,859.027641011846,0.0914687761746155,718.040226024204,1027.69797746332,"d1"
"54",136,573.38345598869,0.328543814025177,301.153667496834,1091.69710710892,"d3"
"55",138,747.491521511904,0.139823997746894,568.313363549835,983.161070227385,"d0"
"56",138,809.404473556522,0.103887738974339,660.292245089016,992.190362200892,"d1"
"57",138,618.444484786042,0.338134790464072,318.771778470131,1199.83513784647,"d3"
"58",148,352.985303539254,0.282691672279522,202.828526823755,614.305228489714,"d0"
"59",148,544.855066488208,0.202529814913359,366.342498187144,810.353821756754,"d1"
"60",148,731.943070489696,0.386684802348515,343.02881500891,1561.7949134214,"d3"
"61",152,234.569546423169,0.369640183162352,113.666721487876,484.071955176786,"d0"
"62",152,444.233449406832,0.259199949379717,267.288245068264,738.316634618526,"d1"
"63",152,709.960241326373,0.430437404240377,305.383132503369,1650.5284366308,"d3"
"64",155,165.759510166168,0.445881368859049,69.1741044644475,397.203771891975,"d0"
"65",155,374.662729869166,0.308036520826083,204.851586267988,685.238341134348,"d1"
"66",155,668.896396577783,0.484268736622491,258.909842438085,1728.10112254322,"d3"
"67",159,98.8207900382011,0.562004534119163,32.8449946048526,297.322275776274,"d0"
"68",159,291.779557606894,0.381491099567239,138.143052681866,616.283689874261,"d1"
"69",159,588.303826138998,0.590234585902996,185.009096616665,1870.72634902326,"d3"
"70",164,47.4434398885601,0.730089060336352,11.342877326304,198.439948146107,"d0"
"71",164,205.74011492791,0.48657276356232,79.2770517781481,533.937551171865,"d1"
"72",164,463.171929991006,0.779902519273702,100.435675218275,2135.976447267,"d3"
"73",166,34.4287317671217,0.804388144335255,7.11581412730663,166.577927681351,"d0"
"74",166,176.866528281771,0.532702296086801,62.2599309403047,502.438219156392,"d1"
"75",166,410.742817657653,0.873030935980521,74.2069698411969,2273.50156755338,"d3"
