"","expDayHeight","r","std.error","conf.low","conf.high","drought"
"1",16,0.986378673701726,0.0657306815751317,0.851003800898991,1.12175354650446,"d0"
"2",16,1.05201081709414,0.0657306815751399,0.916635944291388,1.18738568989689,"d1"
"3",23,0.90267980446194,0.0534271841206314,0.79264445900045,1.01271514992343,"d0"
"4",23,0.897967205704252,0.053427184120638,0.787931860242749,1.00800255116575,"d1"
"5",30,0.819674539365471,0.0431756912383207,0.730752538718377,0.908596540012565,"d0"
"6",30,0.746506079803301,0.043175691238325,0.657584079156198,0.835428080450404,"d1"
"7",37,0.738056482555637,0.0362944998862763,0.663306560786951,0.812806404324324,"d0"
"8",37,0.600209924880223,0.0362944998862777,0.525460003111534,0.674959846648912,"d1"
"9",44,0.658519238175757,0.0337672557145932,0.588974273210873,0.72806420314064,"d0"
"10",44,0.461661226423954,0.0337672557145915,0.392116261459074,0.531206191388834,"d1"
"11",51,0.581756410369146,0.0350270524661519,0.509616845425794,0.653895975312498,"d0"
"12",51,0.33344246992343,0.0350270524661479,0.261302904980085,0.405582034866774,"d1"
"13",58,0.508461603279123,0.0380991808552262,0.429994871479465,0.586928335078782,"d0"
"14",58,0.218136140867587,0.0380991808552212,0.139669409067939,0.296602872667235,"d1"
"15",65,0.439328421049006,0.0410494936329985,0.354785406340845,0.523871435757167,"d0"
"16",65,0.118324724745362,0.0410494936329933,0.033781710037211,0.202867739453512,"d1"
"17",72,0.375024609772909,0.0426136596789563,0.28726013479019,0.462789084755628,"d0"
"18",72,0.0364944301743931,0.0426136596789514,-0.0512700448083159,0.124258905157102,"d1"
"19",79,0.315623180413287,0.0423877718906106,0.228323930039262,0.402922430787312,"d0"
"20",79,-0.0270829022675376,0.0423877718906063,-0.114382152641554,0.0602163481064785,"d1"
"21",92,0.216513316480777,0.0385856559969186,0.137044670371847,0.295981962589707,"d0"
"22",92,-0.103427958667674,0.0385856559969159,-0.182896604776599,-0.0239593125587497,"d1"
"23",107,0.1163482182634,0.0357095354037013,0.0428030533985687,0.189893383128232,"d0"
"24",107,-0.138675928699306,0.0357095354037009,-0.212221093564137,-0.0651307638344755,"d1"
"25",114,0.0733742554560365,0.0383644359343985,-0.00563877940549119,0.152387290317564,"d0"
"26",114,-0.141089131140114,0.038364435934399,-0.220102166001642,-0.0620760962785851,"d1"
"27",121,0.0320430393038981,0.0443558042962365,-0.0593094496825812,0.123395528290377,"d0"
"28",121,-0.137385920580809,0.0443558042962372,-0.22873840956729,-0.0460334315943286,"d1"
"29",128,-0.00819301241142267,0.0530473522710199,-0.117446079535073,0.101060054712228,"d0"
"30",128,-0.129605101354763,0.0530473522710205,-0.238858168478415,-0.0203520342311111,"d1"
"31",135,-0.0478814819083351,0.0635174360651386,-0.178698090256531,0.0829351264398606,"d0"
"32",135,-0.119785477795346,0.0635174360651389,-0.250602086143543,0.01103113055285,"d1"
