"","flowerLength","matSeeds","std.error","conf.low","conf.high","drought"
"1",38,1094.35041883833,0.710820948937049,271.709310126415,4407.66213956539,"d0"
"2",38,1047.92772982427,0.721525514852647,254.781388985934,4310.1756031139,"d1"
"3",38,276.354140075219,0.715168093721826,68.0320864098906,1122.58222210881,"d3"
"4",45,1049.72587202957,0.567440220214935,345.199302903194,3192.13972085353,"d0"
"5",45,1005.19617032856,0.578237639122309,323.633935586021,3122.10565623652,"d1"
"6",45,265.085191804817,0.586252793914372,84.0168094164096,836.382140696622,"d3"
"7",52,1019.3901303914,0.44138408017536,429.17420792694,2421.29237672243,"d0"
"8",52,976.147280393314,0.452174956033258,402.367901731322,2368.13997567711,"d1"
"9",52,257.424567155119,0.479857130406682,100.506664705587,659.333467776658,"d3"
"10",57,1005.8104030101,0.362006099928842,494.738801053788,2044.82560221379,"d0"
"11",57,963.143609319273,0.372673400425055,463.949673875927,1999.45309676117,"d1"
"12",57,253.995305541734,0.418597400090289,111.818828236646,576.947695254924,"d3"
"13",59,1002.18980036071,0.33275901101732,522.04145899946,1923.95523120336,"d0"
"14",59,959.676593773196,0.343332155649052,489.643554409723,1880.91757022388,"d1"
"15",59,253.081001937969,0.397674004416092,116.080379399838,551.77277911288,"d3"
"16",63,997.99111796574,0.278593172841576,578.079724793734,1722.92199297231,"d0"
"17",63,955.656020806186,0.288864409640619,542.525016719846,1683.38491674518,"d1"
"18",63,252.020717002963,0.362048494808242,123.953845670291,512.403963388373,"d3"
"19",64,997.570404468678,0.265960022224037,592.322151856603,1680.07681082425,"d0"
"20",64,955.253154108011,0.276125323353616,556.006897192172,1641.18213828185,"d1"
"21",64,251.914475058247,0.354431681967028,125.765154366861,504.598456252474,"d3"
"22",66,997.480841686817,0.241793879411891,620.996624866448,1602.21165412327,"d0"
"23",66,955.167390607531,0.251700256406559,583.219237223846,1564.32553292105,"d1"
"24",66,251.891857946636,0.340716157514639,129.18021727969,491.170470494201,"d3"
"25",70,1000.31219627848,0.197918189014219,678.683508112434,1474.36099162985,"d0"
"26",70,957.878638246763,0.207061007883406,638.351434508699,1437.34538062978,"d1"
"27",70,252.606854304254,0.319115385244867,135.149244492813,472.146352581971,"d3"
"28",81,1029.24816806552,0.109469239117663,830.500154170936,1275.55881374128,"d0"
"29",81,985.587137008285,0.113219912161606,789.445335257639,1230.46139010901,"d1"
"30",81,259.913997850593,0.292459799535863,146.516803975366,461.075347303073,"d3"
"31",82,1033.47616122423,0.103926801978416,843.01986627526,1266.96062399794,"d0"
"32",82,989.635777367209,0.106789597514769,802.741872811365,1220.0422140871,"d1"
"33",82,260.981684574612,0.291759178986841,147.320833283567,462.334064811455,"d3"
"34",88,1064.81302537837,0.0799860912403055,910.309490927535,1245.53988540772,"d0"
"35",88,1019.64332188638,0.0755606287519796,879.287613661873,1182.40321791601,"d1"
"36",88,268.89512070704,0.290867832778178,152.053273230685,475.521403806663,"d3"
"37",89,1071.0686099692,0.0775312747453073,920.073560411299,1246.84374882866,"d0"
"38",89,1025.63354261106,0.0715834750760469,891.374593176416,1180.11459130822,"d1"
"39",89,270.474831072666,0.291098887999592,152.87731111892,478.531665087176,"d3"
"40",90,1077.63158099961,0.075491688815191,929.419260711999,1249.47897408335,"d0"
"41",90,1031.91811034587,0.0679583079029115,903.231381034758,1178.93931590362,"d1"
"42",90,272.132165126026,0.291395886057404,153.724556615877,481.744211376896,"d3"
"43",91,1084.50712935395,0.0738505505669807,938.362640617568,1253.41276678009,"d0"
"44",91,1038.50199577619,0.0646858657058706,914.843120901695,1178.87577726785,"d1"
"45",91,273.86843371084,0.291745668472298,154.599332612862,485.150341308707,"d3"
"46",92,1091.70071468328,0.0725879230187821,946.927310996231,1258.60817044776,"d0"
"47",92,1045.39042695298,0.0617670180529605,926.19479853899,1179.9258066325,"d1"
"48",92,275.685015541964,0.292136376314252,155.505669352216,488.742488366966,"d3"
"49",93,1099.21807262413,0.0716814301327668,955.143261744788,1265.02527901031,"d0"
"50",93,1052.58889620527,0.0592027499567636,937.271285775522,1182.09466269725,"d1"
"51",93,277.583359028311,0.292557461690021,156.447296964202,492.51423773126,"d3"
"52",94,1107.06522241194,0.0711071923284353,963.045167047085,1272.62297617043,"d0"
"53",94,1060.10316743063,0.0569941302300119,948.057417641988,1185.39099497962,"d1"
"54",94,279.564984195461,0.292999692072362,157.42763985782,496.460344948291,"d3"
"55",95,1115.24847490342,0.0708408879964342,970.670352062151,1281.36102862527,"d0"
"56",95,1067.93928377723,0.0551422621310716,958.538108052498,1189.82678336266,"d1"
"57",95,281.631484711541,0.293455149174578,158.449812227533,500.576757181191,"d3"
"58",96,1123.77444102282,0.0708588335298859,978.056631095454,1291.20232320463,"d0"
"59",96,1076.10357573185,0.0536482171994414,968.698504410546,1195.4172535938,"d1"
"60",96,283.784530020132,0.293917223870428,159.51661400972,504.86063773796,"d3"
"61",97,1132.6500406478,0.0711389820841208,985.240222376337,1302.11504305538,"d0"
"62",97,1084.60266962876,0.05251295676087,978.524174130888,1202.18077597385,"d1"
"63",97,286.025867584216,0.294380608441231,160.630526701338,509.310394526784,"d3"
"64",98,1141.88251195175,0.0716617646350565,992.253905806753,1314.07461686039,"d0"
"65",98,1093.44349659577,0.0517372494479948,988.001307510795,1210.13876313571,"d1"
"66",98,288.357325245356,0.294841287208736,161.793708535242,513.925713029468,"d3"
"67",99,1151.47942122001,0.0724107275600769,999.125533294946,1327.06533194139,"d0"
"68",99,1102.633301954,0.051321596110517,997.116913924296,1219.31559037849,"d1"
"69",99,290.78081370258,0.295296526390595,163.00798858967,518.707594327635,"d3"
"70",100,1161.44867315876,0.0733729507958326,1005.8769429842,1341.08156051394,"d0"
"71",100,1112.1796550895,0.0512661744178797,1005.85898472945,1229.73856571726,"d1"
"72",100,293.29832911565,0.295744863799162,164.274859492394,523.658398660901,"d3"
"73",101,1171.798521716,0.0745392542230983,1012.52328054619,1356.12859662358,"d0"
"74",101,1122.09045981522,0.0515708134334313,1014.21659874609,1241.43797445732,"d1"
"75",101,295.911955837685,0.296186098796023,165.595468462877,528.781894942455,"d3"
"76",102,1182.53758143559,0.0759042152486413,1019.07269786673,1372.22313426201,"d0"
"77",102,1132.37396524335,0.0522350035449733,1022.17995503968,1254.44721434707,"d1"
"78",102,298.623869282349,0.296621282714855,166.970606518879,534.083316605063,"d3"
"79",103,1193.6748393658,0.0774660282174855,1025.52638151233,1389.3934352364,"d0"
"80",103,1143.03877718874,0.0532579405637567,1029.74033100886,1268.80302423144,"d1"
"81",103,301.436338931117,0.297052709773799,168.400695758444,539.569424098648,"d3"
"82",104,1205.2196675457,0.0792262383212693,1031.87885675815,1407.67924211806,"d0"
"83",104,1154.09387012562,0.0546385964680273,1036.88997759657,1284.54579544577,"d1"
"84",104,304.351731486419,0.297483908314756,169.885774715264,545.24857430843,"d3"
"85",105,1217.1818360933,0.0811893813728146,1038.11851322268,1427.13149148671,"d0"
"86",105,1165.54859972052,0.0563758050142307,1043.62197377038,1301.71994501275,"d1"
"87",105,307.372514176771,0.297919632030437,171.425481876465,551.130797108876,"d3"
"88",106,1229.57152692113,0.083362558073837,1044.2283014623,1447.8118795459,"d0"
"89",106,1177.41271596604,0.0584683492793221,1049.93006665941,1320.37432562471,"d1"
"90",106,310.501258220344,0.298365850670079,173.019037548219,557.227879212702,"d3"
"91",107,1242.39934810599,0.085754968398352,1050.18655371283,1469.79232853163,"d0"
"92",107,1189.69637694103,0.0609150399906126,1055.80852164409,1340.56264965791,"d1"
"93",107,313.740642453727,0.298829739552027,174.665224357059,563.553455415116,"d3"
"94",108,1255.67634894118,0.0883774289678993,1055.96788517174,1493.15439932516,"d0"
"95",108,1202.41016322428,0.0637147772023114,1061.2520000619,1362.34391128659,"d1"
"96",108,317.093457133036,0.299319667057175,176.362366783872,570.12310727152,"d3"
"97",109,1269.41403570101,0.0912418938373828,1061.54413471433,1517.98869339368,"d0"
"98",109,1215.56509299033,0.0668665921263581,1066.25547373575,1385.78279942578,"d1"
"99",109,320.562607914889,0.299845179134223,178.108310242819,576.954469182822,"d3"
"100",110,1283.62438814873,0.094360996709737,1066.88530629098,1544.39428505994,"d0"
"101",110,1229.17263781711,0.0703696695878257,1070.81417771174,1410.95010227347,"d1"
"102",110,324.151120025137,0.300416979719964,179.900400337522,584.067341798102,"d3"
"103",111,1298.31987682112,0.0977476299626516,1071.96047523142,1572.4782223756,"d0"
"104",111,1243.24473923729,0.0742233540412477,1074.92359690904,1437.92311015011,"d1"
"105",111,327.862142623688,0.301046905871133,181.735463049077,591.483812582947,"d3"
"106",114,1345.44961313901,0.109638117400105,1085.28375768233,1667.98281894657,"d0"
"107",114,1288.37521731509,0.0878837029653389,1084.51513877534,1530.555583084,"d1"
"108",114,339.763721430527,0.303420088315797,187.458594890828,615.812715696233,"d3"
"109",117,1397.44559993813,0.124359010392542,1095.16694963624,1783.15662779549,"d0"
"110",117,1338.16551799795,0.104688730830534,1089.93004749243,1642.93750564865,"d1"
"111",117,352.894164816738,0.30684301378365,193.401229380661,643.916752548605,"d3"
"112",120,1454.73578891084,0.142146076219659,1101.00467714833,1922.11373799,"d0"
"113",120,1393.02543913282,0.124637993477777,1091.10612845311,1778.48865794779,"d1"
"114",120,367.361542574136,0.311789773184423,199.387420060518,676.845625072473,"d3"
"115",122,1496.10592586796,0.155786112743635,1102.44507977836,2030.33510010968,"d0"
"116",122,1432.64064186652,0.139685494725414,1089.52389285963,1883.81294084402,"d1"
"117",122,377.80866118146,0.316190440088324,203.296601797665,702.123809259691,"d3"
