"","drought","Group","r","CI_low","CI_high","p","expDayHeight","corrected_r"
"1","d0","16",1,1,1,0,16,1
"2","d0","23",0.804098973835993,0.620441712008371,0.904146495563337,1.48280119786854e-07,23,0.804098973835993
"3","d0","30",0.793561758237939,0.602204051613331,0.898688482996985,2.8123503754373e-07,30,0.793561758237939
"4","d0","37",0.759221566550417,0.544123025858462,0.880672251309706,1.79933231743871e-06,37,0.759221566550417
"5","d0","44",0.721075778923131,0.481935130408754,0.860238919719753,1.02021733930645e-05,44,0.721075778923131
"6","d0","51",0.690065200476075,0.433094729400179,0.84329162130402,3.44325686313972e-05,51,0.690065200476075
"7","d0","58",0.522667942003862,0.193165123676826,0.746225994886675,0.0036277710124681,58,0.522667942003862
"8","d0","65",0.392134398705304,0.0299302861313523,0.663309567969195,0.0353854918133121,65,0.392134398705304
"9","d0","72",0.327118298096488,-0.0447528282589224,0.619367557501404,0.0832528791336305,72,0
"10","d0","79",0.429240493864672,0.0744467026581302,0.687577165815168,0.0201453429145778,79,0.429240493864672
"11","d0","92",0.300317740023063,-0.0743741650880988,0.600704933056738,0.11344186439902,92,0
"12","d0","107",-0.0565244124921559,-0.414444248550226,0.316538848130044,0.770870317240791,107,0
"13","d0","114",-0.0693143378315105,-0.425022697261184,0.304938015348277,0.720882042388591,114,0
"14","d0","121",-0.08858992224009,-0.440783915186243,0.287242137106738,0.647680675649496,121,0
"15","d0","128",0.00388392889639865,-0.363138670302503,0.369863113255671,0.984046881529557,128,0
"16","d0","135",0.178749440263222,-0.20091897933451,0.511730292749257,0.353534468082567,135,0
"17","d1","16",1,1,1,1.05839406583982e-220,16,1
"18","d1","23",0.771005278636251,0.568704922205263,0.885351016525726,6.1753234036461e-07,23,0.771005278636251
"19","d1","30",0.751434512856083,0.53637095200426,0.874862163553275,1.70497313871992e-06,30,0.751434512856083
"20","d1","37",0.698094008539823,0.451336796154065,0.84567456729331,1.79510449812602e-05,37,0.698094008539823
"21","d1","44",0.635058984423274,0.356310924483215,0.810005305743475,0.000163258035318483,44,0.635058984423274
"22","d1","51",0.513316561470322,0.18777251547773,0.737245400730443,0.00371970635532301,51,0.513316561470322
"23","d1","58",0.199598568814903,-0.173119545473282,0.522308960803813,0.29029265404769,58,0
"24","d1","65",-0.0950115914519718,-0.44021245094089,0.274659145635401,0.617483795114682,65,0
"25","d1","72",-0.0549155267682751,-0.407129938341228,0.311516861974652,0.773177282838216,72,0
"26","d1","79",0.0131569870587896,-0.348765403603647,0.371664498560702,0.944986025335502,79,0
"27","d1","92",-0.1108766051174,-0.45304860705018,0.259769209831757,0.559695095460954,92,0
"28","d1","107",-0.136554905422615,-0.473528184656658,0.235289756655094,0.47180697076198,107,0
"29","d1","114",-0.0781703512996788,-0.426430285688631,0.290273666175335,0.681371071584896,114,0
"30","d1","121",-0.290493307765164,-0.589108871239351,0.0779319447055462,0.119402124742168,121,0
"31","d1","128",-0.0782172494398448,-0.426468891011514,0.290230454822117,0.681189865905735,128,0
"32","d1","135",-0.0697246206363959,-0.419457230750891,0.298031032680767,0.714278413054009,135,0
