"","cellID","repID","seed","plantDate","plantTOD","germDate","germTOD","germHt"
"1",14,"6.002_d2_gn","A",2021-10-02,"AM",2021-10-08,"PM",1
"2",15,"6.005_d1_ge","A",2021-10-02,"AM",2021-10-08,"PM",1.2
"3",16,"6.001_d1_gn","A",2021-10-02,"AM",2021-10-07,"PM",0.4
"4",19,"6.005_d0_gn","A",2021-10-02,"AM",2021-10-06,"PM",0.3
"5",27,"6.003_d1_ge","A",2021-10-01,"AM",2021-10-06,"AM",0.3
"6",28,"6.007_d2_ge","A",2021-09-30,"AM",2021-10-05,"PM",0.4
"7",31,"6.009_d0_gn","A",2021-10-02,"AM",2021-10-07,"AM",0.3
"8",33,"6.010_d3_ge","A",2021-10-05,"PM",2021-10-09,"PM",0.4
"9",35,"6.010_d1_ge","A",2021-10-05,"PM",2021-10-09,"PM",0.4
"10",36,"6.003_d3_gn","A",2021-10-02,"AM",2021-10-08,"AM",0.5
"11",41,"6.013_d2_gn","A",2021-10-02,"AM",2021-10-07,"AM",0.6
"12",50,"6.001_d0_ge","A",2021-10-02,"AM",2021-10-07,"AM",1
"13",60,"6.013_d2_ge","A",2021-09-30,"AM",2021-10-04,"PM",0.2
"14",62,"6.007_d1_ge","A",2021-09-30,"AM",2021-10-06,"AM",0.8
"15",64,"6.007_d3_gn","A",2021-10-02,"AM",2021-10-07,"AM",0.5
"16",72,"6.007_d0_ge","A",2021-09-30,"AM",2021-10-04,"AM",0.2
"17",73,"6.002_d1_ge","A",2021-10-05,"PM",2021-10-09,"PM",0.1
"18",75,"6.015_d0_gn","A",2021-10-02,"AM",2021-10-08,"PM",0.5
"19",77,"6.001_d0_gn","A",2021-10-02,"AM",2021-10-07,"AM",0.6
"20",78,"6.009_d0_ge","A",2021-10-02,"AM",2021-10-06,"PM",0.3
"21",92,"6.005_d1_gn","A",2021-10-02,"AM",2021-10-06,"AM",0.5
"22",93,"6.003_d3_ge","U",2021-10-01,"AM",2021-10-06,"PM",0.3
"23",98,"6.003_d0_gn","A",2021-10-02,"AM",2021-10-08,"AM",0.6
"24",102,"6.015_d3_gn","A",2021-10-02,"AM",2021-10-07,"PM",0.3
"25",113,"6.014_d0_ge","A",2021-10-01,"AM",2021-10-06,"AM",0.5
"26",116,"6.003_d2_gn","A",2021-10-02,"AM",2021-10-07,"PM",0.5
"27",117,"6.013_d3_gn","A",2021-10-02,"AM",2021-10-07,"AM",0.4
"28",122,"6.006_d1_gn","A",2021-10-02,"AM",2021-10-08,"AM",0.5
"29",126,"6.001_d2_gn","A",2021-10-02,"AM",2021-10-08,"AM",0.5
"30",127,"6.011_d2_gn","A",2021-10-02,"AM",2021-10-07,"PM",0.3
"31",132,"6.009_d1_ge","A",2021-10-02,"AM",2021-10-07,"AM",0.6
"32",133,"6.012_d2_gn","A",2021-10-02,"AM",2021-10-07,"PM",0.1
"33",138,"6.008_d1_gn","A",2021-10-02,"AM",2021-10-08,"PM",0.2
"34",140,"6.015_d1_gn","A",2021-10-02,"AM",2021-10-07,"PM",0.9
"35",148,"6.009_d2_ge","A",2021-10-02,"AM",2021-10-07,"PM",0.2
"36",152,"6.007_d1_gn","A",2021-10-02,"AM",2021-10-08,"AM",0.7
"37",153,"6.002_d2_ge","A",2021-10-05,"PM",2021-10-10,"AM",0.6
"38",160,"6.011_d1_gn","A",2021-10-02,"AM",2021-10-06,"PM",0.3
"39",168,"6.010_d0_ge","A",2021-10-05,"PM",2021-10-10,"AM",0.4
"40",174,"6.012_d0_gn","A",2021-10-02,"AM",2021-10-07,"AM",0.6
"41",185,"6.015_d1_ge","A",2021-10-04,"PM",2021-10-08,"PM",0.6
"42",194,"6.004_d0_gn","A",2021-10-02,"AM",2021-10-08,"AM",0.3
"43",202,"6.006_d3_ge","A",2021-09-29,"AM",2021-10-04,"AM",1.1
"44",207,"6.009_d1_gn","A",2021-10-02,"AM",2021-10-07,"PM",0.6
"45",212,"6.010_d2_gn","A",2021-10-02,"AM",2021-10-07,"AM",0.5
"46",217,"6.014_d3_ge","A",2021-10-01,"AM",2021-10-06,"AM",1
"47",218,"6.002_d0_gn","A",2021-10-02,"AM",2021-10-09,"AM",0.3
"48",229,"6.012_d1_gn","A",2021-10-02,"AM",2021-10-07,"AM",0.5
"49",231,"6.006_d2_ge","A",2021-09-29,"AM",2021-10-04,"AM",2.1
"50",234,"6.015_d0_ge","A",2021-10-04,"PM",2021-10-10,"AM",0.5
"51",237,"6.014_d0_gn","A",2021-10-02,"AM",2021-10-07,"AM",0.4
"52",241,"6.009_d3_ge","A",2021-10-02,"AM",2021-10-07,"PM",0.6
"53",249,"6.010_d1_gn","A",2021-10-02,"AM",2021-10-06,"PM",0.3
"54",254,"6.004_d0_ge","A",2021-10-04,"PM",2021-10-10,"AM",0.7
"55",255,"6.005_d2_ge","A",2021-10-02,"AM",2021-10-08,"PM",0.5
"56",265,"6.003_d1_gn","A",2021-10-02,"AM",2021-10-07,"PM",0.8
"57",268,"6.002_d3_ge","A",2021-10-05,"PM",NA,NA,NA
"58",271,"6.005_d2_gn","A",2021-10-02,"AM",2021-10-07,"PM",0.9
"59",273,"6.006_d0_gn","A",2021-10-02,"AM",2021-10-07,"PM",0.8
"60",284,"6.014_d2_ge","A",2021-10-01,"AM",2021-10-06,"AM",0.8
"61",286,"6.003_d0_ge","A",2021-10-01,"AM",2021-10-06,"AM",0.6
"62",294,"6.006_d1_ge","A",2021-09-29,"AM",2021-10-06,"AM",1.1
"63",297,"6.005_d3_gn","A",2021-10-02,"AM",2021-10-07,"PM",0.5
"64",298,"6.012_d2_ge","A",2021-09-29,"AM",2021-10-04,"PM",0.2
"65",309,"6.009_d3_gn","A",2021-10-02,"AM",2021-10-07,"PM",0.7
"66",328,"6.002_d3_gn","A",2021-10-02,"AM",2021-10-07,"AM",1
"67",334,"6.015_d2_ge","A",2021-10-04,"PM",2021-10-10,"AM",0.5
"68",336,"6.002_d0_ge","A",2021-10-05,"PM",2021-10-10,"PM",0.9
"69",344,"6.012_d3_gn","A",2021-10-02,"AM",2021-10-09,"AM",0.7
"70",349,"6.005_d0_ge","A",2021-10-02,"AM",2021-10-06,"PM",0.4
"71",358,"6.008_d2_gn","A",2021-10-02,"AM",2021-10-06,"AM",0.6
"72",362,"6.011_d3_gn","A",2021-10-02,"AM",2021-10-07,"AM",0.6
"73",364,"6.014_d2_gn","A",2021-10-02,"AM",2021-10-08,"PM",0.7
"74",373,"6.001_d3_gn","A",2021-10-02,"AM",2021-10-07,"PM",1
"75",381,"6.011_d1_ge","A",2021-10-03,"AM",2021-10-07,"PM",0.8
"76",386,"6.006_d0_ge","A",2021-09-29,"AM",2021-10-05,"AM",0.4
"77",388,"6.001_d3_ge","A",2021-10-02,"AM",2021-10-07,"AM",0.5
"78",397,"6.011_d3_ge","A",2021-10-03,"AM",2021-10-08,"PM",1
"79",399,"6.008_d2_ge","A",2021-10-03,"AM",2021-10-08,"AM",0.8
"80",403,"6.013_d0_gn","A",2021-10-02,"AM",2021-10-07,"AM",0.5
"81",413,"6.006_d3_gn","A",2021-10-02,"AM",2021-10-07,"PM",0.4
"82",415,"6.015_d2_gn","A",2021-10-02,"AM",2021-10-08,"AM",1.1
"83",418,"6.007_d0_gn","A",2021-10-02,"AM",2021-10-07,"AM",0.7
"84",419,"6.010_d0_gn","A",2021-10-02,"AM",2021-10-10,"AM",0.5
"85",421,"6.014_d1_gn","A",2021-10-02,"AM",2021-10-07,"AM",0.5
"86",423,"6.013_d1_gn","A",2021-10-02,"AM",2021-10-07,"PM",0.2
"87",427,"6.014_d3_gn","A",2021-10-02,"AM",2021-10-07,"AM",1.3
"88",434,"6.011_d0_ge","A",2021-10-03,"AM",2021-10-07,"PM",0.5
"89",438,"6.004_d1_ge","A",2021-10-04,"PM",2021-10-09,"AM",0.6
"90",441,"6.010_d3_gn","A",2021-10-02,"AM",2021-10-07,"AM",0.6
"91",448,"6.012_d0_ge","A",2021-09-29,"AM",2021-10-04,"AM",1.7
"92",453,"6.012_d3_ge","A",2021-09-29,"AM",2021-10-04,"AM",1.2
"93",459,"6.008_d0_gn","A",2021-10-02,"AM",2021-10-07,"AM",0.1
"94",470,"6.012_d1_ge","A",2021-09-29,"AM",2021-10-04,"AM",2.4
"95",472,"6.003_d2_ge","A",2021-10-01,"AM",2021-10-07,"PM",0.7
"96",475,"6.009_d2_gn","A",2021-10-02,"AM",2021-10-09,"AM",0.8
"97",478,"6.007_d3_ge","A",2021-09-30,"AM",2021-10-08,"AM",0.3
"98",480,"6.013_d1_ge","A",2021-09-30,"AM",2021-10-04,"PM",0.6
"99",482,"6.014_d1_ge","A",2021-10-01,"AM",2021-10-06,"PM",0.7
"100",484,"6.005_d3_ge","A",2021-10-02,"AM",2021-10-07,"AM",1.3
"101",488,"6.013_d0_ge","A",2021-09-30,"AM",2021-10-05,"PM",0.4
"102",502,"6.004_d3_gn","A",2021-10-02,"AM",2021-10-07,"PM",0.3
"103",504,"6.011_d2_ge","A",2021-10-03,"AM",2021-10-08,"AM",0.7
"104",513,"6.001_d2_ge","A",2021-10-02,"AM",2021-10-14,"AM",1
"105",515,"6.013_d3_ge","A",2021-09-30,"AM",2021-10-04,"PM",0.3
"106",527,"6.011_d0_gn","A",2021-10-02,"AM",2021-10-08,"AM",0.7
"107",528,"6.004_d1_gn","A",2021-10-02,"AM",2021-10-07,"PM",1.2
"108",530,"6.010_d2_ge","A",2021-10-05,"PM",2021-10-09,"PM",0.9
"109",533,"6.008_d3_ge","A",2021-10-03,"AM",2021-10-07,"PM",0.5
"110",534,"6.008_d3_gn","A",2021-10-02,"AM",2021-10-12,"AM",0.1
"111",541,"6.006_d2_gn","A",2021-10-02,"AM",2021-10-06,"PM",0.4
"112",555,"6.004_d2_gn","A",2021-10-02,"AM",2021-10-08,"PM",0.6
"113",566,"6.015_d3_ge","A",2021-10-04,"PM",2021-10-10,"AM",1
"114",567,"6.008_d1_ge","A",2021-10-03,"AM",2021-10-11,"PM",1.2
"115",575,"6.002_d1_gn","A",2021-10-02,"AM",2021-10-08,"AM",1.1
"116",576,"6.001_d1_ge","A",2021-10-02,"AM",2021-10-06,"PM",0.5
"117",587,"6.008_d0_ge","A",2021-10-03,"AM",NA,NA,NA
"118",588,"6.007_d2_gn","A",2021-10-02,"AM",2021-10-08,"PM",0.7
"119",590,"6.004_d2_ge","A",2021-10-04,"PM",2021-10-09,"AM",0.4
"120",598,"6.004_d3_ge","A",2021-10-04,"PM",2021-10-09,"AM",0.6
"121",14,"6.002_d2_gn","B",2021-10-02,"AM",2021-10-08,"AM",0.4
"122",15,"6.005_d1_ge","B",2021-10-02,"AM",2021-10-07,"AM",0.6
"123",16,"6.001_d1_gn","B",2021-10-02,"AM",2021-10-07,"PM",0.5
"124",19,"6.005_d0_gn","B",2021-10-02,"AM",2021-10-07,"AM",0.4
"125",27,"6.003_d1_ge","B",2021-10-01,"AM",2021-10-05,"PM",0.6
"126",28,"6.007_d2_ge","B",2021-09-30,"AM",2021-10-05,"AM",0.2
"127",31,"6.009_d0_gn","B",2021-10-02,"AM",2021-10-07,"AM",0.7
"128",33,"6.010_d3_ge","B",2021-10-05,"PM",2021-10-11,"PM",0.4
"129",35,"6.010_d1_ge","B",2021-10-05,"PM",2021-10-10,"PM",0.6
"130",36,"6.003_d3_gn","B",2021-10-02,"AM",2021-10-09,"AM",0.6
"131",41,"6.013_d2_gn","B",2021-10-02,"AM",2021-10-08,"AM",0.4
"132",50,"6.001_d0_ge","B",2021-10-02,"AM",2021-10-07,"AM",0.8
"133",60,"6.013_d2_ge","B",2021-09-30,"AM",2021-10-04,"PM",0.1
"134",62,"6.007_d1_ge","B",2021-09-30,"AM",2021-10-06,"AM",0.5
"135",64,"6.007_d3_gn","B",2021-10-02,"AM",2021-10-08,"PM",1.2
"136",72,"6.007_d0_ge","B",2021-09-30,"AM",2021-10-08,"AM",0.2
"137",73,"6.002_d1_ge","B",2021-10-05,"PM",2021-10-10,"AM",0.4
"138",75,"6.015_d0_gn","B",2021-10-02,"AM",2021-10-07,"AM",0.5
"139",77,"6.001_d0_gn","B",2021-10-02,"AM",NA,NA,NA
"140",78,"6.009_d0_ge","B",2021-10-02,"AM",2021-10-07,"AM",0.4
"141",92,"6.005_d1_gn","B",2021-10-02,"AM",2021-10-07,"AM",0.2
"142",93,"6.003_d3_ge","U",2021-10-01,"AM",2021-10-06,"AM",0.6
"143",98,"6.003_d0_gn","B",2021-10-02,"AM",2021-10-08,"AM",0.7
"144",102,"6.015_d3_gn","B",2021-10-02,"AM",2021-10-07,"PM",0.6
"145",113,"6.014_d0_ge","B",2021-10-01,"AM",2021-10-06,"AM",0.3
"146",116,"6.003_d2_gn","B",2021-10-02,"AM",2021-10-08,"PM",0.4
"147",117,"6.013_d3_gn","B",2021-10-02,"AM",2021-10-07,"AM",0.5
"148",122,"6.006_d1_gn","B",2021-10-02,"AM",2021-10-08,"AM",0.5
"149",126,"6.001_d2_gn","B",2021-10-02,"AM",2021-10-08,"PM",0.6
"150",127,"6.011_d2_gn","B",2021-10-02,"AM",2021-10-07,"PM",0.6
"151",132,"6.009_d1_ge","B",2021-10-02,"AM",2021-10-07,"PM",1
"152",133,"6.012_d2_gn","B",2021-10-02,"AM",2021-10-11,"AM",0.6
"153",138,"6.008_d1_gn","B",2021-10-02,"AM",2021-10-08,"PM",0.4
"154",140,"6.015_d1_gn","B",2021-10-02,"AM",2021-10-07,"PM",0.6
"155",148,"6.009_d2_ge","B",2021-10-02,"AM",2021-10-06,"PM",0.6
"156",152,"6.007_d1_gn","B",2021-10-02,"AM",2021-10-07,"PM",0.7
"157",153,"6.002_d2_ge","B",2021-10-05,"PM",2021-10-12,"Am",1.1
"158",160,"6.011_d1_gn","B",2021-10-02,"AM",2021-10-07,"PM",0.4
"159",168,"6.010_d0_ge","B",2021-10-05,"PM",2021-10-11,"AM",0.6
"160",174,"6.012_d0_gn","B",2021-10-02,"AM",2021-10-07,"PM",0.5
"161",185,"6.015_d1_ge","B",2021-10-04,"PM",2021-10-09,"AM",0.6
"162",194,"6.004_d0_gn","B",2021-10-02,"AM",2021-10-08,"PM",0.6
"163",202,"6.006_d3_ge","B",2021-09-29,"AM",2021-10-04,"AM",1.7
"164",207,"6.009_d1_gn","B",2021-10-02,"AM",2021-10-07,"PM",1
"165",212,"6.010_d2_gn","B",2021-10-02,"AM",2021-10-07,"AM",0.3
"166",217,"6.014_d3_ge","B",2021-10-01,"AM",2021-10-06,"AM",0.9
"167",218,"6.002_d0_gn","B",2021-10-02,"AM",2021-10-07,"AM",0.3
"168",229,"6.012_d1_gn","B",2021-10-02,"AM",2021-10-07,"PM",0.9
"169",231,"6.006_d2_ge","B",2021-09-29,"AM",2021-10-04,"AM",0.5
"170",234,"6.015_d0_ge","B",2021-10-04,"PM",2021-10-10,"AM",0.8
"171",237,"6.014_d0_gn","B",2021-10-02,"AM",2021-10-07,"AM",0.8
"172",241,"6.009_d3_ge","B",2021-10-02,"AM",2021-10-07,"PM",1.4
"173",249,"6.010_d1_gn","B",2021-10-02,"AM",2021-10-07,"PM",0.6
"174",254,"6.004_d0_ge","B",2021-10-04,"PM",2021-10-10,"AM",1
"175",255,"6.005_d2_ge","B",2021-10-02,"AM",2021-10-11,"AM",0.1
"176",265,"6.003_d1_gn","B",2021-10-02,"AM",2021-10-08,"AM",0.9
"177",268,"6.002_d3_ge","B",2021-10-05,"PM",NA,NA,NA
"178",271,"6.005_d2_gn","B",2021-10-02,"AM",2021-10-08,"AM",0.8
"179",273,"6.006_d0_gn","B",2021-10-02,"AM",2021-10-07,"AM",0.6
"180",284,"6.014_d2_ge","B",2021-10-01,"AM",2021-10-06,"PM",0.1
"181",286,"6.003_d0_ge","B",2021-10-01,"AM",2021-10-07,"AM",0.6
"182",294,"6.006_d1_ge","B",2021-09-29,"AM",2021-10-08,"AM",1.1
"183",297,"6.005_d3_gn","B",2021-10-02,"AM",2021-10-08,"AM",0.7
"184",298,"6.012_d2_ge","B",2021-09-29,"AM",2021-10-05,"PM",0.2
"185",309,"6.009_d3_gn","B",2021-10-02,"AM",2021-10-08,"AM",0.9
"186",328,"6.002_d3_gn","B",2021-10-02,"AM",2021-10-07,"AM",0.9
"187",334,"6.015_d2_ge","B",2021-10-04,"PM",2021-10-09,"AM",0.4
"188",336,"6.002_d0_ge","B",2021-10-05,"PM",2021-10-09,"PM",0.2
"189",344,"6.012_d3_gn","B",2021-10-02,"AM",NA,NA,NA
"190",349,"6.005_d0_ge","B",2021-10-02,"AM",2021-10-08,"AM",0.3
"191",358,"6.008_d2_gn","B",2021-10-02,"AM",2021-10-08,"AM",0.1
"192",362,"6.011_d3_gn","B",2021-10-02,"AM",2021-10-07,"PM",0.7
"193",364,"6.014_d2_gn","B",2021-10-02,"AM",2021-10-08,"PM",0.3
"194",373,"6.001_d3_gn","B",2021-10-02,"AM",2021-10-08,"AM",0.9
"195",381,"6.011_d1_ge","B",2021-10-03,"AM",2021-10-09,"AM",0.5
"196",386,"6.006_d0_ge","B",2021-09-29,"AM",2021-10-04,"AM",1.6
"197",388,"6.001_d3_ge","B",2021-10-02,"AM",NA,NA,NA
"198",397,"6.011_d3_ge","B",2021-10-03,"AM",NA,NA,NA
"199",399,"6.008_d2_ge","B",2021-10-03,"AM",2021-10-10,"PM",1.1
"200",403,"6.013_d0_gn","B",2021-10-02,"AM",2021-10-07,"AM",0.6
"201",413,"6.006_d3_gn","B",2021-10-02,"AM",2021-10-07,"PM",0.4
"202",415,"6.015_d2_gn","B",2021-10-02,"AM",2021-10-09,"PM",0.1
"203",418,"6.007_d0_gn","B",2021-10-02,"AM",2021-10-07,"PM",0.8
"204",419,"6.010_d0_gn","B",2021-10-02,"AM",2021-10-11,"AM",0.3
"205",421,"6.014_d1_gn","B",2021-10-02,"AM",2021-10-08,"AM",0.7
"206",423,"6.013_d1_gn","B",2021-10-02,"AM",2021-10-09,"AM",0.6
"207",427,"6.014_d3_gn","B",2021-10-02,"AM",2021-10-10,"AM",0.4
"208",434,"6.011_d0_ge","B",2021-10-03,"AM",2021-10-07,"PM",0.2
"209",438,"6.004_d1_ge","B",2021-10-04,"PM",2021-10-09,"AM",0.6
"210",441,"6.010_d3_gn","B",2021-10-02,"AM",2021-10-07,"AM",0.4
"211",448,"6.012_d0_ge","B",2021-09-29,"AM",2021-10-04,"AM",1.3
"212",453,"6.012_d3_ge","B",2021-09-29,"AM",2021-10-04,"PM",0.8
"213",459,"6.008_d0_gn","B",2021-10-02,"AM",2021-10-08,"AM",0.5
"214",470,"6.012_d1_ge","B",2021-09-29,"AM",2021-10-04,"AM",0.8
"215",472,"6.003_d2_ge","B",2021-10-01,"AM",2021-10-06,"AM",0.7
"216",475,"6.009_d2_gn","B",2021-10-02,"AM",2021-10-07,"PM",0.7
"217",478,"6.007_d3_ge","B",2021-09-30,"AM",2021-10-06,"AM",1.2
"218",480,"6.013_d1_ge","B",2021-09-30,"AM",2021-10-04,"PM",1
"219",482,"6.014_d1_ge","B",2021-10-01,"AM",2021-10-06,"PM",0.5
"220",484,"6.005_d3_ge","B",2021-10-02,"AM",2021-10-08,"AM",1.5
"221",488,"6.013_d0_ge","B",2021-09-30,"AM",2021-10-05,"AM",1.1
"222",502,"6.004_d3_gn","B",2021-10-02,"AM",2021-10-07,"PM",1
"223",504,"6.011_d2_ge","B",2021-10-03,"AM",2021-10-07,"PM",0.7
"224",513,"6.001_d2_ge","B",2021-10-02,"AM",2021-10-07,"PM",0.9
"225",515,"6.013_d3_ge","B",2021-09-30,"AM",2021-10-07,"PM",0.5
"226",527,"6.011_d0_gn","B",2021-10-02,"AM",2021-10-07,"PM",0.6
"227",528,"6.004_d1_gn","B",2021-10-02,"AM",2021-10-07,"PM",0.6
"228",530,"6.010_d2_ge","B",2021-10-05,"PM",2021-10-10,"PM",0.4
"229",533,"6.008_d3_ge","B",2021-10-03,"AM",2021-10-08,"PM",1.1
"230",534,"6.008_d3_gn","B",2021-10-02,"AM",2021-10-07,"PM",0.6
"231",541,"6.006_d2_gn","B",2021-10-02,"AM",2021-10-07,"AM",0.6
"232",555,"6.004_d2_gn","B",2021-10-02,"AM",2021-10-07,"AM",0.4
"233",566,"6.015_d3_ge","B",2021-10-04,"PM",2021-10-14,"AM",0.6
"234",567,"6.008_d1_ge","B",2021-10-03,"AM",2021-10-07,"PM",0.3
"235",575,"6.002_d1_gn","B",2021-10-02,"AM",2021-10-08,"AM",0.3
"236",576,"6.001_d1_ge","B",2021-10-02,"AM",2021-10-08,"AM",0.2
"237",587,"6.008_d0_ge","B",2021-10-03,"AM",2021-10-08,"PM",0.1
"238",588,"6.007_d2_gn","B",2021-10-02,"AM",2021-10-08,"AM",0.9
"239",590,"6.004_d2_ge","B",2021-10-04,"PM",2021-10-09,"AM",0.5
"240",598,"6.004_d3_ge","B",2021-10-04,"PM",2021-10-09,"AM",0.1
