repID,seed weight (mg)
3.001A_d0_gn,2.89
3.002A_d0_gn,2.505
3.003A_d0_gn,2.504
3.004A_d0_gn,2.955
3.005A_d0_gn,2.267
3.006A_d0_gn,3.025
3.007A_d0_gn,2.509
3.008A_d0_gn,2.817
3.009A_d0_gn,2.457
3.010A_d0_gn,2.457
3.011A_d0_gn,2.399
3.012A_d0_gn,2.691
3.013A_d0_gn,2.557
3.014A_d0_gn,2.391
3.015A_d0_gn,2.919
3.001B_d0_gn,3.059
3.002B_d0_gn,2.564
3.003B_d0_gn,2.401
3.004B_d0_gn,2.573
3.005B_d0_gn,2.552
3.006B_d0_gn,2.15
3.007B_d0_gn,2.17
3.008B_d0_gn,2.654
3.009B_d0_gn,2.981
3.010B_d0_gn,2.502
3.011B_d0_gn,2.588
3.012B_d0_gn,2.548
3.013B_d0_gn,2.754
3.014B_d0_gn,2.886
3.015B_d0_gn,2.599
3.001A_d1_gn,2.778
3.002A_d1_gn,2.341
3.003A_d1_gn,2.845
3.004A_d1_gn,2.28
3.005A_d1_gn,2.761
3.006A_d1_gn,2.9
3.007A_d1_gn,2.459
3.008A_d1_gn,3.074
3.009A_d1_gn,2.729
3.010A_d1_gn,2.324
3.011A_d1_gn,3.086
3.012A_d1_gn,2.665
3.013A_d1_gn,2.518
3.014A_d1_gn,2.459
3.015A_d1_gn,2.23
3.001B_d1_gn,2.539
3.002B_d1_gn,2.616
3.003B_d1_gn,2.947
3.004B_d1_gn,2.359
3.005B_d1_gn,2.245
3.006B_d1_gn,2.67
3.007B_d1_gn,3.14
3.008B_d1_gn,2.526
3.009B_d1_gn,2.494
3.010B_d1_gn,3.079
3.011B_d1_gn,2.542
3.012B_d1_gn,2.602
3.013B_d1_gn,2.464
3.014B_d1_gn,2.597
3.015B_d1_gn,2.827
3.001A_d2_gn,2.417
3.002A_d2_gn,3.203
3.003A_d2_gn,3.084
3.004A_d2_gn,2.524
3.005A_d2_gn,2.472
3.006A_d2_gn,1.961
3.007A_d2_gn,2.577
3.008A_d2_gn,2.749
3.009A_d2_gn,2.421
3.010A_d2_gn,2.646
3.011A_d2_gn,3.486
3.012A_d2_gn,2.821
3.013A_d2_gn,3.031
3.014A_d2_gn,2.769
3.015A_d2_gn,2.675
3.001B_d2_gn,2.57
3.002B_d2_gn,2.511
3.003B_d2_gn,1.877
3.004B_d2_gn,2.621
3.005B_d2_gn,2.642
3.006B_d2_gn,2.644
3.007B_d2_gn,1.893
3.008B_d2_gn,2.236
3.009B_d2_gn,2.837
3.010B_d2_gn,2.675
3.011B_d2_gn,2.206
3.012B_d2_gn,2.622
3.013B_d2_gn,2.923
3.014B_d2_gn,2.629
3.015B_d2_gn,3.067
3.001A_d3_gn,2.726
3.002A_d3_gn,2.919
3.003A_d3_gn,3.238
3.004A_d3_gn,2.907
3.005A_d3_gn,2.593
3.006A_d3_gn,1.989
3.007A_d3_gn,3.041
3.008A_d3_gn,2.212
3.009A_d3_gn,2.755
3.010A_d3_gn,2.309
3.011A_d3_gn,2.844
3.012A_d3_gn,2.204
3.013A_d3_gn,1.976
3.014A_d3_gn,2.888
3.015A_d3_gn,2.622
3.001B_d3_gn,2.652
3.002B_d3_gn,2.541
3.003B_d3_gn,2.523
3.004B_d3_gn,2.558
3.005B_d3_gn,2.664
3.006B_d3_gn,2.639
3.007B_d3_gn,2.576
3.008B_d3_gn,2.74
3.009B_d3_gn,2.571
3.010B_d3_gn,2.827
3.011B_d3_gn,2.636
3.012B_d3_gn,2.583
3.013B_d3_gn,2.853
3.014B_d3_gn,2.945
3.015B_d3_gn,2.432
3.001A_d0_ge,3.172
3.002A_d0_ge,2.62
3.003A_d0_ge,2.881
3.004A_d0_ge,2.594
3.005A_d0_ge,2.925
3.006A_d0_ge,2.168
3.007A_d0_ge,2.497
3.008A_d0_ge,3.106
3.009A_d0_ge,2.763
3.010A_d0_ge,2.893
3.011A_d0_ge,2.531
3.012A_d0_ge,2.729
3.013A_d0_ge,2.416
3.014A_d0_ge,2.3
3.015A_d0_ge,3.07
3.001B_d0_ge,3.17
3.002B_d0_ge,2.608
3.003B_d0_ge,2.664
3.004B_d0_ge,2.255
3.005B_d0_ge,2.473
3.006B_d0_ge,3.756
3.007B_d0_ge,2.745
3.008B_d0_ge,3.126
3.009B_d0_ge,2.388
3.010B_d0_ge,2.678
3.011B_d0_ge,2.45
3.012B_d0_ge,2.629
3.013B_d0_ge,2.735
3.014B_d0_ge,2.441
3.015B_d0_ge,2.729
3.001A_d1_ge,3.341
3.002A_d1_ge,2.402
3.003A_d1_ge,2.511
3.004A_d1_ge,2.685
3.005A_d1_ge,2.884
3.006A_d1_ge,2.466
3.007A_d1_ge,2.462
3.008A_d1_ge,2.942
3.009A_d1_ge,2.681
3.010A_d1_ge,2.698
3.011A_d1_ge,2.113
3.012A_d1_ge,2.303
3.013A_d1_ge,2.193
3.014A_d1_ge,2.713
3.015A_d1_ge,2.362
3.001B_d1_ge,2.353
3.002B_d1_ge,2.943
3.003B_d1_ge,2.8
3.004B_d1_ge,2.196
3.005B_d1_ge,2.367
3.006B_d1_ge,2.517
3.007B_d1_ge,2.942
3.008B_d1_ge,2.523
3.009B_d1_ge,2.532
3.010B_d1_ge,2.845
3.011B_d1_ge,2.662
3.012B_d1_ge,2.411
3.013B_d1_ge,2.903
3.014B_d1_ge,2.703
3.015B_d1_ge,2.362
3.001A_d2_ge,2.264
3.002A_d2_ge,2.47
3.003A_d2_ge,2.314
3.004A_d2_ge,2.071
3.005A_d2_ge,2.525
3.006A_d2_ge,3.076
3.007A_d2_ge,3.087
3.008A_d2_ge,2.676
3.009A_d2_ge,2.496
3.010A_d2_ge,2.723
3.011A_d2_ge,2.339
3.012A_d2_ge,2.728
3.013A_d2_ge,2.371
3.014A_d2_ge,3.236
3.015A_d2_ge,2.706
3.001B_d2_ge,2.61
3.002B_d2_ge,2.705
3.003B_d2_ge,2.52
3.004B_d2_ge,1.978
3.005B_d2_ge,2.026
3.006B_d2_ge,2.257
3.007B_d2_ge,2.426
3.008B_d2_ge,2.379
3.009B_d2_ge,2.907
3.010B_d2_ge,2.285
3.011B_d2_ge,2.895
3.012B_d2_ge,3.061
3.013B_d2_ge,1.938
3.014B_d2_ge,2.924
3.015B_d2_ge,2.205
3.001A_d3_ge,2.243
3.002A_d3_ge,2.59
3.003A_d3_ge,2.708
3.004A_d3_ge,2.374
3.005A_d3_ge,2.683
3.006A_d3_ge,2.695
3.007A_d3_ge,2.683
3.008A_d3_ge,2.576
3.009A_d3_ge,2.59
3.010A_d3_ge,2.046
3.011A_d3_ge,2.719
3.012A_d3_ge,2.563
3.013A_d3_ge,2.551
3.014A_d3_ge,2.61
3.015A_d3_ge,2.241
3.001B_d3_ge,2.885
3.002B_d3_ge,2.418
3.003B_d3_ge,2.373
3.004B_d3_ge,2.694
3.005B_d3_ge,2.219
3.006B_d3_ge,2.781
3.007B_d3_ge,2.655
3.008B_d3_ge,2.617
3.009B_d3_ge,2.366
3.010B_d3_ge,2.609
3.011B_d3_ge,2.174
3.012B_d3_ge,2.787
3.013B_d3_ge,2.45
3.014B_d3_ge,2.411
3.015B_d3_ge,2.565
6.001A_d0_gn,3.883
6.002A_d0_gn,3.353
6.003A_d0_gn,3.453
6.004A_d0_gn,3.513
6.005A_d0_gn,3.692
6.006A_d0_gn,3.704
6.007A_d0_gn,3.753
6.008A_d0_gn,4.127
6.009A_d0_gn,3.27
6.010A_d0_gn,2.835
6.011A_d0_gn,4.086
6.012A_d0_gn,3.898
6.013A_d0_gn,4.035
6.014A_d0_gn,4.049
6.015A_d0_gn,3.444
6.001B_d0_gn,3.895
6.002B_d0_gn,3.217
6.003B_d0_gn,4.078
6.004B_d0_gn,3.044
6.005B_d0_gn,3.346
6.006B_d0_gn,3.471
6.007B_d0_gn,3.754
6.008B_d0_gn,3.423
6.009B_d0_gn,3.938
6.010B_d0_gn,3.121
6.011B_d0_gn,3.343
6.012B_d0_gn,4.552
6.013B_d0_gn,3.69
6.014B_d0_gn,3.562
6.015B_d0_gn,3.931
6.001A_d1_gn,3.389
6.002A_d1_gn,4.035
6.003A_d1_gn,3.884
6.004A_d1_gn,3.871
6.005A_d1_gn,4.169
6.006A_d1_gn,3.144
6.007A_d1_gn,3.508
6.008A_d1_gn,2.764
6.009A_d1_gn,3.839
6.010A_d1_gn,3.742
6.011A_d1_gn,3.331
6.012A_d1_gn,3.277
6.013A_d1_gn,3.755
6.014A_d1_gn,3.521
6.015A_d1_gn,4.37
6.001B_d1_gn,3.852
6.002B_d1_gn,3.276
6.003B_d1_gn,3.333
6.004B_d1_gn,4.01
6.005B_d1_gn,3.69
6.006B_d1_gn,4.128
6.007B_d1_gn,3.285
6.008B_d1_gn,3.527
6.009B_d1_gn,3.999
6.010B_d1_gn,3.302
6.011B_d1_gn,3.58
6.012B_d1_gn,3.556
6.013B_d1_gn,3.297
6.014B_d1_gn,2.678
6.015B_d1_gn,3.447
6.001A_d2_gn,3.035
6.002A_d2_gn,3.478
6.003A_d2_gn,3.424
6.004A_d2_gn,3.165
6.005A_d2_gn,3.822
6.006A_d2_gn,3.454
6.007A_d2_gn,3.862
6.008A_d2_gn,3.838
6.009A_d2_gn,4.008
6.010A_d2_gn,3.945
6.011A_d2_gn,3.331
6.012A_d2_gn,3.305
6.013A_d2_gn,3.058
6.014A_d2_gn,4.148
6.015A_d2_gn,3.781
6.001B_d2_gn,3.514
6.002B_d2_gn,3.68
6.003B_d2_gn,3.443
6.004B_d2_gn,3.242
6.005B_d2_gn,2.961
6.006B_d2_gn,3.621
6.007B_d2_gn,3.877
6.008B_d2_gn,3.28
6.009B_d2_gn,3.833
6.010B_d2_gn,3.906
6.011B_d2_gn,3.669
6.012B_d2_gn,2.721
6.013B_d2_gn,2.98
6.014B_d2_gn,3.729
6.015B_d2_gn,2.86
6.001A_d3_gn,2.998
6.002A_d3_gn,3.94
6.003A_d3_gn,3.118
6.004A_d3_gn,3.399
6.005A_d3_gn,3.451
6.006A_d3_gn,3.09
6.007A_d3_gn,3.625
6.008A_d3_gn,4.724
6.009A_d3_gn,3.801
6.010A_d3_gn,4.029
6.011A_d3_gn,3.003
6.012A_d3_gn,2.932
6.013A_d3_gn,3.531
6.014A_d3_gn,3.514
6.015A_d3_gn,4.141
6.001B_d3_gn,3.922
6.002B_d3_gn,3.366
6.003B_d3_gn,4.247
6.004B_d3_gn,4.435
6.005B_d3_gn,3.679
6.006B_d3_gn,3.599
6.007B_d3_gn,3.713
6.008B_d3_gn,3.796
6.009B_d3_gn,3.648
6.010B_d3_gn,3.578
6.011B_d3_gn,3.537
6.012B_d3_gn,2.837
6.013B_d3_gn,3.19
6.014B_d3_gn,2.982
6.015B_d3_gn,3.762
6.001A_d0_ge,3.562
6.002A_d0_ge,3.188
6.003A_d0_ge,3.233
6.004A_d0_ge,2.907
6.005A_d0_ge,3.701
6.006A_d0_ge,3.464
6.007A_d0_ge,2.981
6.008A_d0_ge,2.888
6.009A_d0_ge,2.52
6.010A_d0_ge,3.418
6.011A_d0_ge,3.898
6.012A_d0_ge,3.458
6.013A_d0_ge,2.834
6.014A_d0_ge,3.809
6.015A_d0_ge,3.894
6.001B_d0_ge,4.058
6.002B_d0_ge,3.644
6.003B_d0_ge,3.519
6.004B_d0_ge,3.805
6.005B_d0_ge,3.053
6.006B_d0_ge,3.667
6.007B_d0_ge,3.78
6.008B_d0_ge,3.154
6.009B_d0_ge,3.885
6.010B_d0_ge,2.996
6.011B_d0_ge,3.637
6.012B_d0_ge,3.449
6.013B_d0_ge,3.09
6.014B_d0_ge,4.303
6.015B_d0_ge,4.257
6.001A_d1_ge,2.774
6.002A_d1_ge,3.091
6.003A_d1_ge,2.661
6.004A_d1_ge,2.981
6.005A_d1_ge,3.259
6.006A_d1_ge,3.3
6.007A_d1_ge,2.522
6.008A_d1_ge,2.827
6.009A_d1_ge,3.785
6.010A_d1_ge,3.689
6.011A_d1_ge,2.922
6.012A_d1_ge,3.275
6.013A_d1_ge,3.619
6.014A_d1_ge,2.95
6.015A_d1_ge,3.87
6.001B_d1_ge,3.003
6.002B_d1_ge,3.177
6.003B_d1_ge,3.189
6.004B_d1_ge,3.549
6.005B_d1_ge,3.864
6.006B_d1_ge,2.717
6.007B_d1_ge,3.49
6.008B_d1_ge,4.093
6.009B_d1_ge,3.479
6.010B_d1_ge,4.12
6.011B_d1_ge,3.761
6.012B_d1_ge,3.863
6.013B_d1_ge,3.128
6.014B_d1_ge,4.096
6.015B_d1_ge,3.931
6.001A_d2_ge,3.456
6.002A_d2_ge,3.628
6.003A_d2_ge,3.281
6.004A_d2_ge,3.744
6.005A_d2_ge,2.956
6.006A_d2_ge,3.596
6.007A_d2_ge,3.125
6.008A_d2_ge,3.54
6.009A_d2_ge,3.521
6.010A_d2_ge,3.572
6.011A_d2_ge,3.84
6.012A_d2_ge,3.21
6.013A_d2_ge,3.323
6.014A_d2_ge,3.729
6.015A_d2_ge,2.979
6.001B_d2_ge,3.816
6.002B_d2_ge,3.193
6.003B_d2_ge,4.038
6.004B_d2_ge,3.655
6.005B_d2_ge,3.067
6.006B_d2_ge,4.01
6.007B_d2_ge,2.923
6.008B_d2_ge,3.354
6.009B_d2_ge,3.131
6.010B_d2_ge,3.7
6.011B_d2_ge,3.899
6.012B_d2_ge,3.231
6.013B_d2_ge,3.447
6.014B_d2_ge,3.087
6.015B_d2_ge,3.805
6.001A_d3_ge,3.444
6.002A_d3_ge,3.951
6.003A_d3_ge,3.213
6.004A_d3_ge,3.389
6.005A_d3_ge,3.745
6.006A_d3_ge,3.205
6.007A_d3_ge,3.837
6.008A_d3_ge,3.179
6.009A_d3_ge,3.038
6.010A_d3_ge,3.418
6.011A_d3_ge,3.344
6.012A_d3_ge,3.051
6.013A_d3_ge,3.062
6.014A_d3_ge,3.789
6.015A_d3_ge,3.345
6.001B_d3_ge,3.485
6.002B_d3_ge,2.677
6.003B_d3_ge,3.114
6.004B_d3_ge,3.536
6.005B_d3_ge,3.557
6.006B_d3_ge,3.019
6.007B_d3_ge,3.455
6.008B_d3_ge,3.547
6.009B_d3_ge,3.485
6.010B_d3_ge,3.427
6.011B_d3_ge,2.44
6.012B_d3_ge,3.738
6.013B_d3_ge,4.12
6.014B_d3_ge,2.945
6.015B_d3_ge,3.009
13.001A_d0_gn,3.809
13.002A_d0_gn,4.064
13.003A_d0_gn,3.912
13.004A_d0_gn,3.973
13.005A_d0_gn,3.556
13.006A_d0_gn,3.28
13.007A_d0_gn,3.564
13.008A_d0_gn,3.606
13.009A_d0_gn,3.738
13.010A_d0_gn,3.66
13.011A_d0_gn,3.283
13.012A_d0_gn,4.201
13.013A_d0_gn,3.143
13.014A_d0_gn,2.856
13.015A_d0_gn,2.882
13.001B_d0_gn,3.609
13.002B_d0_gn,3.096
13.003B_d0_gn,2.532
13.004B_d0_gn,3.177
13.005B_d0_gn,3.291
13.006B_d0_gn,3.878
13.007B_d0_gn,3.89
13.008B_d0_gn,3.396
13.009B_d0_gn,3.084
13.010B_d0_gn,3.452
13.011B_d0_gn,3.094
13.012B_d0_gn,2.712
13.013B_d0_gn,3.221
13.014B_d0_gn,3.877
13.015B_d0_gn,3.268
13.001A_d1_gn,3.503
13.002A_d1_gn,3.941
13.003A_d1_gn,3.208
13.004A_d1_gn,3.177
13.005A_d1_gn,3.746
13.006A_d1_gn,2.923
13.007A_d1_gn,3.535
13.008A_d1_gn,2.638
13.009A_d1_gn,3.693
13.010A_d1_gn,3.192
13.011A_d1_gn,2.728
13.012A_d1_gn,4.036
13.013A_d1_gn,3.462
13.014A_d1_gn,3.856
13.015A_d1_gn,3.273
13.001B_d1_gn,2.977
13.002B_d1_gn,3.566
13.003B_d1_gn,2.874
13.004B_d1_gn,3.391
13.005B_d1_gn,3.058
13.006B_d1_gn,3.93
13.007B_d1_gn,2.864
13.008B_d1_gn,3.558
13.009B_d1_gn,3.449
13.010B_d1_gn,3.333
13.011B_d1_gn,3.42
13.012B_d1_gn,3.529
13.013B_d1_gn,2.735
13.014B_d1_gn,3.145
13.015B_d1_gn,3.455
13.001A_d2_gn,2.468
13.002A_d2_gn,3.243
13.003A_d2_gn,3.572
13.004A_d2_gn,3.053
13.005A_d2_gn,3.37
13.006A_d2_gn,3.391
13.007A_d2_gn,3.552
13.008A_d2_gn,4.229
13.009A_d2_gn,3.072
13.010A_d2_gn,2.009
13.011A_d2_gn,2.949
13.012A_d2_gn,3.549
13.013A_d2_gn,3.441
13.014A_d2_gn,2.534
13.015A_d2_gn,3.705
13.001B_d2_gn,3.199
13.002B_d2_gn,2.867
13.003B_d2_gn,3.401
13.004B_d2_gn,3.581
13.005B_d2_gn,2.611
13.006B_d2_gn,3.849
13.007B_d2_gn,3.793
13.008B_d2_gn,3.255
13.009B_d2_gn,2.911
13.010B_d2_gn,3.339
13.011B_d2_gn,4.09
13.012B_d2_gn,3.346
13.013B_d2_gn,3.864
13.014B_d2_gn,3.632
13.015B_d2_gn,3.646
13.001A_d3_gn,3.146
13.002A_d3_gn,3.518
13.003A_d3_gn,3.211
13.004A_d3_gn,3.741
13.005A_d3_gn,3.108
13.006A_d3_gn,2.468
13.007A_d3_gn,3.928
13.008A_d3_gn,2.437
13.009A_d3_gn,2.304
13.010A_d3_gn,3.792
13.011A_d3_gn,3.804
13.012A_d3_gn,3.3
13.013A_d3_gn,3.334
13.014A_d3_gn,3.111
13.015A_d3_gn,4.168
13.001B_d3_gn,3.096
13.002B_d3_gn,3.708
13.003B_d3_gn,3.648
13.004B_d3_gn,3.746
13.005B_d3_gn,3.062
13.006B_d3_gn,2.962
13.007B_d3_gn,3.449
13.008B_d3_gn,3.264
13.009B_d3_gn,2.758
13.010B_d3_gn,3.331
13.011B_d3_gn,3.971
13.012B_d3_gn,3.586
13.013B_d3_gn,4.249
13.014B_d3_gn,3.125
13.015B_d3_gn,3.817
13.001A_d0_ge,4.047
13.002A_d0_ge,3.057
13.003A_d0_ge,3.499
13.004A_d0_ge,3.818
13.005A_d0_ge,3.592
13.006A_d0_ge,2.938
13.007A_d0_ge,2.611
13.008A_d0_ge,2.687
13.009A_d0_ge,3.724
13.010A_d0_ge,3.354
13.011A_d0_ge,2.733
13.012A_d0_ge,3.775
13.013A_d0_ge,3.954
13.014A_d0_ge,3.668
13.015A_d0_ge,3.004
13.001B_d0_ge,3.893
13.002B_d0_ge,4.183
13.003B_d0_ge,3.331
13.004B_d0_ge,3.427
13.005B_d0_ge,3.911
13.006B_d0_ge,4.014
13.007B_d0_ge,3.399
13.008B_d0_ge,3.924
13.009B_d0_ge,3.168
13.010B_d0_ge,3.848
13.011B_d0_ge,3.478
13.012B_d0_ge,4.028
13.013B_d0_ge,2.836
13.014B_d0_ge,3.47
13.015B_d0_ge,2.863
13.001A_d1_ge,2.347
13.002A_d1_ge,3.54
13.003A_d1_ge,3.113
13.004A_d1_ge,3.746
13.005A_d1_ge,3.013
13.006A_d1_ge,2.994
13.007A_d1_ge,2.897
13.008A_d1_ge,4.106
13.009A_d1_ge,3.593
13.010A_d1_ge,3.816
13.011A_d1_ge,3.32
13.012A_d1_ge,3.486
13.013A_d1_ge,3.952
13.014A_d1_ge,3.564
13.015A_d1_ge,3.248
13.001B_d1_ge,3.882
13.002B_d1_ge,3.216
13.003B_d1_ge,4.047
13.004B_d1_ge,3.188
13.005B_d1_ge,3.349
13.006B_d1_ge,3.381
13.007B_d1_ge,2.406
13.008B_d1_ge,3.215
13.009B_d1_ge,3.533
13.010B_d1_ge,3.724
13.011B_d1_ge,3.281
13.012B_d1_ge,3.804
13.013B_d1_ge,3.458
13.014B_d1_ge,2.858
13.015B_d1_ge,3.026
13.001A_d2_ge,2.966
13.002A_d2_ge,3.521
13.003A_d2_ge,3.039
13.004A_d2_ge,3.641
13.005A_d2_ge,3.709
13.006A_d2_ge,3.609
13.007A_d2_ge,3.664
13.008A_d2_ge,3.09
13.009A_d2_ge,3.725
13.010A_d2_ge,3.615
13.011A_d2_ge,3.467
13.012A_d2_ge,3.223
13.013A_d2_ge,3.382
13.014A_d2_ge,3.39
13.015A_d2_ge,3.327
13.001B_d2_ge,3.073
13.002B_d2_ge,3.287
13.003B_d2_ge,3.824
13.004B_d2_ge,4.087
13.005B_d2_ge,2.537
13.006B_d2_ge,3.343
13.007B_d2_ge,3.6
13.008B_d2_ge,3.548
13.009B_d2_ge,3.342
13.010B_d2_ge,3.196
13.011B_d2_ge,2.999
13.012B_d2_ge,3.578
13.013B_d2_ge,3.72
13.014B_d2_ge,3.528
13.015B_d2_ge,2.137
13.001A_d3_ge,3.543
13.002A_d3_ge,3.334
13.003A_d3_ge,3.527
13.004A_d3_ge,3.167
13.005A_d3_ge,3.417
13.006A_d3_ge,3.453
13.007A_d3_ge,3.134
13.008A_d3_ge,2.606
13.009A_d3_ge,2.972
13.010A_d3_ge,2.256
13.011A_d3_ge,4.011
13.012A_d3_ge,3.757
13.013A_d3_ge,3.905
13.014A_d3_ge,3.705
13.015A_d3_ge,3.364
13.001B_d3_ge,3.806
13.002B_d3_ge,3.327
13.003B_d3_ge,3.626
13.004B_d3_ge,3.078
13.005B_d3_ge,2.237
13.006B_d3_ge,3.219
13.007B_d3_ge,3.392
13.008B_d3_ge,3.376
13.009B_d3_ge,3.488
13.010B_d3_ge,4.047
13.011B_d3_ge,3.283
13.012B_d3_ge,3.496
13.013B_d3_ge,3.059
13.014B_d3_ge,3.156
13.015B_d3_ge,3.468
15.001A_d0_gn,3.12
15.002A_d0_gn,2.792
15.003A_d0_gn,3.268
15.004A_d0_gn,2.208
15.005A_d0_gn,2.571
15.006A_d0_gn,2.962
15.007A_d0_gn,2.815
15.008A_d0_gn,2.59
15.009A_d0_gn,2.469
15.010A_d0_gn,2.765
15.011A_d0_gn,3.033
15.012A_d0_gn,2.201
15.013A_d0_gn,2.05
15.014A_d0_gn,2.219
15.015A_d0_gn,2.662
15.001B_d0_gn,2.919
15.002B_d0_gn,2.474
15.003B_d0_gn,2.876
15.004B_d0_gn,2.858
15.005B_d0_gn,3.014
15.006B_d0_gn,2.791
15.007B_d0_gn,1.966
15.008B_d0_gn,3.084
15.009B_d0_gn,3.02
15.010B_d0_gn,2.66
15.011B_d0_gn,2.792
15.012B_d0_gn,2.322
15.013B_d0_gn,2.384
15.014B_d0_gn,2.752
15.015B_d0_gn,3.021
15.001A_d1_gn,2.701
15.002A_d1_gn,3.24
15.003A_d1_gn,2.786
15.004A_d1_gn,3.012
15.005A_d1_gn,3.273
15.006A_d1_gn,2.97
15.007A_d1_gn,2.198
15.008A_d1_gn,2.554
15.009A_d1_gn,2.24
15.010A_d1_gn,2.589
15.011A_d1_gn,2.516
15.012A_d1_gn,2.691
15.013A_d1_gn,2.459
15.014A_d1_gn,2.584
15.015A_d1_gn,2.556
15.001B_d1_gn,2.245
15.002B_d1_gn,2.644
15.003B_d1_gn,2.849
15.004B_d1_gn,2.164
15.005B_d1_gn,1.777
15.006B_d1_gn,2.929
15.007B_d1_gn,2.29
15.008B_d1_gn,2.437
15.009B_d1_gn,2.665
15.010B_d1_gn,3.051
15.011B_d1_gn,2.429
15.012B_d1_gn,2.64
15.013B_d1_gn,2.43
15.014B_d1_gn,2.27
15.015B_d1_gn,1.985
15.001A_d2_gn,2.614
15.002A_d2_gn,2.951
15.003A_d2_gn,2.62
15.004A_d2_gn,2.129
15.005A_d2_gn,3.555
15.006A_d2_gn,2.881
15.007A_d2_gn,2.451
15.008A_d2_gn,2.879
15.009A_d2_gn,1.789
15.010A_d2_gn,2.856
15.011A_d2_gn,2.955
15.012A_d2_gn,3.1
15.013A_d2_gn,2.828
15.014A_d2_gn,2.84
15.015A_d2_gn,3.014
15.001B_d2_gn,2.873
15.002B_d2_gn,2.646
15.003B_d2_gn,2.946
15.004B_d2_gn,2.772
15.005B_d2_gn,2.688
15.006B_d2_gn,2.302
15.007B_d2_gn,2.577
15.008B_d2_gn,2.707
15.009B_d2_gn,2.339
15.010B_d2_gn,2.591
15.011B_d2_gn,2.354
15.012B_d2_gn,3.039
15.013B_d2_gn,2.36
15.014B_d2_gn,3.212
15.015B_d2_gn,2.842
15.001A_d3_gn,2.806
15.002A_d3_gn,2.154
15.003A_d3_gn,2.924
15.004A_d3_gn,2.22
15.005A_d3_gn,2.436
15.006A_d3_gn,2.351
15.007A_d3_gn,2.666
15.008A_d3_gn,2.866
15.009A_d3_gn,2.785
15.010A_d3_gn,2.723
15.011A_d3_gn,2.55
15.012A_d3_gn,2.458
15.013A_d3_gn,2.607
15.014A_d3_gn,3.1
15.015A_d3_gn,2.6
15.001B_d3_gn,2.978
15.002B_d3_gn,2.681
15.003B_d3_gn,2.598
15.004B_d3_gn,2.734
15.005B_d3_gn,2.426
15.006B_d3_gn,2.703
15.007B_d3_gn,1.86
15.008B_d3_gn,2.472
15.009B_d3_gn,2.978
15.010B_d3_gn,2.123
15.011B_d3_gn,2.319
15.012B_d3_gn,2.522
15.013B_d3_gn,2.643
15.014B_d3_gn,3.184
15.015B_d3_gn,2.061
15.001A_d0_ge,2.924
15.002A_d0_ge,2.291
15.003A_d0_ge,2.107
15.004A_d0_ge,2.09
15.005A_d0_ge,3.279
15.006A_d0_ge,2.616
15.007A_d0_ge,2.234
15.008A_d0_ge,2.829
15.009A_d0_ge,2.746
15.010A_d0_ge,2.536
15.011A_d0_ge,2.171
15.012A_d0_ge,2.623
15.013A_d0_ge,2.379
15.014A_d0_ge,2.227
15.015A_d0_ge,2.65
15.001B_d0_ge,2.311
15.002B_d0_ge,2.192
15.003B_d0_ge,2.7
15.004B_d0_ge,2.342
15.005B_d0_ge,2.694
15.006B_d0_ge,2.146
15.007B_d0_ge,2.982
15.008B_d0_ge,2.076
15.009B_d0_ge,2.358
15.010B_d0_ge,1.651
15.011B_d0_ge,2.35
15.012B_d0_ge,2.917
15.013B_d0_ge,2.451
15.014B_d0_ge,2.739
15.015B_d0_ge,2.622
15.001A_d1_ge,2.338
15.002A_d1_ge,3.18
15.003A_d1_ge,2.466
15.004A_d1_ge,2.171
15.005A_d1_ge,2.78
15.006A_d1_ge,2.953
15.007A_d1_ge,2.222
15.008A_d1_ge,3.033
15.009A_d1_ge,2.919
15.010A_d1_ge,2.837
15.011A_d1_ge,2.763
15.012A_d1_ge,2.565
15.013A_d1_ge,2.423
15.014A_d1_ge,2.885
15.015A_d1_ge,2.334
15.001B_d1_ge,2.788
15.002B_d1_ge,2.552
15.003B_d1_ge,2.769
15.004B_d1_ge,1.885
15.005B_d1_ge,2.197
15.006B_d1_ge,2.433
15.007B_d1_ge,2.492
15.008B_d1_ge,2.131
15.009B_d1_ge,2.833
15.010B_d1_ge,3.173
15.011B_d1_ge,2.453
15.012B_d1_ge,1.774
15.013B_d1_ge,2.534
15.014B_d1_ge,2.312
15.015B_d1_ge,2.739
15.001A_d2_ge,2.657
15.002A_d2_ge,2.215
15.003A_d2_ge,3.142
15.004A_d2_ge,3.068
15.005A_d2_ge,1.623
15.006A_d2_ge,3.027
15.007A_d2_ge,2.831
15.008A_d2_ge,2.631
15.009A_d2_ge,2.599
15.010A_d2_ge,2.217
15.011A_d2_ge,1.816
15.012A_d2_ge,2.925
15.013A_d2_ge,2.605
15.014A_d2_ge,3.201
15.015A_d2_ge,3.019
15.001B_d2_ge,2.518
15.002B_d2_ge,2.115
15.003B_d2_ge,2.564
15.004B_d2_ge,2.807
15.005B_d2_ge,2.965
15.006B_d2_ge,2.338
15.007B_d2_ge,3.269
15.008B_d2_ge,2.938
15.009B_d2_ge,2.876
15.010B_d2_ge,2.305
15.011B_d2_ge,3.365
15.012B_d2_ge,2.365
15.013B_d2_ge,2.366
15.014B_d2_ge,2.558
15.015B_d2_ge,1.748
15.001A_d3_ge,2.553
15.002A_d3_ge,2.436
15.003A_d3_ge,2.229
15.004A_d3_ge,2.446
15.005A_d3_ge,2.383
15.006A_d3_ge,2.021
15.007A_d3_ge,2.928
15.008A_d3_ge,2.16
15.009A_d3_ge,2.342
15.010A_d3_ge,2.591
15.011A_d3_ge,3.139
15.012A_d3_ge,3.047
15.013A_d3_ge,2.057
15.014A_d3_ge,2.68
15.015A_d3_ge,2.106
15.001B_d3_ge,2.601
15.002B_d3_ge,2.21
15.003B_d3_ge,2.73
15.004B_d3_ge,2.533
15.005B_d3_ge,2.628
15.006B_d3_ge,2.632
15.007B_d3_ge,2.451
15.008B_d3_ge,2.582
15.009B_d3_ge,2.769
15.010B_d3_ge,2.824
15.011B_d3_ge,2.09
15.012B_d3_ge,2.188
15.013B_d3_ge,2.09
15.014B_d3_ge,3.113
15.015B_d3_ge,2.823
25.001A_d0_gn,3.137
25.002A_d0_gn,4.338
25.003A_d0_gn,4.078
25.004A_d0_gn,3.895
25.005A_d0_gn,3.47
25.006A_d0_gn,4.091
25.007A_d0_gn,3.337
25.008A_d0_gn,3.35
25.009A_d0_gn,3.636
25.010A_d0_gn,3.585
25.011A_d0_gn,3.995
25.012A_d0_gn,3.458
25.013A_d0_gn,3.757
25.014A_d0_gn,4.164
25.015A_d0_gn,3.95
25.001B_d0_gn,4.095
25.002B_d0_gn,3.319
25.003B_d0_gn,3.168
25.004B_d0_gn,3.806
25.005B_d0_gn,3.99
25.006B_d0_gn,3.684
25.007B_d0_gn,3.66
25.008B_d0_gn,3.818
25.009B_d0_gn,3.833
25.010B_d0_gn,3.642
25.011B_d0_gn,3.928
25.012B_d0_gn,4.079
25.013B_d0_gn,3.13
25.014B_d0_gn,3.459
25.015B_d0_gn,3.854
25.001A_d1_gn,3.538
25.002A_d1_gn,4.031
25.003A_d1_gn,4.251
25.004A_d1_gn,4.043
25.005A_d1_gn,3.837
25.006A_d1_gn,3.774
25.007A_d1_gn,4.169
25.008A_d1_gn,3.596
25.009A_d1_gn,4.089
25.010A_d1_gn,3.495
25.011A_d1_gn,3.583
25.012A_d1_gn,4.144
25.013A_d1_gn,3.58
25.014A_d1_gn,3.72
25.015A_d1_gn,3.339
25.001B_d1_gn,3.742
25.002B_d1_gn,3.445
25.003B_d1_gn,3.895
25.004B_d1_gn,3.379
25.005B_d1_gn,3.552
25.006B_d1_gn,3.957
25.007B_d1_gn,4.314
25.008B_d1_gn,4.22
25.009B_d1_gn,3.389
25.010B_d1_gn,3.454
25.011B_d1_gn,3.678
25.012B_d1_gn,3.648
25.013B_d1_gn,3.244
25.014B_d1_gn,3.262
25.015B_d1_gn,3.162
25.001A_d2_gn,3.4
25.002A_d2_gn,3.626
25.003A_d2_gn,3.306
25.004A_d2_gn,3.514
25.005A_d2_gn,3.86
25.006A_d2_gn,3.884
25.007A_d2_gn,3.247
25.008A_d2_gn,3.633
25.009A_d2_gn,3.55
25.010A_d2_gn,3.892
25.011A_d2_gn,3.951
25.012A_d2_gn,3.356
25.013A_d2_gn,3.328
25.014A_d2_gn,3.43
25.015A_d2_gn,3.69
25.001B_d2_gn,2.944
25.002B_d2_gn,3.541
25.003B_d2_gn,4.14
25.004B_d2_gn,2.99
25.005B_d2_gn,1.942
25.006B_d2_gn,3.19
25.007B_d2_gn,2.909
25.008B_d2_gn,3.314
25.009B_d2_gn,3.657
25.010B_d2_gn,3.305
25.011B_d2_gn,3.204
25.012B_d2_gn,3.69
25.013B_d2_gn,3.527
25.014B_d2_gn,3.394
25.015B_d2_gn,3.638
25.001A_d3_gn,3.193
25.002A_d3_gn,4.27
25.003A_d3_gn,4.001
25.004A_d3_gn,3.224
25.005A_d3_gn,3.666
25.006A_d3_gn,3.349
25.007A_d3_gn,3.678
25.008A_d3_gn,3.454
25.009A_d3_gn,4.081
25.010A_d3_gn,2.713
25.011A_d3_gn,3.476
25.012A_d3_gn,4.32
25.013A_d3_gn,3.785
25.014A_d3_gn,3.615
25.015A_d3_gn,3.584
25.001B_d3_gn,3.768
25.002B_d3_gn,3.458
25.003B_d3_gn,3.488
25.004B_d3_gn,4.375
25.005B_d3_gn,3.455
25.006B_d3_gn,3.969
25.007B_d3_gn,3.816
25.008B_d3_gn,3.478
25.009B_d3_gn,4.065
25.010B_d3_gn,3.725
25.011B_d3_gn,3.478
25.012B_d3_gn,3.551
25.013B_d3_gn,4.046
25.014B_d3_gn,3.546
25.015B_d3_gn,3.308
25.001A_d0_ge,3.266
25.002A_d0_ge,3.003
25.003A_d0_ge,3.72
25.004A_d0_ge,3.768
25.005A_d0_ge,3.184
25.006A_d0_ge,3.635
25.007A_d0_ge,3.802
25.008A_d0_ge,3.432
25.009A_d0_ge,3.725
25.010A_d0_ge,3.428
25.011A_d0_ge,3.33
25.012A_d0_ge,4.569
25.013A_d0_ge,3.208
25.014A_d0_ge,3.539
25.015A_d0_ge,3.767
25.001B_d0_ge,4.043
25.002B_d0_ge,3.515
25.003B_d0_ge,3.343
25.004B_d0_ge,3.009
25.005B_d0_ge,3.22
25.006B_d0_ge,3.703
25.007B_d0_ge,2.979
25.008B_d0_ge,2.913
25.009B_d0_ge,3.116
25.010B_d0_ge,3.722
25.011B_d0_ge,3.394
25.012B_d0_ge,2.684
25.013B_d0_ge,2.977
25.014B_d0_ge,3.064
25.015B_d0_ge,3.367
25.001A_d1_ge,4.103
25.002A_d1_ge,3.568
25.003A_d1_ge,3.379
25.004A_d1_ge,3.198
25.005A_d1_ge,4.02
25.006A_d1_ge,3.934
25.007A_d1_ge,3.349
25.008A_d1_ge,3.205
25.009A_d1_ge,3.067
25.010A_d1_ge,3.276
25.011A_d1_ge,3.911
25.012A_d1_ge,3.14
25.013A_d1_ge,3.704
25.014A_d1_ge,3.895
25.015A_d1_ge,3.089
25.001B_d1_ge,3.923
25.002B_d1_ge,4.452
25.003B_d1_ge,4.285
25.004B_d1_ge,4.279
25.005B_d1_ge,3.411
25.006B_d1_ge,3.358
25.007B_d1_ge,3.558
25.008B_d1_ge,3.266
25.009B_d1_ge,3.58
25.010B_d1_ge,3.532
25.011B_d1_ge,3.461
25.012B_d1_ge,3.058
25.013B_d1_ge,3.249
25.014B_d1_ge,3.875
25.015B_d1_ge,4.25
25.001A_d2_ge,3.146
25.002A_d2_ge,3.279
25.003A_d2_ge,3.606
25.004A_d2_ge,3.135
25.005A_d2_ge,3.137
25.006A_d2_ge,3.552
25.007A_d2_ge,3.437
25.008A_d2_ge,3.564
25.009A_d2_ge,4.593
25.010A_d2_ge,4.134
25.011A_d2_ge,3.51
25.012A_d2_ge,3.447
25.013A_d2_ge,3.48
25.014A_d2_ge,3.607
25.015A_d2_ge,3.084
25.001B_d2_ge,3.437
25.002B_d2_ge,3.497
25.003B_d2_ge,3.957
25.004B_d2_ge,3.638
25.005B_d2_ge,3.287
25.006B_d2_ge,4.311
25.007B_d2_ge,3.643
25.008B_d2_ge,3.234
25.009B_d2_ge,4.031
25.010B_d2_ge,3.553
25.011B_d2_ge,3.038
25.012B_d2_ge,4.027
25.013B_d2_ge,3.24
25.014B_d2_ge,4.006
25.015B_d2_ge,3.338
25.001A_d3_ge,4.024
25.002A_d3_ge,3.71
25.003A_d3_ge,3.692
25.004A_d3_ge,3.387
25.005A_d3_ge,4.142
25.006A_d3_ge,3.507
25.007A_d3_ge,4.008
25.008A_d3_ge,3.743
25.009A_d3_ge,3.346
25.010A_d3_ge,3.433
25.011A_d3_ge,3.164
25.012A_d3_ge,3.883
25.013A_d3_ge,4.2
25.014A_d3_ge,3.444
25.015A_d3_ge,3.284
25.001B_d3_ge,3.293
25.002B_d3_ge,3.304
25.003B_d3_ge,3.391
25.004B_d3_ge,3.939
25.005B_d3_ge,3.682
25.006B_d3_ge,4.368
25.007B_d3_ge,3.689
25.008B_d3_ge,3.615
25.009B_d3_ge,3.692
25.010B_d3_ge,3.668
25.011B_d3_ge,3.368
25.012B_d3_ge,3.214
25.013B_d3_ge,3.503
25.014B_d3_ge,3.191
25.015B_d3_ge,3.364