"","cellID","repID","seed","2021-10-08","2021-10-15","2021-10-22","2021-10-29"
"1",14,"6.002_d2_gn","A",5.2,4,4.4,4.6
"2",15,"6.005_d1_ge","A",0,5.2,5.1,4.9
"3",16,"6.001_d1_gn","A",0,3.5,3.5,3.2
"4",19,"6.005_d0_gn","A",1.6,5.3,5.7,6.6
"5",27,"6.003_d1_ge","A",1.5,2.9,2.8,2.5
"6",28,"6.007_d2_ge","A",2.5,4.4,4.4,4.2
"7",31,"6.009_d0_gn","A",1.3,3.9,4.1,4.4
"8",33,"6.010_d3_ge","A",0,4.4,5.1,5.1
"9",35,"6.010_d1_ge","A",0,5.4,6.5,7.4
"10",36,"6.003_d3_gn","A",0.5,3.9,3.7,3.7
"11",41,"6.013_d2_gn","A",1.8,4.5,4.3,5.1
"12",50,"6.001_d0_ge","A",2.3,5.4,6.1,6.6
"13",60,"6.013_d2_ge","A",2.7,3.8,3.9,4
"14",62,"6.007_d1_ge","A",2,3.5,3.5,3.4
"15",64,"6.007_d3_gn","A",1.5,4.9,5,5.1
"16",72,"6.007_d0_ge","A",2.8,3.4,3.4,3.1
"17",73,"6.002_d1_ge","A",0,3.8,4.7,4.3
"18",75,"6.015_d0_gn","A",0,4.5,4.4,4.4
"19",77,"6.001_d0_gn","A",1.7,4.8,6.4,7.2
"20",78,"6.009_d0_ge","A",1.6,4,4.3,4.2
"21",92,"6.005_d1_gn","A",2.1,4.4,4.4,4
"22",93,"6.003_d3_ge","A",1.6,3.2,3.4,3
"23",98,"6.003_d0_gn","A",0.6,5,5,6.2
"24",102,"6.015_d3_gn","A",1.1,4.1,4.2,4.2
"25",113,"6.014_d0_ge","A",2.3,3.9,4,3.7
"26",116,"6.003_d2_gn","A",1,4,4.3,5.2
"27",117,"6.013_d3_gn","A",1.5,4.4,4.5,5.5
"28",122,"6.006_d1_gn","A",0.5,4.3,4.5,4.1
"29",126,"6.001_d2_gn","A",0.5,4.4,4.4,4.2
"30",127,"6.011_d2_gn","A",0.8,4.8,4.7,6.6
"31",132,"6.009_d1_ge","A",1.5,4,4.9,5.6
"32",133,"6.012_d2_gn","A",0.7,4.5,10,14.1
"33",138,"6.008_d1_gn","A",0,2.9,3.4,3.6
"34",140,"6.015_d1_gn","A",1.8,6,14.8,17
"35",148,"6.009_d2_ge","A",1.1,5.5,10.5,10.4
"36",152,"6.007_d1_gn","A",0.7,4.8,3.8,3.8
"37",153,"6.002_d2_ge","A",0,4.2,5.5,5.5
"38",160,"6.011_d1_gn","A",1.7,5.7,14.1,15.4
"39",168,"6.010_d0_ge","A",0,4.5,5.6,5.1
"40",174,"6.012_d0_gn","A",1.7,7.8,18.2,23.5
"41",185,"6.015_d1_ge","A",0,6.9,9.8,10.5
"42",194,"6.004_d0_gn","U",0.3,4.5,5,6
"43",202,"6.006_d3_ge","A",3.5,4.4,4.5,4.6
"44",207,"6.009_d1_gn","A",1.3,4.4,4.4,4.4
"45",212,"6.010_d2_gn","A",1.6,4.3,4.5,4.3
"46",217,"6.014_d3_ge","A",3.6,4.5,4.8,4.8
"47",218,"6.002_d0_gn","A",0,4.6,7.5,7.4
"48",229,"6.012_d1_gn","A",1.8,6,13.1,13.5
"49",231,"6.006_d2_ge","A",4.9,6.1,5.9,6.3
"50",234,"6.015_d0_ge","A",0,4.4,5,5.3
"51",237,"6.014_d0_gn","A",1.6,4.6,4.7,4.4
"52",241,"6.009_d3_ge","A",1.1,4.8,7.1,7.6
"53",249,"6.010_d1_gn","A",1.9,4.9,4.5,5
"54",254,"6.004_d0_ge","A",0,3.4,3.3,3.8
"55",255,"6.005_d2_ge","A",0,4,4.1,3.8
"56",265,"6.003_d1_gn","A",1.5,6.7,14.6,16.8
"57",268,"6.002_d3_ge","A",0,0,0,0
"58",271,"6.005_d2_gn","A",1.3,3.8,3.8,4.8
"59",273,"6.006_d0_gn","A",1.6,6.2,5.6,6
"60",284,"6.014_d2_ge","A",2.4,4.5,4.5,4.9
"61",286,"6.003_d0_ge","A",2.5,4.3,4.1,5.2
"62",294,"6.006_d1_ge","U",2.6,4.9,4.9,4
"63",297,"6.005_d3_gn","A",1.1,4.5,4.5,4.7
"64",298,"6.012_d2_ge","A",2.9,4.3,4.4,4.3
"65",309,"6.009_d3_gn","A",1.2,4.9,4.8,6
"66",328,"6.002_d3_gn","A",2.3,6,7.6,7.7
"67",334,"6.015_d2_ge","A",0,5.2,6.6,8
"68",336,"6.002_d0_ge","A",0,4.7,5.5,6.6
"69",344,"6.012_d3_gn","A",0,4.2,12.7,18.2
"70",349,"6.005_d0_ge","A",2.3,6.9,7.6,9
"71",358,"6.008_d2_gn","A",2.4,5.3,5.7,6.2
"72",362,"6.011_d3_gn","A",1.7,6.2,14.2,14.5
"73",364,"6.014_d2_gn","A",0,4.5,4.1,4.6
"74",373,"6.001_d3_gn","A",1.6,4.8,9.1,14.7
"75",381,"6.011_d1_ge","A",1.3,5.3,5.6,7
"76",386,"6.006_d0_ge","A",2.8,4.5,4.7,5
"77",388,"6.001_d3_ge","A",2,6.2,16.1,20
"78",397,"6.011_d3_ge","A",0,5.6,14.9,21.9
"79",399,"6.008_d2_ge","A",0.8,7.9,9.6,11.5
"80",403,"6.013_d0_gn","A",1.9,7,10.7,17.5
"81",413,"6.006_d3_gn","A",1,3.8,4,4.1
"82",415,"6.015_d2_gn","A",1.1,4.1,4.5,4.3
"83",418,"6.007_d0_gn","A",2.1,4.9,7.4,7.5
"84",419,"6.010_d0_gn","A",0,2,2.8,2.9
"85",421,"6.014_d1_gn","A",1.8,4.5,4.6,4.6
"86",423,"6.013_d1_gn","A",0.8,5.3,12,14.2
"87",427,"6.014_d3_gn","A",2.4,5.4,5.3,5.3
"88",434,"6.011_d0_ge","A",1.1,5,5,5.7
"89",438,"6.004_d1_ge","A",0,4.9,6.5,6.7
"90",441,"6.010_d3_gn","A",2,4.7,4.2,5
"91",448,"6.012_d0_ge","A",3.5,4.5,4.9,4.8
"92",453,"6.012_d3_ge","A",3.9,4.8,5,5
"93",459,"6.008_d0_gn","A",1.7,4.7,4.7,5
"94",470,"6.012_d1_ge","A",4.5,5,4.9,5.8
"95",472,"6.003_d2_ge","A",1.2,4,4,4
"96",475,"6.009_d2_gn","A",0,5.2,5.5,5.3
"97",478,"6.007_d3_ge","A",0.3,4.7,5,5.4
"98",480,"6.013_d1_ge","A",3.2,4.5,4.2,4.3
"99",482,"6.014_d1_ge","A",2.7,4.2,10.6,11.3
"100",484,"6.005_d3_ge","A",2.4,5,5.5,5.6
"101",488,"6.013_d0_ge","A",2.2,3.6,3.6,3.4
"102",502,"6.004_d3_gn","A",0.8,4,3.9,4.2
"103",504,"6.011_d2_ge","A",0.7,4.7,5,5.6
"104",513,"6.001_d2_ge","A",0,3.2,6,6.5
"105",515,"6.013_d3_ge","A",2.2,3.7,3.8,3.7
"106",527,"6.011_d0_gn","A",0.7,4.5,4.5,5.9
"107",528,"6.004_d1_gn","A",1.6,6.6,9.9,10.7
"108",530,"6.010_d2_ge","A",0,5,7.2,8.1
"109",533,"6.008_d3_ge","A",1.2,5.5,8.9,9
"110",534,"6.008_d3_gn","A",0,1.3,4,4.9
"111",541,"6.006_d2_gn","A",2.1,4.9,5.1,6.2
"112",555,"6.004_d2_gn","A",0,5.1,13.6,16
"113",566,"6.015_d3_ge","A",0,4.3,4.9,5.4
"114",567,"6.008_d1_ge","A",0,1.5,2.3,2.5
"115",575,"6.002_d1_gn","A",1.1,8.5,18.9,21.1
"116",576,"6.001_d1_ge","A",1.5,3.5,4.4,4.8
"117",587,"6.008_d0_ge","A",0,0,0,0
"118",588,"6.007_d2_gn","A",0,5,6.7,8.1
"119",590,"6.004_d2_ge","A",0,4.3,5.1,5.2
"120",598,"6.004_d3_ge","A",0,5.2,13.1,22.1
"121",14,"6.002_d2_gn","B",0.4,6.1,6.5,6.4
"122",15,"6.005_d1_ge","B",1.7,4.7,4.4,5.2
"123",16,"6.001_d1_gn","B",1.2,4.7,5,4.5
"124",19,"6.005_d0_gn","B",1.5,5.6,5.2,6.1
"125",27,"6.003_d1_ge","B",2.5,3.9,3.8,3.5
"126",28,"6.007_d2_ge","B",2.4,4,4.1,3.8
"127",31,"6.009_d0_gn","B",1.7,4.7,6.6,6.9
"128",33,"6.010_d3_ge","B",0,3.4,4.9,4.8
"129",35,"6.010_d1_ge","B",0,5,6.2,7.1
"130",36,"6.003_d3_gn","B",0,4,4,4.1
"131",41,"6.013_d2_gn","B",0.4,4,4.2,5.5
"132",50,"6.001_d0_ge","B",2.3,6.2,6.1,5.9
"133",60,"6.013_d2_ge","B",2.4,3.9,3.8,4
"134",62,"6.007_d1_ge","B",2.1,3.9,4,3.6
"135",64,"6.007_d3_gn","B",0,4.9,5.1,5.1
"136",72,"6.007_d0_ge","B",1.4,3.5,3.6,3.7
"137",73,"6.002_d1_ge","B",0,3.7,4.5,4.1
"138",75,"6.015_d0_gn","B",1.5,4.7,4.8,4.7
"139",77,"6.001_d0_gn","B",0,4,4,4.4
"140",78,"6.009_d0_ge","B",1.4,4,4.5,4
"141",92,"6.005_d1_gn","B",1.1,3.3,3.6,3.5
"142",93,"6.003_d3_ge","B",2,3.5,3.7,3.5
"143",98,"6.003_d0_gn","B",0.7,4.5,5,4.8
"144",102,"6.015_d3_gn","B",1.1,3.7,4.2,3.8
"145",113,"6.014_d0_ge","B",1.9,3.5,3.8,4
"146",116,"6.003_d2_gn","B",0,3.9,3.8,4.9
"147",117,"6.013_d3_gn","B",1.5,4.8,4.9,4.7
"148",122,"6.006_d1_gn","B",0.5,3.1,3.5,3.2
"149",126,"6.001_d2_gn","B",0,3.6,4,3.8
"150",127,"6.011_d2_gn","B",1.2,5.2,5.2,5.1
"151",132,"6.009_d1_ge","B",1.5,3.9,4.2,3.6
"152",133,"6.012_d2_gn","B",0,3.5,3.8,3.5
"153",138,"6.008_d1_gn","B",0,5,4.8,4.5
"154",140,"6.015_d1_gn","B",1.1,5,14.3,16
"155",148,"6.009_d2_ge","B",2,5.5,8.3,11.3
"156",152,"6.007_d1_gn","B",1.1,3.3,3.5,3.1
"157",153,"6.002_d2_ge","B",0,3.5,4.9,4.6
"158",160,"6.011_d1_gn","B",1.1,5.1,11.2,12.5
"159",168,"6.010_d0_ge","B",0,4.9,7,7.4
"160",174,"6.012_d0_gn","B",1.1,6.5,16.1,20.4
"161",185,"6.015_d1_ge","B",0,4.5,5,5.1
"162",194,"6.004_d0_gn","U",0,5.4,5.6,6.9
"163",202,"6.006_d3_ge","B",3.1,2.9,4.4,4.1
"164",207,"6.009_d1_gn","B",1.7,4.5,4.5,5.1
"165",212,"6.010_d2_gn","B",1.4,4.4,4.6,4.7
"166",217,"6.014_d3_ge","B",2,3.8,4,3.9
"167",218,"6.002_d0_gn","B",1.5,5.3,10.4,12.3
"168",229,"6.012_d1_gn","B",1.6,6.2,12.2,13.3
"169",231,"6.006_d2_ge","B",3.5,5.1,5.3,5
"170",234,"6.015_d0_ge","B",0,3.3,4.1,4.5
"171",237,"6.014_d0_gn","B",1.7,4,3.9,4.1
"172",241,"6.009_d3_ge","B",2,5.2,7.7,8.4
"173",249,"6.010_d1_gn","B",1.3,4.1,4.1,4.3
"174",254,"6.004_d0_ge","B",0,3.6,4.3,4
"175",255,"6.005_d2_ge","B",0,1.3,3.7,3.9
"176",265,"6.003_d1_gn","B",0.9,5.1,15.5,16.2
"177",268,"6.002_d3_ge","B",0,0,0,0
"178",271,"6.005_d2_gn","B",0.8,3.7,4,4
"179",273,"6.006_d0_gn","B",1.7,4.9,5.3,6
"180",284,"6.014_d2_ge","B",1.9,4.7,5,4.8
"181",286,"6.003_d0_ge","B",1.5,3.4,3.6,3.6
"182",294,"6.006_d1_ge","B",1.1,3.1,4.4,3.8
"183",297,"6.005_d3_gn","B",0.7,3.7,3.9,4
"184",298,"6.012_d2_ge","B",2.4,4.4,4.6,3.9
"185",309,"6.009_d3_gn","B",0.9,5.4,7,8.6
"186",328,"6.002_d3_gn","B",2.2,5.6,6.4,6.6
"187",334,"6.015_d2_ge","B",0,4.9,6.1,6.2
"188",336,"6.002_d0_ge","B",0,5,6,6.8
"189",344,"6.012_d3_gn","B",0,1.9,7.9,13.2
"190",349,"6.005_d0_ge","B",0.3,5.1,5.5,7.3
"191",358,"6.008_d2_gn","B",0.1,4.6,4.6,5
"192",362,"6.011_d3_gn","B",1.4,5.7,12.1,15.7
"193",364,"6.014_d2_gn","B",0,4.4,5.3,4.7
"194",373,"6.001_d3_gn","B",0.9,5.6,12.4,18.1
"195",381,"6.011_d1_ge","B",0,4.2,4.9,4.9
"196",386,"6.006_d0_ge","B",4,5.1,5,5.4
"197",388,"6.001_d3_ge","B",0,4.9,11.9,17.1
"198",397,"6.011_d3_ge","B",0,0,0,0
"199",399,"6.008_d2_ge","B",0,6,6.6,7.3
"200",403,"6.013_d0_gn","B",1.8,7,15.6,21
"201",413,"6.006_d3_gn","B",0.9,1.8,5.1,4.2
"202",415,"6.015_d2_gn","B",0,2.6,2.7,2.6
"203",418,"6.007_d0_gn","B",1.5,5,6.6,6.6
"204",419,"6.010_d0_gn","B",0,2.6,4,3.7
"205",421,"6.014_d1_gn","B",0.7,3.2,3.6,3.6
"206",423,"6.013_d1_gn","B",0,4.2,8.6,9.7
"207",427,"6.014_d3_gn","B",0,2.6,2.7,2.2
"208",434,"6.011_d0_ge","B",0.7,5,6.1,6.9
"209",438,"6.004_d1_ge","B",0,5.4,7.1,7.9
"210",441,"6.010_d3_gn","B",1.3,4,4.2,4.2
"211",448,"6.012_d0_ge","B",3,3.7,4.6,3.5
"212",453,"6.012_d3_ge","B",3.5,4.2,4.2,4.2
"213",459,"6.008_d0_gn","B",0.5,4.7,4.6,4.5
"214",470,"6.012_d1_ge","B",3.9,5.4,5,4.9
"215",472,"6.003_d2_ge","B",2.4,4.8,7,8
"216",475,"6.009_d2_gn","B",1.4,5.1,6.5,6.5
"217",478,"6.007_d3_ge","B",2.5,3.8,3.4,3.2
"218",480,"6.013_d1_ge","B",3,4.2,3.8,3.6
"219",482,"6.014_d1_ge","B",2,5.6,12.2,13.1
"220",484,"6.005_d3_ge","B",1.5,4.5,4.2,4.2
"221",488,"6.013_d0_ge","B",3,4.2,4,4.3
"222",502,"6.004_d3_gn","B",1.3,4.2,4.2,4.2
"223",504,"6.011_d2_ge","B",1.3,5.2,4.9,5.4
"224",513,"6.001_d2_ge","B",1.7,5.4,5.8,6.6
"225",515,"6.013_d3_ge","B",0.6,0.9,NA,NA
"226",527,"6.011_d0_gn","B",1.4,4.8,4.6,4.5
"227",528,"6.004_d1_gn","B",1.2,4.5,6.7,6.8
"228",530,"6.010_d2_ge","B",0,3.5,4.1,4.1
"229",533,"6.008_d3_ge","B",0.6,5.3,8.8,8.9
"230",534,"6.008_d3_gn","B",1.1,4.6,5.1,5.6
"231",541,"6.006_d2_gn","B",2,4.7,4.5,4.6
"232",555,"6.004_d2_gn","B",1.2,5.2,12.2,14.2
"233",566,"6.015_d3_ge","B",0,1.1,4.2,4.6
"234",567,"6.008_d1_ge","B",1.2,4.6,6.5,6.9
"235",575,"6.002_d1_gn","B",0.3,5.9,15.5,18.6
"236",576,"6.001_d1_ge","B",0.2,2.3,2.1,2
"237",587,"6.008_d0_ge","B",0,3.8,3.6,4.6
"238",588,"6.007_d2_gn","B",0.9,4.5,5.8,6.2
"239",590,"6.004_d2_ge","B",0,4.9,5.2,6.9
"240",598,"6.004_d3_ge","B",0,5.3,12.9,21.2
