cellID,repID,seed,2021-10-08,2021-10-15,2021-10-22,2021-10-29
1,3.005_d1_ge,A,0.4,4,5.3,5.7
2,13.003_d1_gn,A,1.9,5.4,5.5,5.4
3,13.011_d3_gn,A,1.5,6.6,15.6,19.6
4,15.005_d1_ge,A,0,2.8,2.6,2.6
5,13.009_d3_ge,A,1.8,3.9,4,4.1
6,15.006_d0_ge,A,2.9,4.1,4.4,4.4
7,15.006_d3_gn,A,1.1,5,8.9,9
8,15.006_d1_gn,A,0,2.2,2.8,2.9
9,25.011_d0_gn,A,3.4,7.5,7.4,8.2
10,15.003_d0_ge,A,2.1,3.3,3.8,4.1
11,15.009_d3_ge,A,0.7,4.4,4.2,5.6
12,25.009_d3_ge,A,2.6,6.2,6.3,6.2
13,25.006_d1_ge,A,0,6.3,6.4,6.2
14,6.002_d2_gn,A,5.2,4,4.4,4.6
15,6.005_d1_ge,A,0,5.2,5.1,4.9
16,6.001_d1_gn,A,0,3.5,3.5,3.2
17,25.006_d3_gn,A,1.3,5.6,6.8,8.2
18,13.005_d1_ge,A,0.8,4.4,4.5,4.3
19,6.005_d0_gn,A,1.6,5.3,5.7,6.6
20,3.001_d3_ge,A,0,0,0,0
21,13.001_d2_ge,A,1.6,3.8,3.8,4.1
22,3.009_d2_gn,A,0,2.7,3,3.1
23,25.013_d3_gn,A,2.8,5.4,5.2,5.1
24,25.013_d0_ge,A,0,0,0,0
25,13.006_d3_gn,A,1.9,4.7,4.7,4.9
26,15.003_d3_gn,A,1.6,5.9,9.4,10.3
27,6.003_d1_ge,A,1.5,2.9,2.8,2.5
28,6.007_d2_ge,A,2.5,4.4,4.4,4.2
29,3.007_d3_gn,A,0.7,3.5,4,3.8
30,15.002_d3_gn,A,1.6,4.5,4.8,5.2
31,6.009_d0_gn,A,1.3,3.9,4.1,4.4
32,13.009_d1_ge,A,1.1,3.8,3.5,3.7
33,6.010_d3_ge,A,0,4.4,5.1,5.1
34,13.008_d2_ge,A,0,3.1,3.8,3.4
35,6.010_d1_ge,A,0,5.4,6.5,7.4
36,6.003_d3_gn,A,0.5,3.9,3.7,3.7
37,3.011_d0_gn,A,0,3.7,4.4,4.3
38,15.004_d1_gn,A,0.9,3.9,3.9,4.4
39,3.002_d2_gn,A,0,2.7,3.8,4.5
40,3.011_d1_gn,A,0,2.9,5.9,6
41,6.013_d2_gn,A,1.8,4.5,4.3,5.1
42,15.014_d0_gn,A,1.9,5,5.3,5.1
43,3.004_d1_ge,A,0,4.5,13.5,13.7
44,13.006_d1_ge,A,2.7,3.6,4.3,4
45,3.007_d2_gn,A,0,4.5,10.4,16
46,15.015_d1_gn,A,1.1,4.2,6,6.5
47,15.010_d1_gn,A,1.3,5,7.9,8.5
48,3.012_d0_ge,A,3.1,4.1,4.3,4.2
49,3.003_d2_ge,A,1.8,3.6,6.2,7
50,6.001_d0_ge,A,2.3,5.4,6.1,6.6
51,3.005_d0_ge,A,0,4.2,4.9,4.1
52,15.015_d2_ge,A,0,3.5,10.9,21.3
53,3.005_d3_ge,A,0.9,4.1,4.5,4.2
54,25.002_d0_gn,A,1.9,5.5,6.1,5.7
55,15.002_d2_ge,A,0,2.7,5.2,5.2
56,13.012_d0_gn,A,0,3.9,4,4.2
57,15.013_d3_ge,A,2.2,3,3.2,3.3
58,13.006_d2_ge,A,4.9,6.1,6.5,6.1
59,25.011_d1_gn,A,0.4,3.9,4.7,5.9
60,6.013_d2_ge,A,2.7,3.8,3.9,4
61,25.007_d2_gn,A,1.5,5.4,5.5,6.4
62,6.007_d1_ge,A,2,3.5,3.5,3.4
63,25.004_d3_gn,A,1.5,5.1,5.4,5.3
64,6.007_d3_gn,A,1.5,4.9,5,5.1
65,3.011_d3_ge,A,0.5,4.6,4.7,5.3
66,25.014_d2_gn,A,2.9,4.9,4.8,4.6
67,25.012_d1_ge,A,4.9,5.5,5.8,5.4
68,25.005_d0_ge,A,1.4,4.5,5,4.8
69,15.005_d0_gn,A,0.9,4.4,5.1,4.6
70,25.002_d2_gn,A,2.1,4.7,4.7,5.8
71,13.004_d2_ge,A,0,2.7,2.7,4
72,6.007_d0_ge,A,2.8,3.4,3.4,3.1
73,6.002_d1_ge,A,0,3.8,4.7,4.3
74,13.010_d3_ge,A,0,2.9,4.5,4.1
75,6.015_d0_gn,A,0,4.5,4.4,4.4
76,25.002_d0_ge,A,0,2.5,6.5,7.6
77,6.001_d0_gn,A,1.7,4.8,6.4,7.2
78,6.009_d0_ge,A,1.6,4,4.3,4.2
79,13.002_d2_ge,A,0,3.5,4.5,4.3
80,25.003_d3_ge,A,4.2,8,10.8,10.7
81,13.007_d3_gn,A,1.9,5.4,5.9,6.6
82,25.014_d0_ge,A,2.7,4.5,4.6,5.1
83,13.015_d1_gn,A,0,4.8,4.9,5.3
84,3.006_d3_gn,A,0,1.8,2.9,3.2
85,15.015_d1_ge,A,0,4.6,4.6,4.4
86,3.011_d1_ge,A,0,2.9,3.4,3.1
87,15.007_d2_ge,A,3.5,5,5.2,5
88,25.004_d1_ge,A,0,6.8,7.1,7.1
89,13.015_d1_ge,A,0,4.9,7.4,8.8
90,15.006_d2_ge,A,4.7,6.5,6.6,6.6
91,13.007_d1_ge,A,2.6,3.4,3.6,3.3
92,6.005_d1_gn,A,2.1,4.4,4.4,4
93,6.003_d3_ge,A,1.6,3.2,3.4,3
94,25.010_d1_ge,A,0,5,5.6,5.5
95,25.010_d3_ge,A,0,6.2,6.1,6.6
96,25.009_d3_gn,A,2.5,5.2,5.5,6
97,13.008_d0_gn,A,0.9,4.1,4.1,4.1
98,6.003_d0_gn,A,0.6,5,5,6.2
99,13.011_d0_ge,A,0.6,4.5,5,6.2
100,15.010_d0_ge,A,0,4,5.4,5.3
101,25.005_d1_gn,A,1.9,6.5,9,9.4
102,6.015_d3_gn,A,1.1,4.1,4.2,4.2
103,3.003_d0_ge,A,1.5,3.7,6.6,7
104,3.013_d2_gn,A,0,3,4.9,5.5
105,3.012_d0_gn,A,0,3.9,4.2,4.4
106,13.006_d0_ge,A,3.2,4.2,4.3,4.1
107,25.015_d2_gn,A,1.1,4.4,4.6,4.5
108,13.002_d0_gn,A,2,5,5.5,7.1
109,15.004_d3_gn,A,1.7,4.5,4.2,5
110,3.005_d3_gn,A,0.4,4.8,12.7,18.4
111,3.004_d1_gn,A,0,3,5.6,8.6
112,15.012_d1_gn,A,0,2.1,4.1,3.6
113,6.014_d0_ge,A,2.3,3.9,4,3.7
114,13.007_d2_ge,A,3.9,5.5,5.7,5.6
115,15.006_d2_gn,A,0.4,2.8,5,5.1
116,6.003_d2_gn,A,1,4,4.3,5.2
117,6.013_d3_gn,A,1.5,4.4,4.5,5.5
118,25.015_d3_ge,A,0,5.8,6.5,7.5
119,13.011_d1_ge,A,1.2,6,8.7,9.2
120,25.004_d0_gn,A,1.9,5.2,5.4,5.7
121,3.010_d1_gn,A,0,3.1,3,2.9
122,6.006_d1_gn,A,0.5,4.3,4.5,4.1
123,15.015_d0_gn,A,1,3.2,3.9,3.4
124,3.015_d3_ge,A,0,3.7,4.4,4.2
125,15.012_d1_ge,A,2.1,3.6,4.2,3.9
126,6.001_d2_gn,A,0.5,4.4,4.4,4.2
127,6.011_d2_gn,A,0.8,4.8,4.7,6.6
128,15.007_d1_ge,A,2.8,3.6,4.1,3.9
129,3.001_d0_gn,A,0.9,3.8,4,4.5
130,3.009_d3_ge,A,0,3.7,11.6,16.2
131,13.005_d1_gn,A,1.9,5.2,6.5,7
132,6.009_d1_ge,A,1.5,4,4.9,5.6
133,6.012_d2_gn,A,0.7,4.5,10,14.1
134,15.014_d3_gn,A,0,3,4.1,4.1
135,3.014_d2_ge,A,1,2.3,5.5,6.2
136,13.001_d3_ge,A,0,4.2,4.3,5.4
137,15.010_d3_gn,A,0.8,4.3,4.8,4.8
138,6.008_d1_gn,A,0,2.9,3.4,3.6
139,15.001_d2_gn,A,1.8,4.4,4.7,4.6
140,6.015_d1_gn,A,1.8,6,14.8,17
141,3.008_d3_gn,A,0.3,3.2,4.1,5.9
142,25.003_d1_ge,A,3.1,4.8,4.8,4.5
143,3.009_d0_ge,A,0.7,3.5,3.6,4.1
144,25.001_d1_gn,A,1.7,6.2,6.3,7.3
145,3.013_d3_gn,A,0,3.2,3.7,3.9
146,15.010_d2_ge,A,0,5,6.1,8
147,13.013_d3_gn,A,1.3,6.1,13.9,16.2
148,6.009_d2_ge,A,1.1,5.5,10.5,10.4
149,25.004_d2_gn,A,1.8,5.1,5.2,6.5
150,13.014_d0_ge,A,2.4,4,4,4
151,15.003_d3_ge,A,2.9,4.5,4.3,4.6
152,6.007_d1_gn,A,0.7,4.8,3.8,3.8
153,6.002_d2_ge,A,0,4.2,5.5,5.5
154,15.008_d1_ge,A,0.5,6,6.4,6.2
155,25.003_d2_gn,A,2.9,5.6,7.2,8.1
156,13.008_d1_gn,A,2.1,4.2,4.7,4.4
157,15.001_d0_gn,A,0.5,4.9,5.6,5.3
158,15.004_d0_ge,A,0,2.4,4.6,4.6
159,15.015_d2_gn,A,1.6,6.4,11.8,11.4
160,6.011_d1_gn,A,1.7,5.7,14.1,15.4
161,13.014_d2_gn,A,1.6,4.1,5.4,6.1
162,13.008_d2_gn,A,1.4,4.5,4.8,5.9
163,13.010_d2_gn,A,0,0,0,0
164,13.010_d0_ge,A,0,4.6,5.5,6.6
165,25.008_d3_ge,A,1.2,5.5,6.6,7.3
166,15.013_d0_ge,A,4.1,7,13.7,14.9
167,13.011_d2_gn,A,1.8,4.8,5,5.5
168,6.010_d0_ge,A,0,4.5,5.6,5.1
169,13.001_d1_ge,A,0.8,2.7,3.4,3.1
170,15.007_d3_ge,A,2.5,4,4.2,4.1
171,15.012_d3_ge,A,5.3,6.5,6.6,6.5
172,15.002_d0_ge,A,0,4.6,7.8,9.7
173,13.014_d1_gn,A,1.4,4.4,4.4,5.4
174,6.012_d0_gn,A,1.7,7.8,18.2,23.5
175,15.010_d3_ge,A,0,3.1,7.1,7.9
176,3.003_d3_gn,A,0,0.8,5.6,12
177,15.007_d1_gn,A,0.9,4.9,5.9,7.6
178,25.007_d3_ge,A,4.8,6.1,6.4,6.1
179,13.012_d3_gn,A,1.6,4.6,5.4,6.9
180,13.007_d2_gn,A,0,4.4,4.6,6
181,13.004_d0_ge,A,0,6.3,11.8,12.4
182,25.012_d1_gn,A,3.2,5.5,7.7,8.6
183,13.013_d3_ge,A,2.7,4.2,4.3,4.1
184,15.002_d3_ge,A,0,3.1,4.2,4.1
185,6.015_d1_ge,A,0,6.9,9.8,10.5
186,25.004_d2_ge,A,0,6.2,9.3,10.3
187,3.006_d0_gn,A,0,3.8,3.9,4.2
188,15.001_d0_ge,A,0,3.9,6.9,7.9
189,15.003_d2_gn,A,1,5.3,5.7,7.6
190,13.013_d2_gn,A,1.1,3.9,6.2,7.5
191,25.001_d3_ge,A,1.7,5.6,6.6,7.8
192,13.003_d2_ge,A,2.4,4.2,4.4,4
193,3.010_d2_gn,A,0,4.4,4.7,4.2
194,6.004_d0_gn,U,0.3,4.5,5,6
195,15.011_d2_gn,A,0,3.2,4.1,3.9
196,25.003_d1_gn,A,2.6,5.3,5.9,6.8
197,13.009_d1_gn,A,1.4,6.1,6.2,6.5
198,3.015_d1_gn,A,1,3.5,4.1,3.8
199,13.014_d0_gn,A,1.5,4.5,4.8,5.4
200,25.007_d0_gn,A,1.8,4.8,4.7,5.1
201,13.001_d1_gn,A,1.9,6.3,6.1,7.1
202,6.006_d3_ge,A,3.5,4.4,4.5,4.6
203,13.009_d3_gn,A,2,4.6,4.8,4.5
204,15.009_d2_gn,A,1.5,4,4,3.9
205,13.002_d0_ge,A,0,4.8,5.4,5.6
206,15.015_d0_ge,A,0,4.5,5.2,6.5
207,6.009_d1_gn,A,1.3,4.4,4.4,4.4
208,13.002_d2_gn,A,2.1,6.8,15.8,21.6
209,13.006_d0_gn,A,1.5,4.4,4.2,4.4
210,25.014_d2_ge,A,4,5.2,4.9,5.2
211,15.001_d2_ge,A,0.9,5,5.8,7
212,6.010_d2_gn,A,1.6,4.3,4.5,4.3
213,25.002_d3_gn,A,2.5,5.6,5.5,5.6
214,3.001_d1_ge,A,0,2.9,3.9,4.7
215,15.001_d1_ge,A,1.6,4.3,4.5,3.8
216,15.006_d1_ge,A,3.5,4.6,4.5,4.2
217,6.014_d3_ge,A,3.6,4.5,4.8,4.8
218,6.002_d0_gn,A,0,4.6,7.5,7.4
219,3.013_d2_ge,A,2.5,3.9,3.6,3.2
220,13.010_d1_gn,A,2.4,5.9,5.5,5.3
221,13.009_d2_gn,A,1.4,3.9,3.9,3.8
222,13.008_d3_gn,A,1.6,4.3,4.7,4.5
223,13.004_d3_ge,A,0,4.1,4.6,5
224,13.009_d0_gn,A,2,4.2,4.3,3.9
225,25.008_d0_gn,A,1.7,5.1,5.4,5.9
226,25.011_d3_ge,A,0,3.6,4.3,5.9
227,25.012_d3_ge,A,4.3,5.6,5.8,6
228,15.014_d1_ge,A,1.6,3.6,4.7,5.5
229,6.012_d1_gn,A,1.8,6,13.1,13.5
230,15.005_d1_gn,A,0.8,4.4,4.2,4.4
231,6.006_d2_ge,A,4.9,6.1,5.9,6.3
232,25.004_d0_ge,A,0,7.4,7.3,8.8
233,3.007_d1_ge,A,0,3.4,3.5,3.4
234,6.015_d0_ge,A,0,4.4,5,5.3
235,13.012_d1_gn,A,0,0,0,0
236,13.011_d3_ge,A,1.2,5.5,5.5,5.5
237,6.014_d0_gn,A,1.6,4.6,4.7,4.4
238,13.006_d3_ge,A,4.6,5.9,5.8,6.1
239,3.012_d2_ge,A,3.4,4.2,4.2,4.2
240,25.015_d1_gn,A,3.3,6.2,6.1,5.8
241,6.009_d3_ge,A,1.1,4.8,7.1,7.6
242,3.006_d2_ge,U,1.9,3.7,3.5,3.5
243,25.013_d3_ge,A,3.8,5.3,5.5,5.5
244,25.010_d3_gn,A,0.9,3.7,3.8,3.9
245,25.013_d2_gn,A,2.6,6.3,8.9,9.8
246,3.008_d2_ge,A,0,4.3,4,4.3
247,3.011_d2_ge,A,0,2.6,2.8,4
248,3.014_d1_gn,A,0,3.5,3.4,4.5
249,6.010_d1_gn,A,1.9,4.9,4.5,5
250,15.005_d0_ge,A,2.6,5.7,5.7,5.4
251,25.005_d0_gn,A,2,5.9,5.6,7.1
252,3.009_d3_gn,A,0,2.8,2.8,2.5
253,13.006_d2_gn,A,2.2,5.2,5,4.8
254,6.004_d0_ge,A,0,3.4,3.3,3.8
255,6.005_d2_ge,A,0,4,4.1,3.8
256,13.015_d0_gn,A,1.8,4.7,5.7,7.7
257,25.006_d2_gn,A,2.5,8.6,19.4,24.6
258,15.015_d3_ge,A,0,4.8,4.5,4.6
259,25.002_d3_ge,A,0,5.4,6.9,8.5
260,13.001_d0_ge,A,1,5.9,6.7,8
261,15.014_d0_ge,A,0.7,2.9,3.7,3.8
262,25.006_d0_ge,A,4.6,5.6,5.5,5.7
263,25.008_d0_ge,A,1,7.4,9.2,9.5
264,15.012_d2_gn,A,0,5.6,6.9,9.7
265,6.003_d1_gn,A,1.5,6.7,14.6,16.8
266,15.013_d1_gn,A,0.7,4.6,4.7,4.6
267,25.006_d3_ge,A,4.5,5,6.3,6.6
268,6.002_d3_ge,A,0,0,0,0
269,13.015_d3_ge,A,0,4.5,4.2,4.5
270,3.005_d0_gn,A,0,2.9,3.5,3.6
271,6.005_d2_gn,A,1.3,3.8,3.8,4.8
272,15.012_d0_ge,A,2.5,3.9,3.8,3.6
273,6.006_d0_gn,A,1.6,6.2,5.6,6
274,15.008_d0_gn,A,1.2,5.5,12.6,15.8
275,15.001_d3_gn,A,1.5,4,4.1,4.3
276,13.013_d1_ge,A,1.6,3.2,3.4,3.3
277,3.008_d0_gn,A,0.7,3.1,7.1,9.4
278,25.014_d3_gn,A,2.9,5.4,6.7,7.2
279,13.008_d0_ge,A,0.4,4.9,5.4,6.9
280,3.005_d2_gn,A,1.2,4,5.1,6
281,25.013_d0_gn,A,2.8,6,7.4,7.8
282,3.008_d0_ge,A,0,1.8,4.8,5.3
283,25.014_d1_ge,A,2.8,4.5,4.4,4.5
284,6.014_d2_ge,A,2.4,4.5,4.5,4.9
285,3.011_d0_ge,A,0,4.3,4.7,5.6
286,6.003_d0_ge,A,2.5,4.3,4.1,5.2
287,3.012_d3_gn,A,0,0,0.5,NA
288,13.005_d3_ge,A,1.4,3.6,3.9,4
289,25.009_d1_ge,A,2.8,5.6,5.5,5.4
290,3.006_d0_ge,A,2.6,4.2,4.1,4.1
291,13.015_d2_gn,A,1.5,4.5,4.6,6.4
292,13.008_d1_ge,A,0,4.8,8.7,8.6
293,3.008_d1_ge,A,0,5.3,6.8,6.9
294,6.006_d1_ge,U,2.6,4.9,4.9,4
295,3.015_d0_ge,A,0,1.5,3,3.6
296,15.001_d1_gn,A,1.5,5.9,5.7,7.3
297,6.005_d3_gn,A,1.1,4.5,4.5,4.7
298,6.012_d2_ge,A,2.9,4.3,4.4,4.3
299,3.004_d0_gn,A,0.3,4.1,4.6,5.2
300,3.002_d2_ge,A,0,2.5,3.4,3.1
301,15.003_d2_ge,A,0,2.9,3.6,4.1
302,15.013_d2_ge,A,2.2,3.5,3.6,3.6
303,25.011_d0_ge,A,1.8,5.3,5.9,6.8
304,3.010_d3_gn,A,0,1.5,2.5,2.9
305,3.009_d2_ge,A,0,3.1,3.5,3.8
306,3.010_d2_ge,A,0,4.5,5.1,5.1
307,3.007_d0_gn,A,0.4,2.9,3.1,3.3
308,25.012_d0_ge,A,2.1,3.9,3.2,4.2
309,6.009_d3_gn,A,1.2,4.9,4.8,6
310,13.003_d3_ge,A,1.1,3.4,3.2,3.2
311,13.014_d3_ge,A,2.3,4.9,4.2,5.2
312,25.001_d2_gn,A,1.9,4.5,4.4,4.6
313,13.012_d1_ge,A,4.6,6,5.9,5.7
314,13.014_d1_ge,A,1.5,4,9.1,9
315,15.011_d0_gn,A,0,2.6,2.5,2.9
316,3.004_d0_ge,A,0,2.1,3.5,3.5
317,13.014_d3_gn,A,1.7,5.1,8.9,9.5
318,25.013_d1_ge,A,0,2,3.2,4.2
319,15.008_d2_ge,A,0,5.4,7,8.3
320,25.011_d2_ge,A,0,5.2,5.5,5.4
321,13.012_d0_ge,A,4.1,5,5.6,5.1
322,25.001_d1_ge,A,2,5.6,5.9,5.5
323,13.004_d3_gn,A,1.5,5.1,5.1,5.2
324,13.001_d2_gn,A,1.6,3.9,3.9,4.1
325,15.012_d0_gn,A,1.4,3.4,4.1,4.1
326,3.015_d0_gn,A,0.8,4,4.5,5.9
327,3.013_d1_ge,A,1.1,4.2,4.7,4.3
328,6.002_d3_gn,A,2.3,6,7.6,7.7
329,3.014_d3_gn,A,0.5,4.3,4.2,4.8
330,3.010_d0_gn,A,0,5,4.5,4.9
331,15.008_d1_gn,A,0.9,4.4,4.4,4.2
332,25.008_d2_gn,A,3,6.6,6.6,6.6
333,13.009_d2_ge,A,0.9,5.1,5,4.9
334,6.015_d2_ge,A,0,5.2,6.6,8
335,13.010_d2_ge,A,0,5.2,8.2,10.4
336,6.002_d0_ge,A,0,4.7,5.5,6.6
337,15.007_d2_gn,A,1.5,4.5,4.7,6.1
338,13.007_d0_gn,A,2.4,7.1,6.6,6.7
339,3.002_d1_ge,A,0,3.7,5.9,6.1
340,25.006_d1_gn,A,0,5.5,6,6.1
341,15.010_d1_ge,A,0,4.5,8.3,10.2
342,15.013_d1_ge,A,2,3.4,3.8,3.5
343,3.009_d1_gn,A,0.5,3.6,3.3,3.4
344,6.012_d3_gn,A,0,4.2,12.7,18.2
345,3.004_d3_gn,A,1.1,4.9,4.9,5.6
346,3.003_d1_ge,A,1.5,2.6,3.3,2.7
347,25.012_d0_gn,A,3.2,6.6,6.5,6.6
348,25.010_d1_gn,A,3.2,7.4,7.2,7.3
349,6.005_d0_ge,A,2.3,6.9,7.6,9
350,25.012_d3_gn,A,0,4.4,5.7,6.3
351,25.015_d0_gn,A,2.4,6,5.9,6.7
352,15.009_d0_gn,A,0.9,3.6,4.9,4
353,25.003_d0_gn,A,2.3,5.3,5.3,6
354,15.002_d1_ge,A,0,4.4,4.9,6.7
355,3.015_d1_ge,A,0,3.6,4,4
356,3.008_d3_ge,A,0,2.2,3.4,4.2
357,15.004_d2_ge,A,0,7,9.8,11.8
358,6.008_d2_gn,A,2.4,5.3,5.7,6.2
359,3.013_d3_ge,A,2.1,3.1,3.5,3.7
360,15.005_d3_ge,A,1.2,3.5,4.2,3.2
361,3.004_d2_ge,A,0,0,3.6,2.8
362,6.011_d3_gn,A,1.7,6.2,14.2,14.5
363,13.002_d1_ge,A,0,5.3,7.6,9.9
364,6.014_d2_gn,A,0,4.5,4.1,4.6
365,15.013_d0_gn,A,0.5,5,7.1,8
366,25.008_d3_gn,A,0.8,5.6,5.5,7.6
367,25.001_d0_ge,A,2,5.1,4.9,5.6
368,15.011_d3_gn,A,1.7,4.5,4.3,5.4
369,3.009_d1_ge,A,0.3,4.5,6.9,7.7
370,15.009_d1_ge,A,1.3,5.5,6,7
371,3.011_d2_gn,A,0,0.9,3,3.7
372,15.002_d2_gn,A,1.1,5.1,6,7.8
373,6.001_d3_gn,A,1.6,4.8,9.1,14.7
374,25.005_d2_gn,A,1.5,5.3,6.4,8.6
375,3.013_d1_gn,A,0,3.9,4,3.5
376,15.014_d2_ge,A,2.5,4.5,4.5,4.8
377,3.002_d3_ge,A,0,3.4,4.4,5.4
378,3.001_d2_gn,A,1.3,3.9,4,3.8
379,15.004_d0_gn,A,1.1,4.1,4,4.3
380,13.015_d3_gn,A,1,4.9,5.1,4.6
381,6.011_d1_ge,A,1.3,5.3,5.6,7
382,3.014_d0_gn,A,0,2.9,3.1,3.3
383,13.011_d2_ge,A,1.5,6.3,17.5,24
384,25.011_d1_ge,A,1.5,5.9,6.9,7.8
385,13.013_d0_gn,A,1.3,3.8,3.6,4.6
386,6.006_d0_ge,A,2.8,4.5,4.7,5
387,25.009_d2_ge,A,1.6,5.9,6,6.6
388,6.001_d3_ge,A,2,6.2,16.1,20
389,15.008_d3_ge,A,1.2,4.9,6.7,7.1
390,3.004_d2_gn,A,0.6,3.9,4.1,4.5
391,13.004_d2_gn,A,1.6,5,5.1,7.2
392,25.001_d2_ge,A,2,5.5,5.9,6.4
393,15.014_d2_gn,A,1.1,5.9,12.1,16.6
394,25.004_d3_ge,A,0,4.1,6.6,6
395,25.003_d0_ge,A,2.1,4.6,4.5,5.5
396,13.007_d0_ge,A,3.4,4.4,4.2,5
397,6.011_d3_ge,A,0,5.6,14.9,21.9
398,25.008_d1_ge,A,1.4,6,5.5,6.3
399,6.008_d2_ge,A,0.8,7.9,9.6,11.5
400,3.006_d3_ge,A,4.2,5.4,5.6,5.4
401,15.011_d1_ge,A,0,4,4,4.7
402,3.008_d2_gn,A,0.2,2.4,2.8,3.5
403,6.013_d0_gn,A,1.9,7,10.7,17.5
404,3.005_d1_gn,A,0,3.6,3.6,3.5
405,13.015_d0_ge,A,0,5.4,8.8,8.9
406,15.005_d3_gn,A,1.9,4.2,4.8,4.3
407,25.009_d0_gn,A,2.6,6,6.1,6.2
408,3.003_d3_ge,A,1.2,2.5,2.9,2.5
409,13.004_d1_gn,A,1.4,3.8,3.8,3.6
410,13.005_d2_ge,A,1.4,3.7,4.1,4.1
411,13.013_d2_ge,A,2.2,3,3.5,3.2
412,15.013_d2_gn,A,1.8,3.5,3.9,3.8
413,6.006_d3_gn,A,1,3.8,4,4.1
414,13.010_d0_gn,A,1.9,5.1,5.4,5.1
415,6.015_d2_gn,A,1.1,4.1,4.5,4.3
416,13.005_d3_gn,A,1.4,3.1,3.5,3.5
417,25.004_d1_gn,A,2.2,5.1,5,4.9
418,6.007_d0_gn,A,2.1,4.9,7.4,7.5
419,6.010_d0_gn,A,0,2,2.8,2.9
420,25.012_d2_ge,A,4.7,5.1,5.9,5.8
421,6.014_d1_gn,A,1.8,4.5,4.6,4.6
422,3.003_d1_gn,A,0,2.2,3.9,2.7
423,6.013_d1_gn,A,0.8,5.3,12,14.2
424,25.006_d0_gn,A,2,8.6,19.3,19.9
425,15.007_d0_gn,A,0.9,4,4.2,4.1
426,13.008_d3_ge,A,1.1,3.6,3.9,3.7
427,6.014_d3_gn,A,2.4,5.4,5.3,5.3
428,15.003_d0_gn,A,1.9,5,4.5,5.3
429,15.004_d2_gn,A,0.6,1.9,2.5,2.5
430,13.013_d0_ge,A,2.5,3.9,4,4.1
431,15.011_d2_ge,A,0.9,4.6,12.2,15.4
432,15.005_d2_ge,A,1.8,3.9,3.9,4.4
433,25.009_d0_ge,A,3.5,6.9,6.8,6.9
434,6.011_d0_ge,A,1.1,5,5,5.7
435,3.003_d2_gn,A,0,1.3,3.6,3.6
436,13.004_d1_ge,A,0,4.1,4.7,4.5
437,13.012_d2_ge,A,2.8,3.5,4,3.7
438,6.004_d1_ge,A,0,4.9,6.5,6.7
439,13.005_d0_ge,A,1.6,3.7,4,4
440,3.007_d2_ge,A,0.2,2.3,3.6,3.4
441,6.010_d3_gn,A,2,4.7,4.2,5
442,3.010_d0_ge,A,0,4.4,5.1,4.8
443,13.007_d1_gn,A,1.8,5.3,5.2,5.1
444,25.009_d2_gn,A,1.9,5.5,5.6,5.1
445,15.009_d0_ge,A,2,4.8,5.1,4.8
446,13.003_d0_gn,A,1.9,5,7.9,7.9
447,25.007_d1_ge,A,2.9,3.9,3.9,3.6
448,6.012_d0_ge,A,3.5,4.5,4.9,4.8
449,25.005_d2_ge,A,1.2,4.4,4.8,4.7
450,15.014_d3_ge,A,0.2,2.9,2.8,3.1
451,3.010_d1_ge,A,0,2.7,3.2,3.3
452,25.015_d0_ge,A,0,7,9.4,9.6
453,6.012_d3_ge,A,3.9,4.8,5,5
454,13.003_d3_gn,A,2.1,3.9,4.4,3.9
455,15.009_d2_ge,A,1.6,4,4.8,4.1
456,15.006_d3_ge,A,2.6,3.9,4.5,4.1
457,25.011_d3_gn,A,2.6,5.2,5.4,5.1
458,25.003_d2_ge,A,3.9,6.3,7.7,7.6
459,6.008_d0_gn,A,1.7,4.7,4.7,5
460,13.007_d3_ge,A,2.8,3.5,3.6,3.5
461,15.011_d1_gn,A,1.4,4.6,7.6,8.4
462,25.001_d0_gn,A,2.6,5,5.4,5.5
463,15.006_d0_gn,A,0.9,4,4.1,5.4
464,15.010_d0_gn,A,2,6.9,15.9,16.9
465,3.001_d3_gn,A,0.6,4,4.1,4.4
466,13.002_d1_gn,A,1.5,4,4,3.9
467,3.007_d3_ge,A,1.6,2.9,3,2.7
468,15.008_d3_gn,A,2.2,8,17.2,22.5
469,25.010_d2_gn,A,2.4,6,6.2,6.9
470,6.012_d1_ge,A,4.5,5,4.9,5.8
471,3.003_d0_gn,A,0.1,2.5,3,4.1
472,6.003_d2_ge,A,1.2,4,4,4
473,25.015_d2_ge,A,0,6.6,10,10.4
474,13.015_d2_ge,A,0,5.6,10.1,10.5
475,6.009_d2_gn,A,0,5.2,5.5,5.3
476,25.010_d2_ge,A,0,5.7,6.1,6
477,15.008_d2_gn,A,1.7,4.5,4.2,4.6
478,6.007_d3_ge,A,0.3,4.7,5,5.4
479,25.015_d1_ge,A,0,5.9,9.2,10
480,6.013_d1_ge,A,3.2,4.5,4.2,4.3
481,25.005_d3_gn,A,2.1,4.9,4.9,5.5
482,6.014_d1_ge,A,2.7,4.2,10.6,11.3
483,3.012_d1_ge,A,0.6,2.1,2.4,2.3
484,6.005_d3_ge,A,2.4,5,5.5,5.6
485,3.013_d0_gn,A,0,3.4,3.4,3.5
486,25.002_d1_gn,A,2.9,5.3,5.1,5.2
487,3.015_d3_gn,A,0.5,3.6,6,5.8
488,6.013_d0_ge,A,2.2,3.6,3.6,3.4
489,15.008_d0_ge,A,0.3,6.3,17.2,24
490,3.002_d0_ge,A,0,2.2,4.8,5.4
491,13.011_d0_gn,A,2,4.1,4.1,5.1
492,3.015_d2_gn,A,0.4,3.6,6.9,6.7
493,25.007_d1_gn,A,2.7,5.5,6.2,6.8
494,3.009_d0_gn,A,0.8,4.2,4.2,4.2
495,13.012_d3_ge,A,4,4.9,4.2,4.5
496,15.001_d3_ge,A,1,3,3.2,3.8
497,25.008_d2_ge,A,0,5.1,5.1,5.4
498,3.001_d0_ge,A,1.1,3.6,4.2,4.2
499,3.012_d2_gn,A,0.6,4.1,4.1,3.9
500,13.002_d3_gn,A,2.4,3.8,3.9,3.7
501,3.013_d0_ge,A,2.9,4.5,4.5,4.1
502,6.004_d3_gn,A,0.8,4,3.9,4.2
503,25.015_d3_gn,A,2.5,5.5,5.5,6.2
504,6.011_d2_ge,A,0.7,4.7,5,5.6
505,15.012_d2_ge,A,4.4,5.4,5.2,5
506,3.007_d1_gn,A,0,3.4,3.3,3.1
507,15.011_d0_ge,A,0.8,4.2,4.4,4.8
508,13.012_d2_gn,A,1.8,4.9,5.6,6.1
509,3.002_d0_gn,A,0,3.3,3.4,3.9
510,25.005_d1_ge,A,2.1,6,7.6,8
511,3.014_d0_ge,A,1.2,2.7,2.8,2.5
512,25.011_d2_gn,A,2.9,10.4,24,32.7
513,6.001_d2_ge,A,0,3.2,6,6.5
514,13.003_d1_ge,A,2.5,4.4,4.2,4.5
515,6.013_d3_ge,A,2.2,3.7,3.8,3.7
516,15.010_d2_gn,A,1.5,5.4,7,7.9
517,25.005_d3_ge,A,2.2,8.3,13.7,15.5
518,13.001_d0_gn,A,2.3,5.8,9,9.5
519,13.006_d1_gn,A,2.2,4,4.4,4
520,25.007_d0_ge,A,3.7,4.7,5.2,5.2
521,13.013_d1_gn,A,1.5,5,11,14.1
522,15.009_d3_gn,A,1.4,6.1,15.1,18.5
523,15.004_d3_ge,A,0,3.7,5,6.9
524,25.001_d3_gn,A,1.8,5.4,5.3,5.9
525,3.002_d3_gn,A,0,4.7,10.9,12.7
526,3.006_d2_gn,A,0,1.8,2.3,2.1
527,6.011_d0_gn,A,0.7,4.5,4.5,5.9
528,6.004_d1_gn,A,1.6,6.6,9.9,10.7
529,15.011_d3_ge,A,0,3.6,5.4,5.1
530,6.010_d2_ge,A,0,5,7.2,8.1
531,15.014_d1_gn,A,0.9,4,4.4,5.7
532,3.006_d1_gn,A,0.2,3.7,3.6,3.6
533,6.008_d3_ge,A,1.2,5.5,8.9,9
534,6.008_d3_gn,A,0,1.3,4,4.9
535,15.004_d1_ge,A,0,3.6,4.8,6.5
536,3.004_d3_ge,A,0.2,4.4,4.2,4.9
537,3.012_d1_gn,A,0,5.1,7.7,7.6
538,13.005_d2_gn,A,1.5,5,4.9,5.6
539,25.013_d1_gn,A,2.2,4.6,4.4,4.4
540,13.003_d2_gn,A,2.6,6,6.9,7.4
541,6.006_d2_gn,A,2.1,4.9,5.1,6.2
542,15.015_d3_gn,A,0.5,4.9,4.9,5.2
543,15.007_d0_ge,A,0,0,0,0
544,25.002_d1_ge,A,0,5.8,6.6,7.5
545,3.011_d3_gn,A,0,2.5,2.7,3
546,3.010_d3_ge,A,0,1.4,3.4,3.2
547,25.002_d2_ge,A,0,6.8,13,13.3
548,13.001_d3_gn,A,1.9,4.4,4.2,5.1
549,3.006_d1_ge,A,2.5,3.4,3.5,3.4
550,15.005_d2_gn,A,0.7,5.9,9,8.8
551,3.014_d1_ge,A,1.9,3.6,3.5,3.3
552,15.003_d1_ge,A,1.9,3.8,3.8,3.6
553,15.009_d1_gn,A,0.2,3.6,3.5,3.9
554,3.002_d1_gn,A,0.8,4.5,6.5,7
555,6.004_d2_gn,A,0,5.1,13.6,16
556,3.008_d1_gn,A,1.1,4.9,4.8,4.6
557,25.014_d1_gn,A,1.9,6.1,8.4,8.4
558,13.010_d3_gn,A,0,5.4,5.5,5.6
559,13.005_d0_gn,A,2,5.2,6.5,7
560,25.007_d3_gn,A,2.3,5,5.1,4.9
561,15.003_d1_gn,A,1,4.2,4.4,4.3
562,25.006_d2_ge,A,4,5,4.6,5
563,13.014_d2_ge,A,2.8,4.9,5,5.2
564,15.013_d3_gn,A,2.7,5.5,16.2,20.2
565,25.014_d3_ge,A,3.6,5.5,5.5,6
566,6.015_d3_ge,A,0,4.3,4.9,5.4
567,6.008_d1_ge,A,0,1.5,2.3,2.5
568,25.007_d2_ge,A,5.2,6.5,6.4,6.3
569,25.008_d1_gn,A,2.5,6,5.8,6.6
570,13.003_d0_ge,A,0,0,3.8,3.9
571,25.003_d3_gn,A,0.9,6,5.9,5.9
572,13.002_d3_ge,A,0,4.9,5.4,5.6
573,25.014_d0_gn,A,1.4,5.5,5.7,5.8
574,3.005_d2_ge,A,0,0,0,0
575,6.002_d1_gn,A,1.1,8.5,18.9,21.1
576,6.001_d1_ge,A,1.5,3.5,4.4,4.8
577,15.002_d0_gn,A,1.3,3.8,4,4.4
578,13.010_d1_ge,A,0,0.5,0.5,0.5
579,13.009_d0_ge,A,2.1,4.5,4.6,4.9
580,25.012_d2_gn,A,2.4,5.8,5.8,6.2
581,25.010_d0_ge,A,0,3.5,5.5,5.6
582,3.015_d2_ge,A,0,3.6,4.8,4.8
583,25.010_d0_gn,A,2.1,6.5,8.5,8.9
584,15.007_d3_gn,A,1.2,5,5,6.1
585,15.002_d1_gn,A,1.9,7.5,15.7,18.4
586,3.014_d2_gn,A,0,4,3.8,5.3
587,6.008_d0_ge,A,0,0,0,0
588,6.007_d2_gn,A,0,5,6.7,8.1
589,3.014_d3_ge,A,1.7,3.6,3.8,3.9
590,6.004_d2_ge,A,0,4.3,5.1,5.2
591,3.001_d1_gn,A,0,3.3,3.3,3.2
592,15.012_d3_gn,A,0.9,3.6,3.7,3.8
593,25.009_d1_gn,A,1.1,6,7.4,8.4
594,3.001_d2_ge,A,1,3.6,3.5,3.5
595,25.013_d2_ge,A,3.9,5.2,5.5,4.9
596,13.004_d0_gn,A,1.6,5,5.4,6.3
597,13.011_d1_gn,A,1.5,6.3,15,18.5
598,6.004_d3_ge,A,0,5.2,13.1,22.1
599,3.012_d3_ge,A,3.8,4.5,5,5.1
600,3.007_d0_ge,A,0,2.4,2.4,2.5
1,3.005_d1_ge,B,0.6,4.2,4.1,4
2,13.003_d1_gn,B,1.8,5,5,4.8
3,13.011_d3_gn,B,1,6.2,10.5,17.2
4,15.005_d1_ge,B,0,4,4.5,5.6
5,13.009_d3_ge,B,0.8,3.5,3.6,3.5
6,15.006_d0_ge,B,2.8,3.6,3.9,3.6
7,15.006_d3_gn,B,0.7,4,5.7,6.1
8,15.006_d1_gn,B,0.9,5.3,5.2,6.7
9,25.011_d0_gn,B,1.6,4.7,4.9,6.1
10,15.003_d0_ge,B,0,1.9,1.5,2.5
11,15.009_d3_ge,B,0,4.8,4.7,4.6
12,25.009_d3_ge,B,1.9,5.1,5.4,5.1
13,25.006_d1_ge,B,3.6,6.4,5.6,5.5
14,6.002_d2_gn,B,0.4,6.1,6.5,6.4
15,6.005_d1_ge,B,1.7,4.7,4.4,5.2
16,6.001_d1_gn,B,1.2,4.7,5,4.5
17,25.006_d3_gn,B,1.8,5.5,7.2,7.5
18,13.005_d1_ge,B,1.5,5.5,10,9.5
19,6.005_d0_gn,B,1.5,5.6,5.2,6.1
20,3.001_d3_ge,B,0,2.6,2.9,2.7
21,13.001_d2_ge,B,1,3.9,3.8,3.8
22,3.009_d2_gn,B,0,1.6,3,2.9
23,25.013_d3_gn,B,0.8,4.9,5.2,4.8
24,25.013_d0_ge,B,4,5.2,5.4,4.4
25,13.006_d3_gn,B,1.4,2.5,4.6,3.6
26,15.003_d3_gn,B,1.5,4.6,8.4,8.3
27,6.003_d1_ge,B,2.5,3.9,3.8,3.5
28,6.007_d2_ge,B,2.4,4,4.1,3.8
29,3.007_d3_gn,B,0,2.6,3,2.9
30,15.002_d3_gn,B,1,5,5.2,6
31,6.009_d0_gn,B,1.7,4.7,6.6,6.9
32,13.009_d1_ge,B,0.7,4,4.4,3.9
33,6.010_d3_ge,B,0,3.4,4.9,4.8
34,13.008_d2_ge,B,0.5,3,3.5,3.3
35,6.010_d1_ge,B,0,5,6.2,7.1
36,6.003_d3_gn,B,0,4,4,4.1
37,3.011_d0_gn,B,0.9,3.8,3.6,3.8
38,15.004_d1_gn,B,1.2,3.4,3.8,3.4
39,3.002_d2_gn,B,0,3,2.8,2.8
40,3.011_d1_gn,B,0.9,4.4,4.2,5
41,6.013_d2_gn,B,0.4,4,4.2,5.5
42,15.014_d0_gn,B,1.6,3.7,4.2,4.1
43,3.004_d1_ge,B,0,4,11.4,11.5
44,13.006_d1_ge,B,3.6,4.7,5,4.6
45,3.007_d2_gn,B,0,1.4,3.2,7.5
46,15.015_d1_gn,B,1.1,5,7.6,8.1
47,15.010_d1_gn,B,1.4,4.5,4.8,6.1
48,3.012_d0_ge,B,2.9,3.7,4.2,3.9
49,3.003_d2_ge,B,0.7,3,3.5,3.4
50,6.001_d0_ge,B,2.3,6.2,6.1,5.9
51,3.005_d0_ge,B,0.4,4.7,4.7,5.4
52,15.015_d2_ge,B,0,3.9,9.5,14.5
53,3.005_d3_ge,B,0,2.5,2.8,2.7
54,25.002_d0_gn,B,2.3,5.6,5.9,5.5
55,15.002_d2_ge,B,0,3,4.5,4
56,13.012_d0_gn,B,1.9,4.1,4.1,5.1
57,15.013_d3_ge,B,2.2,3.4,4.4,3.6
58,13.006_d2_ge,B,3.6,4.9,5,4.8
59,25.011_d1_gn,B,0.1,4.3,6.1,7.1
60,6.013_d2_ge,B,2.4,3.9,3.8,4
61,25.007_d2_gn,B,1.8,4.7,4.7,4.6
62,6.007_d1_ge,B,2.1,3.9,4,3.6
63,25.004_d3_gn,B,2,5.8,5.9,5.8
64,6.007_d3_gn,B,0,4.9,5.1,5.1
65,3.011_d3_ge,B,0,4,4.1,4.7
66,25.014_d2_gn,B,0.9,4.5,4.8,4.1
67,25.012_d1_ge,B,3.5,4.1,4.3,4
68,25.005_d0_ge,B,1.6,4.9,5.2,4.8
69,15.005_d0_gn,B,1.1,4.1,4.5,4.2
70,25.002_d2_gn,B,0.7,5.8,6,5.8
71,13.004_d2_ge,B,0,5.1,6.8,7.2
72,6.007_d0_ge,B,1.4,3.5,3.6,3.7
73,6.002_d1_ge,B,0,3.7,4.5,4.1
74,13.010_d3_ge,B,0,3.5,5,4.7
75,6.015_d0_gn,B,1.5,4.7,4.8,4.7
76,25.002_d0_ge,B,0,5.4,6.8,7.2
77,6.001_d0_gn,B,0,4,4,4.4
78,6.009_d0_ge,B,1.4,4,4.5,4
79,13.002_d2_ge,B,0,4,6,7.6
80,25.003_d3_ge,B,2.2,4.1,5.5,5.9
81,13.007_d3_gn,B,0.9,3.7,4.4,4.1
82,25.014_d0_ge,B,2,4.3,4.4,4
83,13.015_d1_gn,B,1.9,4.5,6.3,6.8
84,3.006_d3_gn,B,0,3.8,4.2,3.8
85,15.015_d1_ge,B,0,5.6,6.1,6.3
86,3.011_d1_ge,B,0,3.7,5,5.9
87,15.007_d2_ge,B,3.5,5.1,5.6,5.2
88,25.004_d1_ge,B,0,7.1,7.1,7.3
89,13.015_d1_ge,B,0,4.6,4.9,5.5
90,15.006_d2_ge,B,3.4,4.5,4.9,4.5
91,13.007_d1_ge,B,3.5,4.6,4.5,4.2
92,6.005_d1_gn,B,1.1,3.3,3.6,3.5
93,6.003_d3_ge,B,2,3.5,3.7,3.5
94,25.010_d1_ge,B,0,3.9,5.9,5.6
95,25.010_d3_ge,B,0,5.5,6.1,6.1
96,25.009_d3_gn,B,1.1,5.4,6.3,6.7
97,13.008_d0_gn,B,1.3,4,4.3,3.9
98,6.003_d0_gn,B,0.7,4.5,5,4.8
99,13.011_d0_ge,B,0,4.8,5.9,5.5
100,15.010_d0_ge,B,0,3.5,3.4,3.3
101,25.005_d1_gn,B,1.6,4.2,3.9,6.3
102,6.015_d3_gn,B,1.1,3.7,4.2,3.8
103,3.003_d0_ge,B,1.5,4,4.6,6.2
104,3.013_d2_gn,B,0,2.9,3.3,3.5
105,3.012_d0_gn,B,0,3.7,4,3.2
106,13.006_d0_ge,B,4.2,5,5.3,5.2
107,25.015_d2_gn,B,1.2,4.5,5.1,4.7
108,13.002_d0_gn,B,1.5,4,4.1,3.8
109,15.004_d3_gn,B,1.1,4,4.1,5
110,3.005_d3_gn,B,0,4.1,11.1,16
111,3.004_d1_gn,B,0,4,9.4,12.8
112,15.012_d1_gn,B,0,4.4,4.8,4.6
113,6.014_d0_ge,B,1.9,3.5,3.8,4
114,13.007_d2_ge,B,2.9,4,4.2,4.1
115,15.006_d2_gn,B,1.1,3.9,3.7,4
116,6.003_d2_gn,B,0,3.9,3.8,4.9
117,6.013_d3_gn,B,1.5,4.8,4.9,4.7
118,25.015_d3_ge,B,0,5.5,6,7.5
119,13.011_d1_ge,B,0.4,4.9,6.5,7.4
120,25.004_d0_gn,B,1.8,5.8,6,6.5
121,3.010_d1_gn,B,0,1.5,3.2,3.5
122,6.006_d1_gn,B,0.5,3.1,3.5,3.2
123,15.015_d0_gn,B,0.2,3.9,4.4,5.1
124,3.015_d3_ge,B,0,1.5,3.1,2.9
125,15.012_d1_ge,B,3.1,4.9,4.9,4.9
126,6.001_d2_gn,B,0,3.6,4,3.8
127,6.011_d2_gn,B,1.2,5.2,5.2,5.1
128,15.007_d1_ge,B,2.5,3.6,4.1,3.5
129,3.001_d0_gn,B,0,2.8,3.7,4.8
130,3.009_d3_ge,B,0,3.4,7.1,10.9
131,13.005_d1_gn,B,1.3,3.9,3.9,3.6
132,6.009_d1_ge,B,1.5,3.9,4.2,3.6
133,6.012_d2_gn,B,0,3.5,3.8,3.5
134,15.014_d3_gn,B,1.6,4.8,5.2,5.1
135,3.014_d2_ge,B,0,1.5,3.1,3.1
136,13.001_d3_ge,B,0,5.1,5.3,5.2
137,15.010_d3_gn,B,1.2,3,4,3.8
138,6.008_d1_gn,B,0,5,4.8,4.5
139,15.001_d2_gn,B,1.3,4.8,5,5.1
140,6.015_d1_gn,B,1.1,5,14.3,16
141,3.008_d3_gn,B,0,3,3.5,4.5
142,25.003_d1_ge,B,3.2,5.4,5.2,5.1
143,3.009_d0_ge,B,0,3,3.4,3.7
144,25.001_d1_gn,B,2,6.1,6.2,6.5
145,3.013_d3_gn,B,0,0,0,0
146,15.010_d2_ge,B,0,4.6,5.9,5.6
147,13.013_d3_gn,B,0.5,5.1,12.2,15.4
148,6.009_d2_ge,B,2,5.5,8.3,11.3
149,25.004_d2_gn,B,2.1,4.8,4.7,5.2
150,13.014_d0_ge,B,1.8,4,4.4,4.6
151,15.003_d3_ge,B,2.1,5,5.1,4.9
152,6.007_d1_gn,B,1.1,3.3,3.5,3.1
153,6.002_d2_ge,B,0,3.5,4.9,4.6
154,15.008_d1_ge,B,0.4,3.6,4,3.7
155,25.003_d2_gn,B,0,5.3,5.9,6.6
156,13.008_d1_gn,B,1.5,4.6,4.2,5.2
157,15.001_d0_gn,B,0.5,3,4.1,3.7
158,15.004_d0_ge,B,0,3.9,5,4.5
159,15.015_d2_gn,B,0.5,4.5,7.4,7.9
160,6.011_d1_gn,B,1.1,5.1,11.2,12.5
161,13.014_d2_gn,B,0.8,4.6,7.1,8.1
162,13.008_d2_gn,B,1.1,2.9,3.5,3.3
163,13.010_d2_gn,B,0.4,4.9,5.8,5.6
164,13.010_d0_ge,B,0,4.7,5.5,5.9
165,25.008_d3_ge,B,0.6,6.5,6.8,8.3
166,15.013_d0_ge,B,0,0,0,0
167,13.011_d2_gn,B,1.2,4.9,5.2,4.9
168,6.010_d0_ge,B,0,4.9,7,7.4
169,13.001_d1_ge,B,1.4,4.5,4.5,4.2
170,15.007_d3_ge,B,2.4,3.6,4,4.1
171,15.012_d3_ge,B,2.2,2.7,3.2,3.1
172,15.002_d0_ge,B,0,2.6,4.1,4.7
173,13.014_d1_gn,B,1.5,3.8,3.8,3.5
174,6.012_d0_gn,B,1.1,6.5,16.1,20.4
175,15.010_d3_ge,B,0,4.5,5.9,7.2
176,3.003_d3_gn,B,0,0,0,0
177,15.007_d1_gn,B,0.9,4.1,4.6,4.4
178,25.007_d3_ge,B,3.9,5.2,5.5,5.3
179,13.012_d3_gn,B,0.4,3.6,3.8,3.9
180,13.007_d2_gn,B,1.2,4.4,4.6,4.6
181,13.004_d0_ge,B,0,6.1,7.4,9.2
182,25.012_d1_gn,B,1.9,5.6,5.6,5.7
183,13.013_d3_ge,B,2.5,4.5,4.9,4.5
184,15.002_d3_ge,B,0,3.4,4.9,4.7
185,6.015_d1_ge,B,0,4.5,5,5.1
186,25.004_d2_ge,B,0,7.9,11.6,12.5
187,3.006_d0_gn,B,0,1.7,2.9,2.8
188,15.001_d0_ge,B,1.1,4,4.5,3.9
189,15.003_d2_gn,B,1.7,5.7,7.6,8.8
190,13.013_d2_gn,B,1.5,4.9,6.8,8
191,25.001_d3_ge,B,1.4,5.3,5.9,6
192,13.003_d2_ge,B,1.3,3.4,3.9,3.8
193,3.010_d2_gn,B,0,4.2,4.9,4.6
194,6.004_d0_gn,U,0,5.4,5.6,6.9
195,15.011_d2_gn,B,0.9,5.2,7.5,9.3
196,25.003_d1_gn,B,2,4.9,4.9,6.1
197,13.009_d1_gn,B,1.5,3.9,4.2,4
198,3.015_d1_gn,B,0,3.1,3.5,3.4
199,13.014_d0_gn,B,0.4,4.8,5.5,5.5
200,25.007_d0_gn,B,1.5,5.3,5.5,6.1
201,13.001_d1_gn,B,1.6,4.4,4.2,4.9
202,6.006_d3_ge,B,3.1,2.9,4.4,4.1
203,13.009_d3_gn,B,1.6,3.7,4.4,4.1
204,15.009_d2_gn,B,0,3.5,3.8,4.3
205,13.002_d0_ge,B,0,5.1,6.5,6.5
206,15.015_d0_ge,B,0,2.1,2.9,3.6
207,6.009_d1_gn,B,1.7,4.5,4.5,5.1
208,13.002_d2_gn,B,1.4,6.7,14,20.6
209,13.006_d0_gn,B,1.9,4.2,4.9,4.5
210,25.014_d2_ge,B,3.1,5.3,5.5,5.6
211,15.001_d2_ge,B,1.4,4.1,4.4,4.3
212,6.010_d2_gn,B,1.4,4.4,4.6,4.7
213,25.002_d3_gn,B,2,5.4,4.9,5.1
214,3.001_d1_ge,B,0,2.7,2.7,2.8
215,15.001_d1_ge,B,1.1,3.5,3.9,4.2
216,15.006_d1_ge,B,3.4,4,4.5,4.1
217,6.014_d3_ge,B,2,3.8,4,3.9
218,6.002_d0_gn,B,1.5,5.3,10.4,12.3
219,3.013_d2_ge,B,1.1,2.1,2.5,3.2
220,13.010_d1_gn,B,0,3.7,4.5,4.4
221,13.009_d2_gn,B,2.3,5,5.2,5
222,13.008_d3_gn,B,1.3,3.7,4.3,4.3
223,13.004_d3_ge,B,0,4.6,5,5.4
224,13.009_d0_gn,B,1.2,3.7,4.7,4.7
225,25.008_d0_gn,B,2.2,4.9,5,5
226,25.011_d3_ge,B,1.4,5.4,5.4,5
227,25.012_d3_ge,B,4.1,5.6,5.7,5.6
228,15.014_d1_ge,B,2.1,4,3.5,5.3
229,6.012_d1_gn,B,1.6,6.2,12.2,13.3
230,15.005_d1_gn,B,0.8,3.3,3.9,3.8
231,6.006_d2_ge,B,3.5,5.1,5.3,5
232,25.004_d0_ge,B,0,5.3,5.6,5.8
233,3.007_d1_ge,B,0.6,2.1,3.4,3.7
234,6.015_d0_ge,B,0,3.3,4.1,4.5
235,13.012_d1_gn,B,1.3,5.4,11.4,14
236,13.011_d3_ge,B,0,3.8,4.6,5.1
237,6.014_d0_gn,B,1.7,4,3.9,4.1
238,13.006_d3_ge,B,3.5,4.4,4.5,4.5
239,3.012_d2_ge,B,3.4,4.3,4.3,4.4
240,25.015_d1_gn,B,2.4,5.7,5.9,5.8
241,6.009_d3_ge,B,2,5.2,7.7,8.4
242,3.006_d2_ge,B,2.5,4.1,3.9,4
243,25.013_d3_ge,B,3,5.4,5.9,6
244,25.010_d3_gn,B,2.6,7,7,7.7
245,25.013_d2_gn,B,1.1,7.1,11.8,12.4
246,3.008_d2_ge,B,0,4.8,4.8,4.9
247,3.011_d2_ge,B,0,3.5,3.9,5.2
248,3.014_d1_gn,B,0,3,2.9,2.8
249,6.010_d1_gn,B,1.3,4.1,4.1,4.3
250,15.005_d0_ge,B,0.4,4.2,4.3,5.3
251,25.005_d0_gn,B,0.4,4.8,5,5.6
252,3.009_d3_gn,B,0.9,3.9,4.1,4.5
253,13.006_d2_gn,B,0.8,4.4,4.5,5.2
254,6.004_d0_ge,B,0,3.6,4.3,4
255,6.005_d2_ge,B,0,1.3,3.7,3.9
256,13.015_d0_gn,B,1,4,4,4.9
257,25.006_d2_gn,B,2.3,9.5,20.9,24.1
258,15.015_d3_ge,B,0,4.5,4.9,5
259,25.002_d3_ge,B,0,6.3,8.9,10.3
260,13.001_d0_ge,B,0,3.5,4.1,4.2
261,15.014_d0_ge,B,1.9,3.2,3.6,3.6
262,25.006_d0_ge,B,4.5,7.1,7,7
263,25.008_d0_ge,B,1.5,6.9,8.5,9.4
264,15.012_d2_gn,B,1.3,4.6,4.8,6.2
265,6.003_d1_gn,B,0.9,5.1,15.5,16.2
266,15.013_d1_gn,B,1.2,4.3,5.5,5.2
267,25.006_d3_ge,B,5.1,6.5,7.5,6.9
268,6.002_d3_ge,B,0,0,0,0
269,13.015_d3_ge,B,0,4.5,5.3,5.6
270,3.005_d0_gn,B,0,3,3.7,3.8
271,6.005_d2_gn,B,0.8,3.7,4,4
272,15.012_d0_ge,B,2.9,5,4.9,4.7
273,6.006_d0_gn,B,1.7,4.9,5.3,6
274,15.008_d0_gn,B,1.1,6.7,15.5,17.3
275,15.001_d3_gn,B,1.6,5.2,6.1,6.2
276,13.013_d1_ge,B,0.5,2.9,3.1,3.2
277,3.008_d0_gn,B,0.4,3.6,3.7,3.8
278,25.014_d3_gn,B,2.9,6.3,6.4,6.3
279,13.008_d0_ge,B,0,3.3,5.4,5.1
280,3.005_d2_gn,B,0,3.4,4.3,4.3
281,25.013_d0_gn,B,1.9,4.5,4.4,4.2
282,3.008_d0_ge,B,0,4.5,6.4,7.2
283,25.014_d1_ge,B,2.2,4.9,4.8,5
284,6.014_d2_ge,B,1.9,4.7,5,4.8
285,3.011_d0_ge,B,0,2.9,3.4,3.4
286,6.003_d0_ge,B,1.5,3.4,3.6,3.6
287,3.012_d3_gn,B,0,4.2,4,5.7
288,13.005_d3_ge,B,0.7,2.8,4.2,3.8
289,25.009_d1_ge,B,1.5,4.5,4.4,4.6
290,3.006_d0_ge,B,1.9,3.5,4.2,3.4
291,13.015_d2_gn,B,1.3,4.5,4.2,4.2
292,13.008_d1_ge,B,0,4.2,8.1,9.6
293,3.008_d1_ge,B,0.6,4.1,4.4,4.8
294,6.006_d1_ge,B,1.1,3.1,4.4,3.8
295,3.015_d0_ge,B,0,1.6,2.8,3
296,15.001_d1_gn,B,1.1,4.8,4.8,6
297,6.005_d3_gn,B,0.7,3.7,3.9,4
298,6.012_d2_ge,B,2.4,4.4,4.6,3.9
299,3.004_d0_gn,B,0,3.7,4.5,6.1
300,3.002_d2_ge,B,0,3.8,4.9,4.8
301,15.003_d2_ge,B,1.7,3.5,3.8,3.5
302,15.013_d2_ge,B,2.5,3.8,3.8,3.7
303,25.011_d0_ge,B,1,5.4,5.5,6.1
304,3.010_d3_gn,B,0.5,4,4.5,4.6
305,3.009_d2_ge,B,0,3.5,4.1,3.9
306,3.010_d2_ge,B,0,0.9,2.9,2.7
307,3.007_d0_gn,B,0,2.9,3.6,3.9
308,25.012_d0_ge,B,4.6,5.6,5.4,5.6
309,6.009_d3_gn,B,0.9,5.4,7,8.6
310,13.003_d3_ge,B,1.9,3.9,3.9,3.9
311,13.014_d3_ge,B,1.5,3.1,3.3,3.3
312,25.001_d2_gn,B,1.6,5.2,5.1,5.1
313,13.012_d1_ge,B,3,4.4,4.5,4.4
314,13.014_d1_ge,B,1.8,4.1,9.2,10.3
315,15.011_d0_gn,B,0.5,5.1,4.9,5.6
316,3.004_d0_ge,B,0,3.4,3.9,4
317,13.014_d3_gn,B,1.6,5.5,8.1,9.7
318,25.013_d1_ge,B,3.5,4.7,4.8,4.5
319,15.008_d2_ge,B,0,4.3,5.5,5.3
320,25.011_d2_ge,B,0,5.6,5.6,5.4
321,13.012_d0_ge,B,4.6,4.9,5.1,5.2
322,25.001_d1_ge,B,0.9,3.6,5.2,6.9
323,13.004_d3_gn,B,2,5.4,5.6,5.9
324,13.001_d2_gn,B,2.1,4.9,5.3,5.5
325,15.012_d0_gn,B,1.3,3.9,4.6,4.5
326,3.015_d0_gn,B,0,4,4.8,4.9
327,3.013_d1_ge,B,3,4.5,5.5,5.2
328,6.002_d3_gn,B,2.2,5.6,6.4,6.6
329,3.014_d3_gn,B,0.5,4.4,4.5,4.6
330,3.010_d0_gn,B,0,3.2,3.8,4.1
331,15.008_d1_gn,B,0.3,3.1,3.6,3.5
332,25.008_d2_gn,B,2.7,6,6,6
333,13.009_d2_ge,B,1.2,3.5,4,4
334,6.015_d2_ge,B,0,4.9,6.1,6.2
335,13.010_d2_ge,B,0,5.2,7,9.6
336,6.002_d0_ge,B,0,5,6,6.8
337,15.007_d2_gn,B,1.2,4.3,4.5,5.2
338,13.007_d0_gn,B,0,3.8,4.5,4.4
339,3.002_d1_ge,B,0,1.6,5.1,6.3
340,25.006_d1_gn,B,1.7,5,4.9,6.1
341,15.010_d1_ge,B,0,4.9,6.3,8.1
342,15.013_d1_ge,B,2.4,3.5,4.1,4.3
343,3.009_d1_gn,B,0.1,3.5,3.8,3.8
344,6.012_d3_gn,B,0,1.9,7.9,13.2
345,3.004_d3_gn,B,1.1,6.5,11.6,11.7
346,3.003_d1_ge,B,1.2,3.5,3.5,3.4
347,25.012_d0_gn,B,1.9,5.8,5.9,5.8
348,25.010_d1_gn,B,2.5,5.9,5.9,5.9
349,6.005_d0_ge,B,0.3,5.1,5.5,7.3
350,25.012_d3_gn,B,2.1,5.8,6,6
351,25.015_d0_gn,B,2.5,6.3,6.2,6.5
352,15.009_d0_gn,B,1.8,5.1,5.5,5.6
353,25.003_d0_gn,B,1.8,4.9,5.1,5.2
354,15.002_d1_ge,B,0,2.9,4.4,4.5
355,3.015_d1_ge,B,0,3,4,4.1
356,3.008_d3_ge,B,0,4.1,4.4,5.4
357,15.004_d2_ge,B,0,3.5,5.4,5.7
358,6.008_d2_gn,B,0.1,4.6,4.6,5
359,3.013_d3_ge,B,1.5,3.8,3.7,4.1
360,15.005_d3_ge,B,1.6,4.1,4.1,5.2
361,3.004_d2_ge,B,0,0,2.1,3
362,6.011_d3_gn,B,1.4,5.7,12.1,15.7
363,13.002_d1_ge,B,0,4.5,5.6,5.7
364,6.014_d2_gn,B,0,4.4,5.3,4.7
365,15.013_d0_gn,B,1.4,5.4,5.5,6.2
366,25.008_d3_gn,B,1.8,6,6.4,7.6
367,25.001_d0_ge,B,1.9,5.7,5.7,6.1
368,15.011_d3_gn,B,0,4.2,3.9,4.3
369,3.009_d1_ge,B,0,4.7,5.6,7.1
370,15.009_d1_ge,B,0.6,4.6,4.5,4.5
371,3.011_d2_gn,B,0,2.8,3.1,3.4
372,15.002_d2_gn,B,1.5,4.9,4.9,5
373,6.001_d3_gn,B,0.9,5.6,12.4,18.1
374,25.005_d2_gn,B,1.9,5.4,5.6,5.9
375,3.013_d1_gn,B,0.4,4.3,4.4,4.5
376,15.014_d2_ge,B,2.3,4,4.2,4.6
377,3.002_d3_ge,B,0,1.9,4.1,4
378,3.001_d2_gn,B,0.7,5.3,5.4,5.4
379,15.004_d0_gn,B,1,5.7,5.7,5.9
380,13.015_d3_gn,B,1,5.3,5.6,7
381,6.011_d1_ge,B,0,4.2,4.9,4.9
382,3.014_d0_gn,B,1.1,4.6,4.8,4.6
383,13.011_d2_ge,B,0,5.2,14.6,20.9
384,25.011_d1_ge,B,0.9,5.9,8.3,10
385,13.013_d0_gn,B,1.1,4.3,4.4,4.8
386,6.006_d0_ge,B,4,5.1,5,5.4
387,25.009_d2_ge,B,0.9,5.2,5.6,6.8
388,6.001_d3_ge,B,0,4.9,11.9,17.1
389,15.008_d3_ge,B,0.8,5.4,6.2,6.6
390,3.004_d2_gn,B,0.1,3.9,4,4.4
391,13.004_d2_gn,B,1.1,4.7,4.8,5
392,25.001_d2_ge,B,1,5.5,5.2,5.9
393,15.014_d2_gn,B,0.6,4.7,11.4,11.6
394,25.004_d3_ge,B,0,6.9,6.8,8.2
395,25.003_d0_ge,B,3,5.8,6.7,6.1
396,13.007_d0_ge,B,2.2,4.1,4.6,4.3
397,6.011_d3_ge,B,0,0,0,0
398,25.008_d1_ge,B,0,5.2,5.7,5.7
399,6.008_d2_ge,B,0,6,6.6,7.3
400,3.006_d3_ge,B,2.1,3.6,3.7,3.9
401,15.011_d1_ge,B,0.5,5.5,8.7,8.5
402,3.008_d2_gn,B,0.9,3.3,3.5,3.5
403,6.013_d0_gn,B,1.8,7,15.6,21
404,3.005_d1_gn,B,0.9,2.5,2.6,2.4
405,13.015_d0_ge,B,0,5.5,9.3,9.5
406,15.005_d3_gn,B,1.6,4.5,4.7,5.3
407,25.009_d0_gn,B,2.3,5.1,5.2,5.1
408,3.003_d3_ge,B,1.7,3.3,3.4,3.2
409,13.004_d1_gn,B,2.4,5.7,5.2,5.1
410,13.005_d2_ge,B,1,2.9,3.1,2.9
411,13.013_d2_ge,B,2.6,3.5,3.6,3.5
412,15.013_d2_gn,B,0,2.9,2.5,2.1
413,6.006_d3_gn,B,0.9,1.8,5.1,4.2
414,13.010_d0_gn,B,2.1,4.4,4.5,4.3
415,6.015_d2_gn,B,0,2.6,2.7,2.6
416,13.005_d3_gn,B,0.9,3.6,3.5,3.3
417,25.004_d1_gn,B,2.2,4.9,5.1,5
418,6.007_d0_gn,B,1.5,5,6.6,6.6
419,6.010_d0_gn,B,0,2.6,4,3.7
420,25.012_d2_ge,B,5,6.2,6.1,6
421,6.014_d1_gn,B,0.7,3.2,3.6,3.6
422,3.003_d1_gn,B,0,3.1,2.3,3.7
423,6.013_d1_gn,B,0,4.2,8.6,9.7
424,25.006_d0_gn,B,0,5.3,10.7,15.8
425,15.007_d0_gn,B,0.3,2.7,3.7,3.1
426,13.008_d3_ge,B,0.2,2.8,2.8,3.1
427,6.014_d3_gn,B,0,2.6,2.7,2.2
428,15.003_d0_gn,B,0,3.6,4.2,4.1
429,15.004_d2_gn,B,0.7,4,4,4.1
430,13.013_d0_ge,B,1.4,4.1,4,3.7
431,15.011_d2_ge,B,0,1.9,6.9,9.5
432,15.005_d2_ge,B,1.6,4.9,4.8,4.9
433,25.009_d0_ge,B,2.1,4.8,4.7,4.8
434,6.011_d0_ge,B,0.7,5,6.1,6.9
435,3.003_d2_gn,B,0,2.5,2.5,2.3
436,13.004_d1_ge,B,0,3.4,3.7,3.7
437,13.012_d2_ge,B,3.2,4.6,5,4.7
438,6.004_d1_ge,B,0,5.4,7.1,7.9
439,13.005_d0_ge,B,1.5,4.9,4.9,4.8
440,3.007_d2_ge,B,2.2,3.5,3.7,3.1
441,6.010_d3_gn,B,1.3,4,4.2,4.2
442,3.010_d0_ge,B,0,3.2,4.2,4
443,13.007_d1_gn,B,2.1,4.8,4.5,4.6
444,25.009_d2_gn,B,2.3,4.7,4.7,4.6
445,15.009_d0_ge,B,0.8,3.2,3.7,3.5
446,13.003_d0_gn,B,1.1,3,3.3,3.5
447,25.007_d1_ge,B,3.7,4.5,4.5,4.3
448,6.012_d0_ge,B,3,3.7,4.6,3.5
449,25.005_d2_ge,B,2,4.2,4.6,4.6
450,15.014_d3_ge,B,2.4,4,3.8,3.9
451,3.010_d1_ge,B,0,3.1,4.3,4.2
452,25.015_d0_ge,B,0,6,11.5,12.1
453,6.012_d3_ge,B,3.5,4.2,4.2,4.2
454,13.003_d3_gn,B,1.5,3.8,4.1,4.2
455,15.009_d2_ge,B,0,3.1,3.4,3.3
456,15.006_d3_ge,B,1.2,3.1,3.6,3.4
457,25.011_d3_gn,B,2.1,5.5,5.4,5.4
458,25.003_d2_ge,B,4.1,6.6,6.1,6.1
459,6.008_d0_gn,B,0.5,4.7,4.6,4.5
460,13.007_d3_ge,B,2.6,3.6,3.6,3.8
461,15.011_d1_gn,B,0.8,5.3,8.3,9
462,25.001_d0_gn,B,2,5,5.2,5
463,15.006_d0_gn,B,1.4,4.9,7.4,7.9
464,15.010_d0_gn,B,1.1,5.9,12.7,15.3
465,3.001_d3_gn,B,0.5,4.1,4.2,4.1
466,13.002_d1_gn,B,1.6,4.2,3.7,4.1
467,3.007_d3_ge,B,1.9,3.5,3.2,3.2
468,15.008_d3_gn,B,0,3.5,9.5,14.6
469,25.010_d2_gn,B,2.2,5.6,5.7,5.6
470,6.012_d1_ge,B,3.9,5.4,5,4.9
471,3.003_d0_gn,B,0,3.5,4,3.1
472,6.003_d2_ge,B,2.4,4.8,7,8
473,25.015_d2_ge,B,0,5.8,10.6,10.2
474,13.015_d2_ge,B,0,5,7,8
475,6.009_d2_gn,B,1.4,5.1,6.5,6.5
476,25.010_d2_ge,B,0,4.7,5,5.1
477,15.008_d2_gn,B,1.6,5,4.9,5.9
478,6.007_d3_ge,B,2.5,3.8,3.4,3.2
479,25.015_d1_ge,B,0,6.1,9.5,9.7
480,6.013_d1_ge,B,3,4.2,3.8,3.6
481,25.005_d3_gn,B,2.2,5.3,5.5,5.2
482,6.014_d1_ge,B,2,5.6,12.2,13.1
483,3.012_d1_ge,B,3.1,4.3,3.9,3.8
484,6.005_d3_ge,B,1.5,4.5,4.2,4.2
485,3.013_d0_gn,B,0,3,2.9,3.6
486,25.002_d1_gn,B,2,5.2,5,4.9
487,3.015_d3_gn,B,0.5,3.9,7,6.8
488,6.013_d0_ge,B,3,4.2,4,4.3
489,15.008_d0_ge,B,0,4.9,11.1,16.6
490,3.002_d0_ge,B,0,3.6,5.9,6.8
491,13.011_d0_gn,B,1.3,4.2,4.5,5.4
492,3.015_d2_gn,B,0,3.8,4.8,4.9
493,25.007_d1_gn,B,2.1,5,4.9,5
494,3.009_d0_gn,B,0,3.8,4,4.1
495,13.012_d3_ge,B,3.8,4.6,4.8,4.8
496,15.001_d3_ge,B,2,5.1,4.9,5
497,25.008_d2_ge,B,1.5,5.5,6.7,6.8
498,3.001_d0_ge,B,1.3,4,4.6,4.8
499,3.012_d2_gn,B,0.3,3.9,3.8,3.8
500,13.002_d3_gn,B,1.9,4.3,3.6,5.3
501,3.013_d0_ge,B,2.3,3.5,3.8,3.5
502,6.004_d3_gn,B,1.3,4.2,4.2,4.2
503,25.015_d3_gn,B,2.2,5.8,6.8,7.1
504,6.011_d2_ge,B,1.3,5.2,4.9,5.4
505,15.012_d2_ge,B,3,3.6,3.6,3.4
506,3.007_d1_gn,B,1,4.6,4.4,4.6
507,15.011_d0_ge,B,0,5,4.7,4.9
508,13.012_d2_gn,B,1.5,4.8,5.3,6.2
509,3.002_d0_gn,B,0.8,3.4,3.5,3.2
510,25.005_d1_ge,B,1.2,5.1,6.9,7.6
511,3.014_d0_ge,B,1.2,2.9,3,2.9
512,25.011_d2_gn,B,0,0,0,0
513,6.001_d2_ge,B,1.7,5.4,5.8,6.6
514,13.003_d1_ge,B,0,0,0,0
515,6.013_d3_ge,B,0.6,0.9,NA,NA
516,15.010_d2_gn,B,1.1,4.2,4.5,4.4
517,25.005_d3_ge,B,2.6,5.7,8.8,9
518,13.001_d0_gn,B,0.6,5,4.8,4.9
519,13.006_d1_gn,B,2.2,6,5.8,5.6
520,25.007_d0_ge,B,3.7,5.1,5.1,4.5
521,13.013_d1_gn,B,2,6.1,13.2,13.9
522,15.009_d3_gn,B,1.6,7,17.6,22.5
523,15.004_d3_ge,B,0,6,8.8,8.9
524,25.001_d3_gn,B,0,5.9,5.9,6.4
525,3.002_d3_gn,B,0,3.9,7.4,9.8
526,3.006_d2_gn,B,0,4.2,4.4,5.4
527,6.011_d0_gn,B,1.4,4.8,4.6,4.5
528,6.004_d1_gn,B,1.2,4.5,6.7,6.8
529,15.011_d3_ge,B,0.7,4.2,4.3,4
530,6.010_d2_ge,B,0,3.5,4.1,4.1
531,15.014_d1_gn,B,0.7,3.5,3.9,3.9
532,3.006_d1_gn,B,0,3,2.8,2.9
533,6.008_d3_ge,B,0.6,5.3,8.8,8.9
534,6.008_d3_gn,B,1.1,4.6,5.1,5.6
535,15.004_d1_ge,B,0,4.1,5.3,6
536,3.004_d3_ge,B,0.6,3.2,3,3.1
537,3.012_d1_gn,B,0,5.1,9.8,10
538,13.005_d2_gn,B,1.9,4.6,4.9,4.8
539,25.013_d1_gn,B,0.1,1.4,2.6,4.1
540,13.003_d2_gn,B,2.2,4.9,5.2,5
541,6.006_d2_gn,B,2,4.7,4.5,4.6
542,15.015_d3_gn,B,1.9,4.5,4.5,4.2
543,15.007_d0_ge,B,2.9,5.3,5.1,5.3
544,25.002_d1_ge,B,0,5.9,9.4,10.4
545,3.011_d3_gn,B,0,2.6,2.6,2.7
546,3.010_d3_ge,B,0,4.9,5.1,5.8
547,25.002_d2_ge,B,0,7,13.6,13.8
548,13.001_d3_gn,B,1.7,6.3,6.5,6.1
549,3.006_d1_ge,B,3.2,3.9,3.9,3.5
550,15.005_d2_gn,B,1.6,4.9,6.3,7
551,3.014_d1_ge,B,1.6,3.5,3.4,3.1
552,15.003_d1_ge,B,2.5,4.5,5.2,5.5
553,15.009_d1_gn,B,0.5,4,3.9,3.9
554,3.002_d1_gn,B,0.5,3.9,3.9,3.6
555,6.004_d2_gn,B,1.2,5.2,12.2,14.2
556,3.008_d1_gn,B,0.2,4.5,4.4,4.5
557,25.014_d1_gn,B,2.3,5.2,5.1,8.6
558,13.010_d3_gn,B,1.5,4.9,5.4,5.2
559,13.005_d0_gn,B,2.1,6,6.1,6.2
560,25.007_d3_gn,B,2.3,5.6,5.6,5.5
561,15.003_d1_gn,B,0.8,4,4.9,4.7
562,25.006_d2_ge,B,5.4,6,6.1,5.7
563,13.014_d2_ge,B,2.5,5.1,5,4.9
564,15.013_d3_gn,B,1.2,6.1,16.3,19
565,25.014_d3_ge,B,3.2,4.8,4.7,4.5
566,6.015_d3_ge,B,0,1.1,4.2,4.6
567,6.008_d1_ge,B,1.2,4.6,6.5,6.9
568,25.007_d2_ge,B,4.3,5.2,5.2,5.2
569,25.008_d1_gn,B,1.5,6.4,6.1,6.1
570,13.003_d0_ge,B,1.9,4.3,4.2,4.5
571,25.003_d3_gn,B,1.7,5.5,5.6,6.4
572,13.002_d3_ge,B,0,5.1,6,7.2
573,25.014_d0_gn,B,3.2,7,7.1,6.9
574,3.005_d2_ge,B,1,4.1,5.6,6
575,6.002_d1_gn,B,0.3,5.9,15.5,18.6
576,6.001_d1_ge,B,0.2,2.3,2.1,2
577,15.002_d0_gn,B,0.9,3.7,4.5,4.2
578,13.010_d1_ge,B,0,4.5,5.7,7.1
579,13.009_d0_ge,B,0.9,3.8,4,3.6
580,25.012_d2_gn,B,2,4.8,4.8,5.4
581,25.010_d0_ge,B,0,6.5,6.5,7.5
582,3.015_d2_ge,B,0,4.2,6.9,7.3
583,25.010_d0_gn,B,2,4.6,7.5,7.5
584,15.007_d3_gn,B,0,3.5,3.8,3.6
585,15.002_d1_gn,B,0.1,4.1,10.5,13
586,3.014_d2_gn,B,0,3.7,3.9,4
587,6.008_d0_ge,B,0,3.8,3.6,4.6
588,6.007_d2_gn,B,0.9,4.5,5.8,6.2
589,3.014_d3_ge,B,0,3,3.1,3.4
590,6.004_d2_ge,B,0,4.9,5.2,6.9
591,3.001_d1_gn,B,0,2.5,3,2.9
592,15.012_d3_gn,B,0.6,4.5,4.5,5.6
593,25.009_d1_gn,B,2,6.4,6.2,6.6
594,3.001_d2_ge,B,0.6,3.5,3.6,3.6
595,25.013_d2_ge,B,3.8,5,5.3,5.1
596,13.004_d0_gn,B,1.5,4.4,4.4,5.6
597,13.011_d1_gn,B,0,5,12.3,15.7
598,6.004_d3_ge,B,0,5.3,12.9,21.2
599,3.012_d3_ge,B,3,4.1,4.2,3.9
600,3.007_d0_ge,B,3.3,4.6,4.8,4.7