"","cellID","repID","seedKept"
"1",14,"6.002_d2_gn","A"
"2",15,"6.005_d1_ge","A"
"3",16,"6.001_d1_gn","A"
"4",19,"6.005_d0_gn","B"
"5",27,"6.003_d1_ge","A"
"6",28,"6.007_d2_ge","A"
"7",31,"6.009_d0_gn","A"
"8",33,"6.010_d3_ge","B"
"9",35,"6.010_d1_ge","B"
"10",36,"6.003_d3_gn","B"
"11",41,"6.013_d2_gn","B"
"12",50,"6.001_d0_ge","B"
"13",60,"6.013_d2_ge","B"
"14",62,"6.007_d1_ge","B"
"15",64,"6.007_d3_gn","A"
"16",72,"6.007_d0_ge","A"
"17",73,"6.002_d1_ge","B"
"18",75,"6.015_d0_gn","A"
"19",77,"6.001_d0_gn","A"
"20",78,"6.009_d0_ge","A"
"21",92,"6.005_d1_gn","A"
"22",93,"6.003_d3_ge","B"
"23",98,"6.003_d0_gn","A"
"24",102,"6.015_d3_gn","B"
"25",113,"6.014_d0_ge","A"
"26",116,"6.003_d2_gn","B"
"27",117,"6.013_d3_gn","B"
"28",122,"6.006_d1_gn","A"
"29",126,"6.001_d2_gn","B"
"30",127,"6.011_d2_gn","B"
"31",132,"6.009_d1_ge","B"
"32",133,"6.012_d2_gn","A"
"33",138,"6.008_d1_gn","B"
"34",140,"6.015_d1_gn","A"
"35",148,"6.009_d2_ge","A"
"36",152,"6.007_d1_gn","A"
"37",153,"6.002_d2_ge","B"
"38",160,"6.011_d1_gn","B"
"39",168,"6.010_d0_ge","A"
"40",174,"6.012_d0_gn","A"
"41",185,"6.015_d1_ge","A"
"42",194,"6.004_d0_gn","B"
"43",202,"6.006_d3_ge","B"
"44",207,"6.009_d1_gn","B"
"45",212,"6.010_d2_gn","A"
"46",217,"6.014_d3_ge","B"
"47",218,"6.002_d0_gn","B"
"48",229,"6.012_d1_gn","A"
"49",231,"6.006_d2_ge","B"
"50",234,"6.015_d0_ge","A"
"51",237,"6.014_d0_gn","B"
"52",241,"6.009_d3_ge","B"
"53",249,"6.010_d1_gn","B"
"54",254,"6.004_d0_ge","B"
"55",255,"6.005_d2_ge","A"
"56",265,"6.003_d1_gn","A"
"57",268,"6.002_d3_ge",NA
"58",271,"6.005_d2_gn","B"
"59",273,"6.006_d0_gn","A"
"60",284,"6.014_d2_ge","A"
"61",286,"6.003_d0_ge","B"
"62",294,"6.006_d1_ge","B"
"63",297,"6.005_d3_gn","A"
"64",298,"6.012_d2_ge","B"
"65",309,"6.009_d3_gn","A"
"66",328,"6.002_d3_gn","A"
"67",334,"6.015_d2_ge","B"
"68",336,"6.002_d0_ge","A"
"69",344,"6.012_d3_gn","A"
"70",349,"6.005_d0_ge","B"
"71",358,"6.008_d2_gn","A"
"72",362,"6.011_d3_gn","A"
"73",364,"6.014_d2_gn","A"
"74",373,"6.001_d3_gn","A"
"75",381,"6.011_d1_ge","B"
"76",386,"6.006_d0_ge","B"
"77",388,"6.001_d3_ge","A"
"78",397,"6.011_d3_ge","A"
"79",399,"6.008_d2_ge","B"
"80",403,"6.013_d0_gn","B"
"81",413,"6.006_d3_gn","B"
"82",415,"6.015_d2_gn","A"
"83",418,"6.007_d0_gn","B"
"84",419,"6.010_d0_gn","A"
"85",421,"6.014_d1_gn","A"
"86",423,"6.013_d1_gn","A"
"87",427,"6.014_d3_gn","A"
"88",434,"6.011_d0_ge","B"
"89",438,"6.004_d1_ge","A"
"90",441,"6.010_d3_gn","A"
"91",448,"6.012_d0_ge","B"
"92",453,"6.012_d3_ge","A"
"93",459,"6.008_d0_gn","A"
"94",470,"6.012_d1_ge","B"
"95",472,"6.003_d2_ge","B"
"96",475,"6.009_d2_gn","A"
"97",478,"6.007_d3_ge","A"
"98",480,"6.013_d1_ge","A"
"99",482,"6.014_d1_ge","B"
"100",484,"6.005_d3_ge","A"
"101",488,"6.013_d0_ge","B"
"102",502,"6.004_d3_gn","A"
"103",504,"6.011_d2_ge","B"
"104",513,"6.001_d2_ge","B"
"105",515,"6.013_d3_ge","A"
"106",527,"6.011_d0_gn","B"
"107",528,"6.004_d1_gn","A"
"108",530,"6.010_d2_ge","B"
"109",533,"6.008_d3_ge","A"
"110",534,"6.008_d3_gn","A"
"111",541,"6.006_d2_gn","B"
"112",555,"6.004_d2_gn","B"
"113",566,"6.015_d3_ge","A"
"114",567,"6.008_d1_ge","A"
"115",575,"6.002_d1_gn","B"
"116",576,"6.001_d1_ge","A"
"117",587,"6.008_d0_ge","B"
"118",588,"6.007_d2_gn","B"
"119",590,"6.004_d2_ge","B"
"120",598,"6.004_d3_ge","B"
