cellID,repID,2021-11-05,2021-11-12,2021-11-19,2021-11-26,2021-12-03,2021-12-10,2021-12-17,2021-12-30,2022-01-14,2022-01-21,2022-01-28,2022-02-04,2022-02-11,2022-02-18,2022-03-04,2022-03-11,2022-04-08,2022-04-15,2022-04-22
1,3.005_d1_ge,5.8,5.3,7.1,8.4,10.6,10.2,9.9,12.4,16.6,19,22,27.1,32,44.9,44.5,44.7,40.8,41.3,36.1
2,13.003_d1_gn,5,5,9.1,14.4,15.3,15.4,15.1,16.8,19.6,23.6,27.1,31.7,39.9,50.7,51,51.2,51.2,46.4,46.7
3,13.011_d3_gn,20,20.1,19.9,19.4,20.1,19.1,19.1,16.6,17.9,20,22.6,30.2,40.1,49.5,47.1,51.5,47.3,51.3,51.2
4,15.005_d1_ge,4.5,6.2,6.5,10.7,14.8,14.7,13.6,17.4,18.4,25.3,30.2,32.1,38.6,50.1,51.3,43,48.5,39,39.2
5,13.009_d3_ge,6.7,7.7,9.5,11.5,11.8,11.5,10.8,13.5,20.1,27,31.1,34.3,40.2,50.8,49.3,53,50.4,53.9,53.6
6,15.006_d0_ge,4.3,5.3,6.2,10.1,11.2,10.7,13.6,14.5,19.7,23.5,24,28.1,32.7,37.9,40.9,38.5,45.4,41.8,47.3
7,15.006_d3_gn,9.2,8.8,9.1,11,12.4,11.4,10,18.8,22,27,30.6,33.4,29.4,52.5,52.5,46.1,52.6,44.8,36.5
8,15.006_d1_gn,7.3,7,9.4,13.3,14.9,14.1,14.1,20,23.9,28.8,29.5,29.2,33.2,50.1,59.8,57.5,56.4,49.2,45.4
9,25.011_d0_gn,6.4,6.9,8.6,14.5,16.7,17.1,16.9,16.3,23.1,26.8,31,34.1,42.5,56.9,65.1,50.5,47.6,47.6,44.5
10,15.003_d0_ge,4.7,5,7.4,11.5,14.5,14.9,13.7,17,17.8,23,27,28.3,36.2,46.9,46.1,39.1,33.9,34.6,41.9
11,15.009_d3_ge,6.3,6.1,7,9,9.6,9.3,10.6,13.6,17.7,23.2,24,23,27.9,40.6,42,37.5,52.7,50.3,51.4
12,25.009_d3_ge,7.1,9.5,11.1,13.6,14,13.8,13.5,15.7,20.6,24.3,25.2,27.9,26.2,27.5,28.4,27.5,42.7,51.6,52.2
13,25.006_d1_ge,5.9,8.1,10.7,10.8,16.3,18,18.1,20.2,29.8,30,26,30.6,22.6,30,21.5,18.5,27.9,28.2,28.4
14,6.002_d2_gn,6,6.6,8.8,10.2,11.3,11.5,10.8,11.2,21.7,26.8,28.1,29.2,37.5,48.9,56.3,55.5,54.9,54.8,0
15,6.005_d1_ge,5.3,5.6,8.5,13.2,14.4,13.9,13.4,16.5,17.1,22.5,26.3,29.6,32.4,41.5,47.3,45.8,42.8,41.9,42.5
16,6.001_d1_gn,5,5.7,7.5,11,11.4,11.1,10.5,13.4,16.8,19.1,19.2,21.1,25.8,36,40.6,38.7,44.6,39.2,42.5
17,25.006_d3_gn,7.8,7.8,8.1,11.4,13.8,13.1,10.9,14.5,14,18,22.6,28.9,42.5,50.5,51.7,47.3,47.9,46.4,0
18,13.005_d1_ge,10,9.7,10.7,14.5,15.6,14.3,14.5,17.6,21.9,27.4,30.1,29.9,34.5,47,50.9,48.2,52.8,52.5,46.9
19,6.005_d0_gn,6.8,8,9.4,12.6,12.9,12.2,12,14.6,20.4,22.5,24.1,24.7,30,41.2,48,49,44,46,28.2
20,3.001_d3_ge,4.7,6.6,6.7,6.8,9.4,11.5,11.1,11.5,14.1,15.1,16.2,19,17.5,19.6,8.1,0,0,0,0
21,13.001_d2_ge,6.3,7.1,7.4,9.6,11.1,11,11,10.8,18.5,19.5,21.4,26,33.4,42,47.5,42.5,50.2,55.5,47.2
22,3.009_d2_gn,4,5.8,7,10.3,12.1,10.2,13.2,13.7,13.5,18.5,28.2,33.2,38,44.3,49.2,49.6,48.5,27.8,24.4
23,25.013_d3_gn,6.8,7.2,8.3,14.9,15.1,14.9,12.5,16.5,22.4,23,22.8,26.2,40.3,54.5,60.5,61.3,53.7,55.7,58.1
24,25.013_d0_ge,7.8,10.4,12.7,17.2,19,18.2,16.9,19.9,25.9,27.9,31.3,36.2,44.2,55.5,56.9,50.8,50,42,44.4
25,13.006_d3_gn,6.1,8,11.1,13,15.1,14.5,12.9,17.6,18.9,26.6,28.5,30.2,36.9,50.3,52.6,49.4,36.3,40,39
26,15.003_d3_gn,8.5,7.6,8,11,12.6,12,10.8,16.9,19.6,23.6,23.2,26.7,34.2,44.9,49.4,45.5,51.7,53.5,54.9
27,6.003_d1_ge,5,7,9.9,12.6,14,13.5,11.3,18,19.1,24.1,26.1,29.4,34.3,44.7,49.6,47.4,45.3,45.2,42.5
28,6.007_d2_ge,6,9.1,11.6,12.3,13.8,13.6,9.8,13,24.6,28.5,29.2,30,37,48.2,54.9,51.8,50.3,41.5,53.5
29,3.007_d3_gn,5.8,8.1,8.4,11.1,14.3,15.5,15.3,13.4,16.5,16.5,19.5,24.2,31.9,43.3,52.5,47.9,40.5,39.6,39.4
30,15.002_d3_gn,6.9,6.6,8.5,12.2,12.4,11.6,10.6,14.7,19,23.5,24.9,26,33.8,45.3,47.4,48.5,45.3,43,42.1
31,6.009_d0_gn,5.6,7.4,7.5,8.1,10,8.7,9.2,122,16.7,15.4,17,19.9,20.7,39.2,43.3,43,37.6,42.9,25.1
32,13.009_d1_ge,4,5.4,7.7,12.1,15.5,15.1,14.9,13.9,19.2,23.4,24.6,25.9,36.2,49.3,49.1,50.9,37.4,37.2,36.3
33,6.010_d3_ge,5.6,7.8,8.9,14,14.6,13.8,13.8,13.2,19,22.5,26.4,27.7,31.1,40.5,44.4,47.2,45.9,45.4,40.8
34,13.008_d2_ge,5.5,7.6,8,11.2,11.6,9,11.1,11.4,21.6,25.6,31.2,36.3,40.7,51,49.6,44.9,0,0,0
35,6.010_d1_ge,6.9,7.3,7.3,9.4,9.8,9,11.2,14.5,16.9,17,19.9,26.4,26.9,36.3,44.5,38.3,28.4,38.2,28.3
36,6.003_d3_gn,5.7,5.9,8.6,11.3,12.6,10.5,10.4,15,19,21.5,23.3,24.9,29.1,42.1,46.1,42.5,39.6,38.8,36.7
37,3.011_d0_gn,6.7,6.2,7.5,11.5,12.2,11.7,10.8,12.5,20.1,23.4,23.2,27.6,34.6,47.9,50.1,45.9,39.7,40.5,0
38,15.004_d1_gn,5.1,5,9.2,13,15.6,15,15.2,14.5,18.6,22.6,22.1,23.5,31.1,46.4,52.7,53.7,47.2,33.9,34.1
39,3.002_d2_gn,6.2,6.2,7.8,10.6,11,8.2,9.6,10.2,17.1,23.3,23.4,24.6,30.5,45.1,50.6,51.4,43,41.2,26.1
40,3.011_d1_gn,6.3,6.5,7.7,9,11.2,11.8,8.6,12.5,16.7,19.2,20.2,20.9,30.9,40.1,48.1,49,43.9,33.8,29.2
41,6.013_d2_gn,6,5.5,8.3,10.6,11.2,11.6,109,9.4,17.9,20.7,22.1,26.5,33,46.5,51.5,51.5,44.8,41.1,30.3
42,15.014_d0_gn,6.9,7.9,7.7,9.6,10.3,9.6,9.6,13.5,18,22.3,26,28.3,33.1,44.8,52,51.2,39.8,39.2,36.7
43,3.004_d1_ge,14.3,14.7,14.7,14.5,14.4,14.5,10.9,13.5,17.6,23.7,26.4,29.1,36,49.4,54.2,50.1,46,39.3,26.1
44,13.006_d1_ge,4.8,6.1,9.4,12.9,17.2,17.6,17.3,14.4,21.3,26.9,27.7,29.7,36.6,49.1,51.8,53.4,47.1,52.2,33
45,3.007_d2_gn,18.3,18,18.3,17.4,14.9,6,0.8,4.9,20.6,26.6,29.2,28.7,30.5,43.5,47.6,43.8,43.5,36.1,38.4
46,15.015_d1_gn,6.9,9.5,11.6,12.9,11.6,14.4,14,14,17.1,23.9,27.5,29.3,34.2,46.2,49,45.9,45.9,46.3,46.6
47,15.010_d1_gn,8.4,11.1,12.2,12.5,13.4,13,12.2,12.6,21.3,28,28.9,31.6,39,50.3,50.9,49.7,37.8,42.4,38.1
48,3.012_d0_ge,5,8.6,10.4,12.9,14.2,14.2,14.1,16.3,17.8,21.5,24.7,27.9,37.4,54.5,70.4,62.8,47.6,34.2,30
49,3.003_d2_ge,3.7,6,7.4,9.6,11.5,9,11.5,13,17.7,19.9,24.3,26.8,33.2,52.8,55.3,55.5,48.6,33.6,33.2
50,6.001_d0_ge,6.9,7.9,9.2,10.1,10.2,9.7,11.2,13.6,16,16.9,18.5,22.1,28.7,38.1,38.4,38,38.3,38.6,25.2
51,3.005_d0_ge,5.9,5.4,8.1,10.4,11.2,10.9,10.8,13.3,13.7,18.2,21.3,21,27.3,42,47.2,40.2,41,41.3,41.5
52,15.015_d2_ge,19.7,18.5,19.4,18.7,15.3,8.5,0,0,0,0,0,0,0,0,0,0,0,0,0
53,3.005_d3_ge,4.5,6.1,8.5,12.5,13.3,13,12.5,12,17.1,21.6,20.9,24.6,35.8,48.1,49.3,46.5,0,0,0
54,25.002_d0_gn,7.9,8.1,11.5,16.5,17.9,15.9,13.1,15.2,20.1,22.2,21.1,27.1,41.2,51.5,55.4,51.6,0,0,0
55,15.002_d2_ge,6.6,9.6,9.4,10.7,10.7,10.5,8,8.6,17.5,22.5,24.6,26.1,32.6,46.9,51.1,49.5,35.8,33,32.1
56,13.012_d0_gn,5.5,6,7.6,10.8,11.2,11,9.1,12.9,16.4,20,19.5,19.6,30.4,39.2,38.4,41.2,45.2,43.2,44.7
57,15.013_d3_ge,5.1,5.6,7.3,10.9,14.1,14.5,14.6,19.8,21.3,24.5,28.4,28.6,32.1,43.2,44.3,46.5,26.6,36.5,43.5
58,13.006_d2_ge,6.7,10.1,13.6,16.3,17.4,10.7,16.7,14.5,25.9,31.5,30.2,29.6,38.5,50.5,53.1,51.6,31.7,34.2,34.7
59,25.011_d1_gn,5.9,10.6,12.3,16.5,17.7,17.2,16.6,17.5,22.6,24.2,23,27,35.5,44.7,53,52.6,47.3,45.8,45.6
60,6.013_d2_ge,4.6,5.5,NA,9.6,11.4,6.5,11.8,13.5,17.5,24,24.9,28.1,31.8,34.6,36.2,37.5,16.3,21.8,20.4
61,25.007_d2_gn,6.7,8.2,10.2,12.2,12.4,11,12.4,8.9,16.6,18.9,19.4,25,36.2,46.5,46.1,42.2,41.1,37,41.4
62,6.007_d1_ge,6.1,8.5,10.2,13.9,15.1,14.8,14,14.2,20,23,27.2,28.9,32,43.9,46.8,46.9,46.5,47.7,39.2
63,25.004_d3_gn,7.8,8.8,12.8,14.6,15.8,15.8,15.4,16.7,20.8,22.5,23.2,25.9,37.1,51.6,62,60.3,53,47.9,29.9
64,6.007_d3_gn,5.7,7.1,8.6,12.4,14.4,13.7,13.6,13.8,18.1,22,27,28.2,33.9,43,52.6,51.4,0,0,0
65,3.011_d3_ge,5.6,8.9,8.7,9.6,11.5,11.2,11,12.2,15.8,20.5,26.8,29.6,33.8,37.6,45.7,47.2,44.7,42,26.9
66,25.014_d2_gn,5.3,6.5,9.1,12.6,12.9,7,7.8,9.5,15.5,17.4,19,24.4,37.1,43.2,45,44.5,39.2,43.8,34.1
67,25.012_d1_ge,5.7,13.1,15,19.7,20.5,20.3,14.3,19.3,23.6,29.3,33,35,41.5,50,50.6,51.5,48,44.9,39.3
68,25.005_d0_ge,7.3,7.8,13.3,17.5,19.5,19,18.4,19.4,25.5,27,28.1,31.8,32.2,57.5,63.7,62.3,57.6,54.6,29.4
69,15.005_d0_gn,5.8,7.4,9.2,13.2,13.2,14.6,12.4,13.6,21.5,24.4,25.2,26.9,33.8,47.1,47.3,48.5,37.9,44.7,35.6
70,25.002_d2_gn,6.5,9.6,11.5,14.1,14.1,12.9,13.7,12.5,16.1,22.2,23.1,27.1,37.7,50.6,49.3,49.3,43,38.2,39
71,13.004_d2_ge,7.5,8,8.3,8.3,8.5,8.3,8.2,10,15.2,20.4,21.9,21.5,31.5,43,47.1,44.5,0,28.6,38.8
72,6.007_d0_ge,5.1,5.9,NA,7.5,12.3,15,14.5,17.5,20.6,20.7,24.6,24,21.5,24.5,44.5,34.4,34,34.3,33.6
73,6.002_d1_ge,4.6,8.5,10.7,14.6,18.1,17.5,17.2,17.4,18.7,21,22.4,21.9,29,39.6,50.2,50.1,28,29.4,27.7
74,13.010_d3_ge,4.5,7.4,9.1,14.4,15.9,15.6,13.4,15,20.1,25.5,27.7,30.3,35.8,45.1,48.9,48.8,35.2,44.2,27.6
75,6.015_d0_gn,6.1,7.2,8.7,9.9,11,10.9,10.6,11.9,20.7,24.1,25.7,24.9,31.2,41.2,46.4,48.2,41,41.7,40.7
76,25.002_d0_ge,7.7,7.3,8.1,12.6,12,10,11.5,14.5,16.6,16.5,19,21.5,36,45.9,47.1,43.2,46,46.6,30.5
77,6.001_d0_gn,7,10.3,11.1,14.6,14.5,14.4,13.8,14.2,21.8,25.9,27.9,30.7,37.1,47.3,50.2,48.2,36.5,44.1,35.6
78,6.009_d0_ge,6.2,6.4,10.5,13.1,15.6,15.4,14.6,14.4,18,22.6,24.4,26.2,36.7,46.2,49.5,51.4,50,46.3,33.3
79,13.002_d2_ge,8.8,8.2,9.6,13.6,14.7,14.5,14.5,14.5,17.5,21.7,29.1,30,39.1,50.4,52.2,47.7,46.7,49.3,44.1
80,25.003_d3_ge,10.9,10.8,10.6,10.7,11.4,11.5,12.9,15,20.8,23.5,25,26.4,31.1,32.9,38.8,43.4,40.8,34.2,34.2
81,13.007_d3_gn,7.7,8,8.9,10.8,11.8,11.5,11.5,12,13.2,18,20.4,23,31.5,44,43.2,42.9,44.1,44.3,46.1
82,25.014_d0_ge,5.1,5.5,9.2,12.4,15,14.6,13.6,15,18.9,25.3,26,30.4,41.2,54.7,55.9,53.2,46,43.7,46.9
83,13.015_d1_gn,6.2,6.6,9.5,13.4,16.4,15.8,15.6,15.5,22.3,24.1,23.2,23.1,32.7,47.5,50.5,49.6,24.1,37.4,41.3
84,3.006_d3_gn,5.1,5.1,8.2,12,14.1,14.9,14.6,15.9,17.1,24.6,29,33.4,39.7,47.2,53.9,49,47.2,51.5,25.4
85,15.015_d1_ge,7.2,8.7,11.6,13.1,13.5,13.4,12,13,19,25.8,29.9,30,28.5,33,37.4,40.1,39.5,27.6,38.4
86,3.011_d1_ge,3.5,7.7,10.3,12.5,13.5,13.3,12.7,15,15.6,167,19.5,23.1,29.6,38.6,41.3,43.5,37.2,36.4,37.5
87,15.007_d2_ge,5.4,6.2,10.1,12.9,13.6,14,13.1,15.5,19.1,27.5,30.7,31,39.6,55.9,60.1,48.4,36.9,32.2,30.6
88,25.004_d1_ge,7.5,7.8,10.1,14,15.7,16,15.7,20.1,23.1,25.2,23.9,26.3,32,49.1,57.6,57.4,52.8,37.8,37.6
89,13.015_d1_ge,9,10,11.5,15.3,15.3,15.2,14.2,15.9,22,25,25.9,27.6,35.5,48.2,55.5,52.1,37.5,35.9,36.8
90,15.006_d2_ge,6.8,9.8,13,12.7,13.1,13.2,12.7,11.7,19.6,22,22.7,25.2,35.4,47.6,51,47.8,41.6,36.5,32.8
91,13.007_d1_ge,6.9,8.5,NA,12.2,13,12.4,11.9,13.7,17.2,19.6,23.6,26.8,32.5,44.9,45,45.3,42.4,38.6,33.3
92,6.005_d1_gn,5.4,6.4,7.5,10.2,13.1,13.5,12,19.5,18.5,21.1,21.4,18.4,23,28.4,30.1,29.4,7.2,9.6,0
93,6.003_d3_ge,5.5,6.6,8.5,12.8,19.4,19,18.5,17,20.8,23.5,23.3,23.9,30.1,42.1,47.8,44.9,39.6,29.9,30.3
94,25.010_d1_ge,7.5,11.2,14.5,20,20.8,20.5,20.4,18,23.6,25.1,29.2,34.2,37.2,40,44.7,46.6,44,46.6,38.8
95,25.010_d3_ge,8.2,7.9,9.3,14.6,14.4,14.6,13.5,14.4,21.9,27.1,28.3,28.1,37.7,50.2,54.8,53.2,54.1,49.6,44.4
96,25.009_d3_gn,7.9,7.8,NA,11.2,14,13.8,13.8,17,23.3,25.2,27.4,24,25.2,28.6,29.8,30.2,33,37.4,33
97,13.008_d0_gn,5.2,7.5,9.5,15.6,17.5,17.5,17.1,16.7,24.8,31.3,33.3,33,43.3,53.9,52.5,52.1,52,47.5,32.5
98,6.003_d0_gn,6.8,9.9,11.8,13.6,14.1,14.4,14,14,20.9,23.2,25.8,31.6,32.5,42.8,49.4,48,41.5,43.5,36.1
99,13.011_d0_ge,6.9,7,10.1,16.1,17.2,17,17.1,14.5,21.2,24.1,26.5,27.2,36.5,49.5,55.2,52.3,53,41,38.5
100,15.010_d0_ge,6.1,6.1,7.1,13.5,14.8,14.2,14.2,14.2,20.7,24.4,26.5,25.8,32.8,46.7,50.2,50.7,49.2,32.4,30.4
101,25.005_d1_gn,9.8,13.4,13.3,13.2,13.3,13,12.9,13,19,20.2,21,22.2,36.7,49.6,55.6,52.5,46.7,36.5,31.9
102,6.015_d3_gn,6,6.3,8.5,12.4,15.2,14.5,14.6,13.6,20.6,20.2,24,24.9,30.2,43,47.4,48.1,43.5,40.1,39.1
103,3.003_d0_ge,8.1,8.2,9.6,15.2,14.4,14.6,12.1,17.5,19,21,23.4,26,32.1,46.5,48.7,52.4,49.5,41.6,30
104,3.013_d2_gn,4.6,7.3,8,9,10.3,7.5,8.8,13,15.3,23.5,27.6,33.4,41.3,54.9,65.1,65.4,51.7,32.4,32.2
105,3.012_d0_gn,6.5,8.7,9.5,11,13.5,13,8.6,12,13.7,16.7,21.7,25.1,33.5,45.1,44.2,42.1,40.3,28.5,27.1
106,13.006_d0_ge,5.1,7.4,12,14.4,17.5,17.4,17.1,16.5,23,29.7,30.8,32.1,30.9,52.5,52.6,52.3,0,0,0
107,25.015_d2_gn,6,6.9,8.9,11.2,13.1,12.6,10.5,12.5,21.3,26.6,31,38.1,49.5,58.6,57.1,56.5,50.4,32.8,32.5
108,13.002_d0_gn,6.6,8,10.1,12.8,15,14.4,13.5,12.9,20.5,22.5,26.7,28.3,37,51.8,62.8,55,22.8,27.7,34
109,15.004_d3_gn,6,6.5,8.7,12.6,14.6,14,14.1,12.5,18.1,24.2,27.9,28.6,37.1,48.1,56.4,51.2,33.5,33.4,31.9
110,3.005_d3_gn,17.1,17.8,18,18.1,17.9,17.5,17.7,13.2,18,19.9,23.5,26.7,31.6,42.9,48.1,47.1,44.1,30.5,31.5
111,3.004_d1_gn,13.7,13.3,13.3,13.5,13.4,13.2,12.3,12.6,16.8,19.9,21.9,21.4,27.2,44.1,47.2,42.4,41,31.6,31.4
112,15.012_d1_gn,5.8,7.6,8.8,13.6,15.6,15.4,15.5,14.4,20,24.4,27.6,28.6,38.2,51.2,55.6,56.2,39.1,37.7,37.2
113,6.014_d0_ge,6.7,7,10.2,12.5,16.4,17.1,12.4,15.5,19.9,26.2,28.9,28.2,31.9,44.1,57.3,55.4,47.2,36,30
114,13.007_d2_ge,6.2,7,11,14.6,16,16,15.9,13.5,23.2,25.8,33.9,41.1,50.8,54.6,56.2,57.7,48.6,35.1,30.7
115,15.006_d2_gn,6.8,7.1,8.3,13.1,13.1,11,12.8,11,22.5,26.8,30.2,33,46.6,54.1,53.4,52.1,49.5,49.4,47.5
116,6.003_d2_gn,5.7,6.6,8.2,10.8,10.6,9.2,9.2,9.1,19.1,23.5,24.2,27.4,33.9,42.3,43.7,47.2,41,36.8,29
117,6.013_d3_gn,5.8,6.9,8.7,11.5,15.2,15.6,15,14.7,20.6,22.4,27.3,32.4,37.1,47.8,55.3,51.4,49.4,38.5,36.7
118,25.015_d3_ge,9.5,9.1,11.6,13.9,14.9,14.5,14,17.2,22.6,24.4,27.4,33.6,44.6,52.9,55.6,49.3,40.5,40.9,41.1
119,13.011_d1_ge,9.2,12.6,12.7,14.8,15.9,15.5,14.9,16,22.8,26.3,25.8,27.1,35.5,49.6,57.8,51.2,52,45.5,31.2
120,25.004_d0_gn,6.5,9,11.8,16.7,16.5,16.1,16,15.1,20,20.7,20.5,24.8,35.8,48.5,49.6,49.5,42.9,42.7,43.1
121,3.010_d1_gn,3.7,4.9,7.6,10.3,11.5,11.5,11.5,14.8,18.2,17.3,18.2,23.3,31.6,45.1,50.2,58.6,36.4,31,33.1
122,6.006_d1_gn,5.2,6.8,9.9,12.7,16.8,16.4,16,15.1,20.1,20.9,21.7,23.6,30.1,40.6,46.8,48.2,23.3,28.4,30.2
123,15.015_d0_gn,6.2,7,8.4,14.3,16.1,15.8,15.9,16.2,20.4,20.4,23.6,29.7,40,49.2,58.3,55.3,40,39.5,36.7
124,3.015_d3_ge,4,5.4,5.6,8.5,12,12,11.9,15,13.9,16.3,20.4,25.4,36.1,47.9,48.2,48.6,49.2,31,29.2
125,15.012_d1_ge,5,6.2,10.3,12.5,14.2,13.9,13.9,16,18.6,21.9,22.2,22.4,32.5,42.9,45.2,45.9,38,38,39.1
126,6.001_d2_gn,7.1,8.5,9,11.5,11.7,9,11.6,8,17.7,21.6,26.5,29.8,35.4,47.4,52.8,49.5,48.2,45.7,42.9
127,6.011_d2_gn,7.5,7.8,9.6,11.1,12,12,12,10.5,17.1,20.8,24.9,29.1,36.6,47.5,54.3,53,42.1,35.9,34.5
128,15.007_d1_ge,3.8,5,7.9,13,16.8,16.3,16.4,17.1,21.5,23.3,23,25.6,36.5,47.8,54.8,52.2,41.5,38.4,37.6
129,3.001_d0_gn,6,8.5,9.5,11.9,19.4,19.5,19.1,18.5,17.5,21.5,24.7,28.2,38.1,15.1,53.8,61.3,47.2,36.1,28.7
130,3.009_d3_ge,16.5,16.5,16.6,16,15.9,16.1,15.9,12.8,14.7,18.2,21.4,23.4,29.6,43.9,44.3,43.9,44.6,34.8,34.4
131,13.005_d1_gn,4.2,5.9,8.6,12.4,14.2,13.9,13.4,12.8,17.6,20,22.9,25.1,33.5,44.9,50.1,46.5,41.8,32.5,32.6
132,6.009_d1_ge,6.5,7.6,11,14,15.5,15.5,15.2,15,18.9,22.9,25.1,27.3,36.2,49.1,56.2,55.2,53.1,45.4,34.5
133,6.012_d2_gn,14.4,14,14.2,13.2,13.1,8,9,9.7,17.3,24.5,27.2,27.8,35.6,48.5,57.4,53.1,51.3,40.1,26.2
134,15.014_d3_gn,6,8.1,9.9,13.4,14.2,14,14.1,13.5,19.9,25,30,30.7,36.2,47.9,57,51.5,45.5,38.9,39.7
135,3.014_d2_ge,5.1,8.4,9.8,13.1,12.9,12.3,11.8,11.6,15.4,28.1,34,36.4,43.4,52.6,54,52.7,52.6,34.2,34.9
136,13.001_d3_ge,6.4,5.7,8,11.5,12.6,12.9,12.3,11.9,20.6,24.9,26.5,24.1,37.1,53.4,49.8,49,40.1,38.1,32.7
137,15.010_d3_gn,4.9,7.6,9.4,15.5,16.9,16.6,16.2,13.8,20.7,26.1,30.1,34.3,41.8,53,58,57.8,52.8,41.7,36.2
138,6.008_d1_gn,4.6,4.5,9.7,13.8,16.2,17,16.3,13.6,20.5,21.6,22.1,23.7,28.2,43.1,54.5,50.5,47.4,44,29.5
139,15.001_d2_gn,7.8,9,10.6,11.2,11.2,7.2,10.9,8,17.3,22.1,24.5,27.6,34.5,49,55.6,54.6,51.6,48.6,29.6
140,6.015_d1_gn,17,16.7,17.1,16.9,16.3,16,15.8,13.1,18.9,20.4,23,23.7,33,44,46.7,48.7,42.5,35.5,34.1
141,3.008_d3_gn,6.9,6,6.9,10.2,14.5,15.2,12.8,13.7,16.5,18,20.8,24.9,32.2,47.1,53.1,51.3,42.1,31.6,30.7
142,25.003_d1_ge,5.9,7,10.8,16.5,22.3,24,23.7,22.6,22.8,25.7,28.6,31.9,40.5,57,58.6,54.8,42.8,43.8,42.3
143,3.009_d0_ge,6.2,8.4,8.5,12.2,18,10.9,11.1,16.6,17.2,21.4,25.2,34.9,41.4,52.4,52.7,54.2,40.6,48.1,47.4
144,25.001_d1_gn,7.8,9.8,12.4,16,16.8,16,15.1,15.4,20.1,25.9,33,35.7,42.1,50.6,49,50.9,38,27.5,29.6
145,3.013_d3_gn,5.7,5.5,6.2,9,8.8,9.4,8.2,9.2,14.6,20.3,20.6,19.9,30.8,43.2,51.5,47.3,45.7,34.3,27.2
146,15.010_d2_ge,6.7,8.6,9.5,13.7,13.6,13.4,13.3,12.9,19.6,24.4,28,31.1,41,52.2,57.1,56.6,0,0,0
147,13.013_d3_gn,16.4,16.2,16.3,16,16.3,16,14.3,15.6,21.1,25.4,29.6,32.7,42.5,52.3,58,54.6,54.9,40.1,40.6
148,6.009_d2_ge,10.1,11.9,12.1,15,15.2,12.5,15,14.5,21.2,26.3,29,29.1,37,48,55.4,55.5,53.9,37.2,38.2
149,25.004_d2_gn,7.3,10.1,11.7,15.9,15.8,14.6,15.9,14,23.2,28.6,31.7,34.5,48.2,58.6,64.3,62.5,43.8,49.1,33.1
150,13.014_d0_ge,4.5,6.8,8.1,10,12,11.6,12,12.8,187,23.1,27.7,24.1,36,44.5,50.8,46.9,36.5,39,35.1
151,15.003_d3_ge,5.2,5,7.2,9.5,11.1,11.1,10.6,11.3,17.3,17.5,19.6,20.1,28.8,47,47.1,47.1,38.5,40.3,37.6
152,6.007_d1_gn,4.1,5.4,8.8,12,13.9,14.2,12.8,12.4,18.7,21.5,22.4,24.2,32.6,47.2,53.2,51.9,47.3,29.5,32.2
153,6.002_d2_ge,4.8,6.4,9,14,14.4,14.6,13.9,14,19.1,24.9,27.9,27.2,34.1,44.1,50.7,49.5,48.1,47.1,32.5
154,15.008_d1_ge,3.2,6,9.4,12.8,16.6,17.1,15.2,15.6,22.5,29.3,30,31.3,36.9,46.5,53.2,53.4,43,43.3,36.5
155,25.003_d2_gn,7.2,8.8,NA,12,15.5,15.7,15.6,19.8,26.3,27,28.9,30.7,35.1,38,44.4,39.6,33.8,35,29
156,13.008_d1_gn,5.6,5.5,7.8,12.9,15.9,15,14.3,14.2,19.3,24.1,27.3,28.5,38,48.7,46.3,48,41.5,32,31.7
157,15.001_d0_gn,6.7,7.1,9.5,13.4,15.6,15.5,14.6,14.2,19.6,27.8,30.1,29.4,36.1,48.5,54.5,50.5,41,41.3,38.5
158,15.004_d0_ge,6.4,8.7,9.1,13.5,16.6,16.2,14.8,15.2,19.9,28.1,29.4,28.5,36.1,47.4,56.2,55.6,53.4,39.5,28.2
159,15.015_d2_gn,14.8,14.6,14.7,14.2,12.6,11,10.7,13.3,25.4,27.4,29.8,33.6,42.3,54.5,59.5,58.1,50.1,29.4,27.5
160,6.011_d1_gn,12.9,12.4,12,14.3,14.8,14.2,13.2,14.2,17.8,20.5,25.2,28.4,34.6,46,49.8,52.4,33.2,32.1,29.1
161,13.014_d2_gn,6.6,7.9,9.7,13.8,14,11,11.4,11.3,19.4,23.3,27.5,33.4,42.5,55,56.8,58.9,57.1,39.1,35.1
162,13.008_d2_gn,6.1,6.5,11,14.8,15.4,15.6,15.9,15.2,20.2,26.2,28.2,30.8,46.5,56.5,59.1,57.4,56.7,32.2,35.6
163,13.010_d2_gn,6.6,9,11.2,16.6,16.8,15.9,16.5,16,23.2,29.4,32.1,34,42,55.5,66.2,65.5,58.7,42.2,32.5
164,13.010_d0_ge,7.9,9.9,11,17,22.4,21.9,21.2,20.1,21.6,28.2,31.6,34.3,47.6,58.1,56.9,56.1,53.4,38.5,38.9
165,25.008_d3_ge,9,8.1,9,16,17.4,16.7,12.5,16.6,21.4,23.7,25.3,30.5,44.3,52.5,54.2,51.9,53.4,35.5,34.6
166,15.013_d0_ge,15,14.3,14.1,13.7,13.4,13.1,12.3,16.6,22.9,29.9,31.7,34.3,42.5,55.5,57,52.2,49.9,30.5,29.6
167,13.011_d2_gn,7.5,8,11.2,16.1,18.9,18.5,18.6,18,24,30.6,33.6,36.1,45.6,58.1,58.8,58.1,55.6,34.2,32.5
168,6.010_d0_ge,6.7,9,10.8,18,21.8,21.1,21,20.2,23,26.1,25.9,25.6,33,45.4,52.9,50.9,51.6,50.9,31.4
169,13.001_d1_ge,5,6.6,10.6,16,18,17.6,17.1,17,20.2,24,26.6,31.6,40.8,53.6,59.4,59.4,51.5,41,41
170,15.007_d3_ge,5.2,6.4,8.4,11.5,13.2,13,11.9,14.5,17.6,25.3,27,26.7,38,51.5,53.6,54.1,39.5,29,29.4
171,15.012_d3_ge,4.1,5.2,9.6,12.7,14.2,15.8,15.8,19,21.3,27.2,29.1,26.7,37.1,47.1,52.5,54.8,43.1,41.4,35.9
172,15.002_d0_ge,9.5,9.2,9.9,14.2,14.7,14.2,13.7,14.9,20.6,26.1,27.8,33,41.5,54.1,54.2,54.7,47.9,31.6,35.1
173,13.014_d1_gn,3.9,5.5,10.9,17.8,20,20.4,20.4,20,17.8,23,30.1,32.7,40.5,51.2,51.3,58.4,50.1,51.5,35.8
174,6.012_d0_gn,24.2,24.1,24.4,24.3,24.1,23.7,23.2,22.5,21.4,25.5,28.5,28.5,37.2,52,58.9,58.6,51.8,48.9,33.4
175,15.010_d3_ge,9,9.3,10.8,14.4,14.1,15.2,13.6,17,21.4,26.5,30.2,31.4,42.1,53.6,55.2,54.3,52.9,30.7,34.4
176,3.003_d3_gn,17.3,18.4,18.7,18.5,18.6,16.8,15.5,16.5,15.6,20.4,27.6,28.9,38.4,49,54.8,55.1,51.8,52.8,52.5
177,15.007_d1_gn,8,9.7,12.3,17.2,17.6,17,14.6,17.5,19.5,25.7,32.2,36.6,47.5,55.1,55.6,58.1,57.5,39.1,29.2
178,25.007_d3_ge,5.9,6.6,10.2,15.6,22.7,24.9,24.1,22.8,23.5,27,30,35.3,47.9,59,65.5,60.1,0,34.2,30.9
179,13.012_d3_gn,6.3,7.5,9.3,14.3,19.8,19.5,17.3,18.2,21,25.9,29.6,30.4,69.8,51.8,60.4,57.5,55.9,33,33.1
180,13.007_d2_gn,4.7,5.3,7.2,11.9,12.5,7.9,9.7,15,20.2,24.4,28.3,33.6,41.9,54.1,52.8,53,53.4,28.5,27.1
181,13.004_d0_ge,12.6,12,12.7,14.3,14.3,14.5,13.4,12.9,16.5,20.2,22.5,20.6,30.6,41.6,44.6,42.1,40.9,39.4,44.6
182,25.012_d1_gn,6.4,10.1,13.9,20,22.4,22.2,21.6,21.5,24.9,28.9,31,38.5,47.2,58.4,60.2,60.5,58.5,58.5,37.1
183,13.013_d3_ge,7.9,10,11.4,16.7,21,20.4,20.2,17.6,20.5,24.1,30.4,31.4,44,52.5,58.5,56,55.2,34.1,39.9
184,15.002_d3_ge,5.5,8.2,9.5,13.6,17.8,17.5,17.4,16.2,22.3,27.2,31,32.9,44,55.1,57.4,56,38.4,35.5,34.6
185,6.015_d1_ge,10.6,12.2,12.9,17.9,17.9,17.9,17.1,17.2,19.6,24.6,27.9,29,39.5,47.9,50.4,49.4,35,33,33
186,25.004_d2_ge,13.4,15.4,15.9,18,18.1,11.8,12.7,6.1,4.3,6.4,18,17.4,41.2,52.8,59.3,58.2,40.2,40.4,38.1
187,3.006_d0_gn,4.9,6.8,7.5,13.5,17.3,17.4,16.8,16.2,20.2,27.3,31.2,34.4,43.5,54.2,55.9,53.8,41.3,47.9,52.5
188,15.001_d0_ge,8.2,9.4,12.8,16.6,17.4,17,16.6,17.7,20.2,25.9,30.4,34.3,43.1,56.7,60.3,59.7,52.8,42.4,40
189,15.003_d2_gn,9.1,8.7,12.1,14.5,16.2,10.6,11.8,13.4,22.7,26.6,29.5,34.6,41.9,55.6,57.8,56.9,53.5,50.6,30.5
190,13.013_d2_gn,8.1,8.7,12.1,15.9,17.7,17.5,17.5,17.5,21.6,27.1,26.5,29.5,40.3,54.7,54.6,50.2,49.4,46.7,29.1
191,25.001_d3_ge,7.8,9,12.5,17.8,23.3,23.5,23.2,22.8,20.5,22.2,25.9,34.9,48.6,57.6,58.1,57.1,44.2,44.1,34.4
192,13.003_d2_ge,5,5.5,9,15,15.6,15.1,15.2,17,21.3,27.2,31.3,32.9,42,55.6,60.1,59.8,46,33,33.4
193,3.010_d2_gn,6.8,7.4,11.4,15.2,16.7,17,16.8,16.6,24,35.2,35.8,36.1,47.9,59.2,58.2,58,51.6,47.9,50
194,6.004_d0_gn,7.5,6.8,10.6,15.6,21.2,20.3,20.1,18.6,20.5,25.6,28,32.5,39.6,51.5,54.4,55.4,42.9,42.9,35.4
195,15.011_d2_gn,9.4,9.4,10.8,15.2,17.1,10,16.6,10.8,22.1,26.7,26.6,28.2,36.1,45.9,50.8,43,44.5,48,47.5
196,25.003_d1_gn,6.9,11.3,15.9,21.2,22.9,22.6,22.5,26.5,25.5,31.9,34,37,54.1,59.7,54.8,54.1,52.5,33.9,36.4
197,13.009_d1_gn,5.6,10,11.5,18.9,23.6,23.7,19.1,19.4,21,27.2,31,35.5,46,53.9,55,53.5,43.6,43.8,38.1
198,3.015_d1_gn,4.9,8,10.5,12,13.5,13.4,14.1,21.1,20.1,24.4,29.4,33.5,41.1,52.1,60.3,61.4,53.8,34.7,27
199,13.014_d0_gn,6.5,8.2,10.8,16.9,21,21,20.7,20,20.6,29.5,32.5,34.8,44.1,54.1,53.4,51.4,53,42.5,37.1
200,25.007_d0_gn,7.8,9.3,11.1,16.7,21.3,20.8,20.6,18,23.6,25.3,24.2,30.1,39.9,48,47.4,45.3,40.4,41.6,28.6
201,13.001_d1_gn,5.1,5.1,7.5,12.4,12.8,12.3,12.3,201,15.9,19.2,24,24.9,35.5,47.9,48,47.3,49,49.1,51.1
202,6.006_d3_ge,3.9,5.7,7.1,12.1,14.2,14.5,14.9,14.7,20.6,21.2,22.7,23.5,31.2,42.1,42.2,42.9,50.7,46.4,47.5
203,13.009_d3_gn,4.4,5.9,7.5,12.4,12.3,13.2,13.2,17.1,20.4,22.1,22.3,22.8,37,52.9,53.3,51.6,52.8,49.4,46.5
204,15.009_d2_gn,5.9,6.5,7.4,11.3,10.7,10.2,10.8,15.4,17.5,20.8,24.6,33.7,41.1,48.3,49.6,47.2,46.5,45.2,43
205,13.002_d0_ge,6.6,7.3,7.5,11.6,12.4,12.7,12.4,10.2,18.9,23.3,25.5,28.6,37,48.6,50.8,49.7,47.5,48.9,48.4
206,15.015_d0_ge,4.1,4.5,6.1,11,14.1,14,12.5,12.1,20.6,26.8,30.1,34,40.7,52.4,52.4,53.3,52.5,49.6,41.3
207,6.009_d1_gn,4.9,8.4,8.2,10.1,10.7,11,9.2,13.6,16.9,24.1,27.2,32.5,37.1,43.5,44.5,46.1,48.2,47.7,47.8
208,13.002_d2_gn,20.4,19.8,17.8,17.6,17.5,10.6,0,0,0,0,0,0,0,0,0,0,0,0,0
209,13.006_d0_gn,5.9,6.6,8,11.9,12.5,12.4,11.3,14.7,20.7,25.9,29.9,30.9,38.3,51.5,52.3,43.4,44.6,48.3,44.7
210,25.014_d2_ge,6.9,7,9.8,12.8,13.2,13.2,13.4,15.5,22.5,31.6,34.7,35.7,38.7,54,58,54.7,46.7,51.8,54.1
211,15.001_d2_ge,4.9,5.5,7,10.4,10,7.5,9.5,7.5,17.5,21,23.4,31.6,42.6,51.9,56.5,54.6,53.9,55.2,55.2
212,6.010_d2_gn,4.2,5.5,6.1,8.7,7.4,10.1,8.1,9.9,18.2,23.7,25.2,28.1,35.7,44.5,54.2,50.9,49.9,50.4,47.8
213,25.002_d3_gn,6.1,6.8,10,15.1,14.6,14.8,14.7,15.4,19.8,25.4,29.1,32.8,44.9,57.2,58.4,55.7,49.8,51.4,54
214,3.001_d1_ge,3.2,5.5,8.1,10.3,10.2,10.1,9.8,13.3,17.9,22.6,27,31.3,42.1,54.8,55.2,55.1,53,49.4,49.5
215,15.001_d1_ge,5,7.4,8.8,10.8,11.1,11.5,11.6,16.5,17.4,25.2,25.3,31.9,38,48.6,53.6,54.4,55.7,47.5,48.2
216,15.006_d1_ge,4.9,7.5,9.8,12,13.5,14.3,13.6,21.5,21.6,26.5,29.4,35.5,42.9,53.1,62.6,61.4,59.6,61,49.7
217,6.014_d3_ge,5.6,6,7.7,9.5,10,10.2,11.6,14.2,23.4,24.3,26.7,30.8,37.9,46.6,53,51.2,52.3,48.7,42.4
218,6.002_d0_gn,11.7,12,11.7,12,11.5,11.7,12.1,16,19.7,24.2,29.3,33.2,38.7,50.1,53.2,50,50.8,45.7,44.6
219,3.013_d2_ge,3.1,4.8,NA,5.1,6,5.9,5.8,12.3,22.6,26.7,32,35.9,42.6,49.4,65.9,62.8,66.1,60.1,59.1
220,13.010_d1_gn,4.8,7.5,9.4,13.3,15,14.6,14.2,16.5,21.3,23.8,21.6,22.8,33.5,48.2,55.3,55.3,49.2,46.7,47.3
221,13.009_d2_gn,7.1,7.5,10,12.9,12.6,8.5,12.8,12.6,19.7,24.2,28.7,33.4,43.1,56,55.4,55.7,56.5,50.6,48.8
222,13.008_d3_gn,5.5,6.8,8.4,10.5,13.1,12.9,12.8,14,19.7,26.2,30,33.1,41.7,53.8,56.4,53.2,50.6,54.2,54.2
223,13.004_d3_ge,6,7.8,8,12.7,15.9,15.2,12.7,15.5,22.5,25.3,30.9,35.8,45.4,55,59.9,54.9,58,52.9,57.1
224,13.009_d0_gn,4.7,7.8,10,13.7,13.9,13.9,13.2,15,22.4,25.8,30.4,36,46.6,57.2,59.6,59.6,57.4,55,57.5
225,25.008_d0_gn,5.7,7,9.1,14.1,14.6,14.3,13.8,19,21.4,27.1,28.6,29.1,42.5,56.9,70.2,69.5,67.6,63,63
226,25.011_d3_ge,6.7,8,9.6,13.3,11.6,12.3,11.4,14.7,21.6,28,30.7,35.4,44.6,58.3,62.4,63.2,55.1,53.8,62.9
227,25.012_d3_ge,6.9,7.2,10.1,13.6,14.1,14.4,13.6,17.5,25.6,30.8,35.1,40.6,48.3,61.3,64.4,62.3,35.1,37.7,35.1
228,15.014_d1_ge,5.1,5.3,7.1,13,14.4,13.1,12.2,16.5,20.1,24.4,25.2,28.3,37.6,49,47.8,51.7,49.6,49,58.9
229,6.012_d1_gn,13.6,14,12,11.9,11.8,11.8,11.6,15.9,19.8,23.9,23.7,27.9,34.9,46.1,54.8,49,47.2,45.6,46.8
230,15.005_d1_gn,4,5.5,8.2,13.1,16.5,17.9,18.4,21.2,23.2,23.6,22.6,24.2,34.7,50.6,55.1,51.7,52.8,51.4,53.2
231,6.006_d2_ge,7.2,7.5,11.8,14.9,15,8.8,14.6,13.9,21.7,23.1,26.7,27.1,34.6,47.4,51.1,46.2,48.6,54.2,52.9
232,25.004_d0_ge,6.6,9.5,12,16.8,16.4,17,15.7,16.9,22,24,25.2,26.3,40.5,51.4,55.4,56,52.7,56.5,57.2
233,3.007_d1_ge,5.2,6,6.9,7.4,7.4,10.6,13.1,14.9,16.1,19.9,24.1,27.4,36.4,48.9,52.8,50.6,48.5,45.7,46.2
234,6.015_d0_ge,6.4,6.5,8.9,13.2,12.6,11.3,10.9,14.2,20.9,23.2,24.6,26.1,31.7,31.9,32.8,33.7,33.4,31.1,32.7
235,13.012_d1_gn,14,13.5,14.2,13.9,13.5,13.7,12.8,15.2,20.2,26,28.4,29.4,35.8,48.1,49.7,48.6,48.8,49.3,47
236,13.011_d3_ge,4.6,8,9.8,14.1,15.7,15.6,13.6,15.6,22,26.1,26,26.1,37.3,51.1,54.2,53.5,47.2,39.4,40.2
237,6.014_d0_gn,4.9,5.2,6.9,9.8,10.8,10.2,10.5,14.5,19.4,22.6,23.9,30.5,38.4,47.4,52.3,49.9,52.1,46.6,45.2
238,13.006_d3_ge,5.4,6.2,7.5,11.5,14.1,13.7,13.2,16,19.6,23.8,28.1,31.4,42,53.5,45.8,52.2,41.6,55.1,57.9
239,3.012_d2_ge,5,8.1,11.8,12.9,13,13.1,12.9,13.9,21.6,23.2,29.4,37.9,43.4,53.3,60.2,55,47.1,42,42.4
240,25.015_d1_gn,5.5,6.5,9.9,15.6,15.7,15.3,14,17.2,20.7,24,24.9,30.4,38.7,53.6,56.1,55.3,44.2,45.7,46.5
241,6.009_d3_ge,8,9.2,10.9,13.1,13.2,12.3,11.5,13,17.5,21.1,20.7,22.2,29.3,41.5,51.4,51.8,41.7,46.1,46.1
242,3.006_d2_ge,6.3,8.5,11.1,11.1,11.4,12.4,11.9,13.5,27.6,34,35.1,34.9,41.9,57.3,55.5,53.2,44.2,52.5,45.5
243,25.013_d3_ge,5.4,7,8.3,14.9,16.4,17.4,17.3,21.2,28.7,30.7,28.8,31.7,31.6,29.6,27,24.3,40.5,22.5,0
244,25.010_d3_gn,4.5,6.6,8.9,14.1,16.6,16.2,16.3,16.3,18.7,19.5,22.6,30.6,42,51.2,45.1,49,45.6,44.5,44
245,25.013_d2_gn,12.1,12.3,12,14.6,14.3,13.1,14.2,9.5,20.9,27.1,28,35.6,51,56.1,58.8,59,48.6,55.2,44.8
246,3.008_d2_ge,5.3,7,9.3,12.9,12.7,10,9.7,9.6,14.6,20.6,23,27.8,35.8,50.5,55.6,56.7,52.7,53.4,27.5
247,3.011_d2_ge,5.2,7.1,9.6,12.5,12.2,9.6,12.2,9,14.7,19.4,25,28.9,37.5,47.1,54.9,53.5,34.6,35.4,32.2
248,3.014_d1_gn,4,6.6,6.8,10.7,14.1,12.6,13.2,11.5,13.4,18.4,20.8,26.4,34.4,47.4,46.9,49.7,46.7,45,41.3
249,6.010_d1_gn,5.1,6.7,9.6,12.7,13.1,12.2,12.1,14.3,17.6,18.7,22.1,20.5,24.6,36.1,37.5,41.6,38.1,39.2,34.2
250,15.005_d0_ge,7,7.7,9,12.5,13.6,13.5,13.6,11.4,21.9,24.4,25.9,23.6,33.7,46.8,51.9,50,40,39.5,39.2
251,25.005_d0_gn,6.7,7.5,11.5,14.6,14.6,14.4,13.7,16.3,20.1,24.2,25.6,29,37.6,50.2,50.8,51.7,45.1,44.1,43.5
252,3.009_d3_gn,5.1,6.5,9.3,12.4,12.1,11.6,9.6,13,18.6,20.2,23.5,24.4,28.3,41.1,48.9,47,47,47.8,44.9
253,13.006_d2_gn,4.9,6.4,7.5,10.7,11.2,10.9,10.7,10.8,16.1,20.1,23.6,23.5,26.5,31,45.8,44.6,42.6,44.7,45.6
254,6.004_d0_ge,4.4,6,7.7,11.3,12.3,11.5,11.6,12.1,21.7,24,26.6,26.4,31.5,41.9,44.7,44.9,30.1,44.9,37.7
255,6.005_d2_ge,5.7,7.5,8.2,9.1,11.3,11.2,11.4,12.9,24.3,29.1,28.8,28.1,38.2,49.2,57.4,50.1,34.8,33.8,34
256,13.015_d0_gn,5.6,7,9.4,14.4,17.5,17.4,16.7,15.2,24.2,30.5,31.1,31.9,43.7,53.1,53.7,52.7,42,41.1,38.2
257,25.006_d2_gn,25.2,25,24.4,24.5,16.8,9.6,0,0,0,0,0,0,0,0,0,0,0,0,0
258,15.015_d3_ge,6,6.5,9,14.1,14.1,11.7,13.6,13.9,22,25.2,24.7,25.2,34.9,44.6,46.6,46.1,45.8,45.2,30.4
259,25.002_d3_ge,10.2,10.1,11.5,15.2,14.9,14.9,14.5,14.7,22.6,22.9,25.8,23.5,24.3,29.1,47.2,41,39.6,38.3,34.6
260,13.001_d0_ge,5.9,8.8,10.5,14,16.5,14.2,13.6,14.6,20.6,26.6,29.4,29.2,37.4,49.3,54.3,50.5,48.2,48.4,52.7
261,15.014_d0_ge,3.7,7.5,8.2,12.1,12.5,12.3,14.1,16.7,20.7,25.4,27.6,29.1,32.9,47.7,53.8,51.1,48.3,51.9,40.2
262,25.006_d0_ge,6.9,7.5,11.7,16.1,17.9,17.8,17.5,19.3,22.5,25.2,26.2,24.6,37,49.1,55.9,55.1,43.6,42.6,41.7
263,25.008_d0_ge,8.9,9.8,11.6,14.5,16.3,16.1,14.8,17.5,22.8,23.6,23.6,27.8,31,33,38.7,44.7,43,42.6,33.1
264,15.012_d2_gn,9.4,9.1,11,13.3,13.2,8.2,12.8,13.4,23.6,26.7,27.9,28.1,39.3,50.7,51.9,47.5,45.5,47,45
265,6.003_d1_gn,15.3,15.5,15.4,15.2,14.9,14.9,14.9,14.8,19.7,23.1,23.7,27.5,30.9,46.1,55.5,50.5,48.6,48.5,48.5
266,15.013_d1_gn,5.1,6.5,9.6,12.8,16.4,15.5,16,16.4,19.8,25.5,24.9,25.3,36.1,48.8,55,46.2,52.7,52.8,52.2
267,25.006_d3_ge,8.1,10.2,12.8,16.5,18.1,18.1,17.5,20.8,20.4,25.1,24.8,32.7,43.6,60.9,63.3,55.5,57.6,48,55.8
268,6.002_d3_ge,0,0,0,0,0,0,0,0,0,0,0,0,0,0,0,0,0,0,0
269,13.015_d3_ge,6.2,8.3,13,15.7,15.7,15.7,12,13,20.1,22.6,23.1,28,36.4,48.5,54.2,47.8,49.6,47.5,42
270,3.005_d0_gn,4.8,7.2,10,11.2,11.1,11,11.8,13.3,17.3,19,20.6,22.7,31.6,55,59.9,59.6,59.9,61,42.4
271,6.005_d2_gn,5.4,6,7.7,12.1,12.3,12.9,12.1,11.7,17.7,22.8,27.1,28.6,32.8,42.6,50.2,49.1,39,39.7,38.2
272,15.012_d0_ge,5.2,6,9.3,13.1,17.4,16.9,16.5,17.8,23.9,25.3,25.6,28.2,38.5,51.9,52.7,50.8,34.6,40.4,39.7
273,6.006_d0_gn,7.1,7,8.8,12.5,11.2,10.9,11.8,13,16.4,20.5,23.5,28,37.7,45.6,51.1,49,42.3,18.5,17.8
274,15.008_d0_gn,17.2,17.3,17.8,17.4,16.5,16.7,16.2,13.6,20.4,22.8,26.2,28.5,36.6,47.8,52.2,50.9,41.6,0,0
275,15.001_d3_gn,6.9,8,10.5,13.3,12.1,12.3,13.5,12.2,21.7,25.2,21.7,26.2,33.9,46.8,57.1,52.7,43.6,45.9,39.9
276,13.013_d1_ge,4.6,5.1,NA,7.5,10.6,12,12.6,12,15.7,18,20.3,22.5,35,49.5,70.4,67.7,34.7,35.2,25.5
277,3.008_d0_gn,5,7.8,9.6,11.9,12.6,13.4,11.3,11.5,18.9,21.9,26.4,30.6,39.2,53.4,60.3,60,0,0,0
278,25.014_d3_gn,7,10,13,15.6,15.4,14.4,15.1,18,21.6,24.5,25.7,29.4,39.1,54.2,57.3,55.6,54.5,57.9,58.2
279,13.008_d0_ge,6.8,6.6,10,14.2,15,15.2,14.2,12.2,19.6,23.8,25.2,24.9,32.4,49.5,56.8,53.6,54.2,41.5,40.7
280,3.005_d2_gn,5.9,6.5,10,12.9,13,12.9,12.6,12.5,13.7,16.6,19.2,24.1,32.1,46.4,51.4,50.5,48.6,30.4,38.1
281,25.013_d0_gn,8.5,10.5,13.1,15.4,15.6,15.3,15.1,16.5,19.7,21.1,20.6,23.8,26,32.5,51.3,49.8,0,0,0
282,3.008_d0_ge,6.6,8.8,10.3,12.8,13.4,13.5,13.1,13.8,17.7,18.7,24.3,28.1,38,52.5,56,49.2,27.7,35.7,38.2
283,25.014_d1_ge,5.5,9,11.6,15.3,15,11.5,14.8,14.8,20.1,26.6,26.7,25.6,30.2,41.5,45.8,54.5,0,0,0
284,6.014_d2_ge,6.5,6.5,9.8,13.8,13.4,12.6,9.8,11,22,29,31.2,30.9,38.5,49.5,51.7,51.2,49.1,51.2,51.4
285,3.011_d0_ge,5.9,5.5,9.6,15.5,15.5,15.4,15.1,17,15.5,23.6,31.8,30,43.5,56.2,60.6,59.4,60.6,59.8,45.1
286,6.003_d0_ge,3.7,5.1,6.8,11.6,13.3,13.8,13.8,14.6,17.6,20.9,22.8,23,31.7,44.1,45.6,47.6,47.7,35.8,35
287,3.012_d3_gn,7.3,8,11.1,15.4,15.1,11.2,10.2,17.9,19.9,22.3,27.1,28.3,34,47.1,54.5,53.6,52.1,52.1,49.6
288,13.005_d3_ge,4.6,6.1,9.6,13.1,13,12.6,12.7,13.6,22.7,27.2,30.8,31.1,39,48.5,48.7,47.4,42.9,42,36.1
289,25.009_d1_ge,5,8.5,10.7,14.5,13.8,12.5,13.1,15.2,18,20.1,21,20.3,27.1,43.5,56.9,61,57.6,55.5,55.3
290,3.006_d0_ge,5.6,7.8,NA,14,17.8,18.1,18.1,18.1,20.4,23.5,24.7,26.2,34.9,47,51.1,49.4,47.9,41.7,47.1
291,13.015_d2_gn,6.6,7.5,10.4,15.3,16.1,16.1,16,15,22.8,26.6,26.9,29,39.4,49.6,53.6,52.2,52.8,37.4,26.7
292,13.008_d1_ge,9.4,9.8,11.8,12.7,13.6,12.5,12,15.1,19.3,23,25,25.5,33.6,48.2,53.2,53.2,52,48.1,48.8
293,3.008_d1_ge,5.6,8.8,9.4,10.8,11.8,11.4,12.7,15.5,19.6,24.2,30.3,32.4,40,52.8,54.6,56.4,52.9,57,32.1
294,6.006_d1_ge,3.9,7.9,10.7,15.5,18.5,18.3,17.7,17,23.4,29.3,31.7,32,38.7,44.9,54.7,52.4,51.7,47.2,29.6
295,3.015_d0_ge,4.9,5.6,8.4,16.3,18,17.6,15.9,14,21.9,22.9,22,24.7,32.9,44.6,60.3,55.4,57.3,56.5,31.5
296,15.001_d1_gn,5,7.1,10.5,15.2,15,15,15,13.9,23.1,28.1,29.5,29.2,35.4,48,57.8,56.2,54.9,51.9,52.9
297,6.005_d3_gn,5.6,6,9.4,13.3,14.9,14.1,14.6,16.2,24.3,27.4,27.5,29.4,36.4,49,55.5,53.9,50.2,35,34.2
298,6.012_d2_ge,6.5,9,12.2,13.1,12.4,12.3,13.9,12.3,21.7,27.1,29.2,29.9,40,52.5,56.9,54.7,47.3,47.1,46.9
299,3.004_d0_gn,7.7,7,10,14.2,12,11.6,13.6,13.5,17.9,21,26,29.6,38.1,53.4,58.2,51.5,52.9,49.4,38.7
300,3.002_d2_ge,5.5,6.2,9.7,10.8,11.2,7.9,9.2,11.2,17.8,18.8,21.7,24.1,34.5,48,62.3,56,55.6,50.2,28.5
301,15.003_d2_ge,5.2,5.5,9.7,11.5,12.3,12.2,11.9,11.6,23.8,25.7,26.9,30.1,38.1,50.8,54.1,54.6,48.8,45.5,35.5
302,15.013_d2_ge,5.6,7.4,9,11.8,12.9,7.5,10.4,12,20.5,21.1,25.8,29.2,37.6,51,58.7,58.2,58.8,48.8,41.9
303,25.011_d0_ge,6,6.4,10.8,14,13.8,14.6,14.1,15.6,20.9,21.7,23.3,26,35.7,49.5,51.3,62.1,53.7,49.8,31.2
304,3.010_d3_gn,4.3,5.1,7.1,11.2,2.4,12.1,11.1,13,17,22,24.7,28.5,39.6,52.1,57.5,56,40.7,39.4,38.9
305,3.009_d2_ge,4.7,7.3,7.4,10.4,12.9,9.6,9.8,11.6,19.7,24,26.6,29.7,38,53.9,65.6,56.3,34.6,32.5,31.5
306,3.010_d2_ge,7.2,7.6,10.4,12,11.6,11.1,116,11.9,17.4,23.4,29.5,35.9,42.1,53,56.7,56.3,45,44.9,38.6
307,3.007_d0_gn,4.9,5.4,8,9.8,11.2,10.7,11.9,11.4,20.6,23.8,29.6,31.6,37.8,59.3,58.4,56.8,45.7,46.8,44.4
308,25.012_d0_ge,5.6,8.8,13.8,18.6,19.9,19.1,19.6,18,23.8,27.4,30,34.2,43.3,55,56.3,54.3,47.5,55,36.1
309,6.009_d3_gn,7.1,7.6,9.7,13.9,14.6,13.7,11.9,12.3,19.7,24.5,26.8,27.1,32.2,47.1,48.2,56.1,49.8,46,45.7
310,13.003_d3_ge,4.7,6.6,8.1,11.8,13.7,13.4,13.1,13.4,22.7,23.7,24.1,26.2,37.2,47.5,54.7,52.1,46.1,36.2,31.8
311,13.014_d3_ge,6,6,10.4,14.4,15.2,15.1,14.8,14.2,19.1,23.6,29.9,31.2,37,51.6,60.6,55,53.2,53.7,32.6
312,25.001_d2_gn,6.6,7.6,10.9,16.1,17.5,17.4,17.3,16,20.9,28,32.7,37.1,44.6,57.5,50.4,53.4,50.6,47.1,42.1
313,13.012_d1_ge,6.1,8,9.8,13.3,17.1,16.9,16.6,19.4,27.1,29.7,27.3,30.7,28.7,29.9,32.5,34.7,50.6,50.6,50.6
314,13.014_d1_ge,12.1,12,12.1,11.9,11.6,12,13.1,16.8,23,27.5,31.7,34.1,42.4,55.8,58.9,57.1,58.5,58.2,31.7
315,15.011_d0_gn,6.5,8.1,9.9,13.8,14.7,14.6,13,13,20.7,25.2,29.1,28.2,37.9,51.7,60.3,56.7,56.8,38.7,36.5
316,3.004_d0_ge,5.1,6,9.6,14.1,15.4,13.2,13,13.1,21,27.6,31.7,32.8,41.6,54,54,54.4,53.7,49.7,32.2
317,13.014_d3_gn,9,9.9,10.7,14.6,16.2,15.9,15.1,16.2,22.1,27.7,31.5,34.4,42.4,55.5,56.4,52.4,56.6,41.3,38.4
318,25.013_d1_ge,5.1,5,7.1,11.6,16.6,18.7,17.8,19.1,22.6,25,29.1,33.9,45.3,54.8,55.9,55.3,49.7,51.9,37.5
319,15.008_d2_ge,5.2,6.5,9,13.5,13.1,13.8,13.5,12.3,22.1,25.6,29.5,36.5,43.7,52.6,57.1,58.6,54.2,38.1,32.9
320,25.011_d2_ge,7.3,8.3,11.1,16.6,18.1,18,18,17.2,27,29,28.6,33.1,46.3,57.1,62.5,60.3,53.3,55.4,53.1
321,13.012_d0_ge,7.2,8.2,12.9,18.5,20.8,20.4,19.7,19.2,22.3,23.6,25.9,30.4,40.9,51.3,50.6,51.7,51.5,32.1,30.4
322,25.001_d1_ge,6,10,15.5,20.1,27.7,25.7,26.2,25.5,26.7,28.3,31.8,41.7,51.7,59.6,63.1,60.5,49.5,46.6,45.2
323,13.004_d3_gn,6.7,7.2,9.4,15,15.6,15.5,13.5,15,21.7,24,27,32.2,45.7,57.5,57.1,55,57.4,40.2,38.4
324,13.001_d2_gn,4.8,6.1,8.8,13.9,14.9,15.3,15.1,13.8,26.2,26.9,28.2,34.2,45.9,53.5,58.4,54.1,49.6,52.3,49
325,15.012_d0_gn,5.2,7.7,9.9,13.7,16,15.9,15.7,15.2,21.1,28.9,31.5,35.1,42,52.3,54.7,55.5,46.3,46.8,44.5
326,3.015_d0_gn,6.5,7.1,12.9,14.2,15.5,16.6,16,14.1,17.6,23,25.4,29.3,35.6,50.4,52.8,50.4,46.5,40.3,39.6
327,3.013_d1_ge,5.8,6.8,10.1,14.6,17.6,17.5,17.3,16.8,24.4,30.6,31.5,33.2,42,56.1,55.4,53.9,50.5,53.3,52.8
328,6.002_d3_gn,7.7,9.4,10.4,11.9,12.7,11.8,12.1,15.9,18.3,21.4,242,27.2,35.2,50.8,53.1,55.6,49.2,52.7,32.6
329,3.014_d3_gn,5.4,8.8,10,13,16.3,16.7,11.8,15,17.1,21.5,25.7,33.5,40.7,53.7,58.1,56.6,49.3,49.5,37.9
330,3.010_d0_gn,6,4.4,8.6,13.8,12.9,13.4,13.4,18.5,17.2,18.6,27.4,30.6,38.1,52.6,56.2,55.7,50.2,43.2,43.2
331,15.008_d1_gn,3.3,4,7.5,13.6,16.2,16.7,16.1,14.8,22,225.5,25.1,26.3,36.1,49.6,63.6,63.9,48,38.4,37.5
332,25.008_d2_gn,7.5,9,13.1,16.8,17.4,17.2,16.6,17,21.1,24.2,30.2,34.3,50.2,62.2,65.4,63.9,50.7,53.7,53.6
333,13.009_d2_ge,5.1,5.5,8.6,11.5,12,12,11.8,11.6,20.7,25.6,28.7,32.2,41,53.5,56.6,58,55.3,54.2,35.4
334,6.015_d2_ge,6.9,7.2,8.4,13.9,15.4,15.5,15.5,15,21.8,26,30.6,32.8,43.3,55.8,61.4,61.4,51.5,37.6,36.2
335,13.010_d2_ge,10.2,9.9,11,13.6,12.5,13.8,11.3,10.8,27,31.6,31.1,31,39.6,54.3,58.2,57.9,54.1,56.2,40
336,6.002_d0_ge,7.2,8.5,9.9,14.5,15.4,15.9,15.7,15.1,20.6,25,24.9,24.7,39.7,44.8,41.4,50.4,43.1,42.7,36.9
337,15.007_d2_gn,7.5,7.8,10.4,12.4,12.3,10,12.6,12,22.9,26.7,26.5,30.9,42.5,51.5,61.1,55.2,40.4,40,40.4
338,13.007_d0_gn,7.5,8,11.1,14.8,14.3,16,15.8,15.7,22.3,25.2,29,31.3,41.6,56.6,58.8,55.8,49.4,49.6,41.2
339,3.002_d1_ge,6.4,7.4,11.8,14.1,14.2,14.1,13.2,14.2,20.9,24.7,27.6,29,34.4,48,56,52.2,50,47.2,32.6
340,25.006_d1_gn,6,8,12.6,17.4,17.3,17.4,16.4,15.9,21.6,24,24.3,28.2,36.4,46,58.1,49.5,48,43.6,33.1
341,15.010_d1_ge,10.8,10.5,12,17.4,16.3,16.2,16.7,16.8,19.8,24.5,26.2,26.5,36.9,49.8,54.1,53.1,45.2,40.9,36.8
342,15.013_d1_ge,4.6,6.1,9.1,13.9,14.6,14.8,14.5,16.9,20.4,24.2,24.7,24.1,32.1,46.5,54.4,54.3,42.6,39.7,40.6
343,3.009_d1_gn,3.4,6.4,10.6,11,15.8,12,15.6,16,17.8,19.3,23.3,28.9,41,59,54.7,55.4,58.6,42.6,30.2
344,6.012_d3_gn,18.2,18.1,18.2,18.1,18.2,17.7,17.7,17,18.2,23.7,28.6,30.7,41.3,53.4,58.3,67.1,57.4,58.4,35.5
345,3.004_d3_gn,8,8,12.7,18.6,18.9,18.9,17.8,14.6,18.6,20.1,24.4,29.9,40,51,56.2,54.7,0,0,0
346,3.003_d1_ge,3.1,4.9,6.5,11.8,19.2,19,18.5,17.9,24.5,32.4,33.9,36.6,46,58.6,60.4,55.5,55.6,35.4,35.8
347,25.012_d0_gn,8.8,9.3,13.5,17.7,18.1,17.9,17.1,19.2,21.1,26.7,29.5,37.7,48.8,61.6,59,59.2,48,50.9,37.4
348,25.010_d1_gn,7.8,10.2,13.5,17.4,18.4,18.3,17.5,20.5,27.1,28.6,26.7,29.1,41.3,54.5,54.6,57.1,52.6,51.5,31.7
349,6.005_d0_ge,7,7,8.1,14.5,19.9,19.4,19.3,18.5,21.7,26.3,29.8,30,36.1,47.3,56.2,56.2,46.4,48.7,46
350,25.012_d3_gn,6.1,10.7,12.8,17.1,19.7,17.6,19.2,19.2,21,21.2,24,37.6,50.7,58.1,62.7,62.5,53.3,60.4,38.3
351,25.015_d0_gn,7.9,9,13,19.5,19.8,19.6,19.5,17,23.2,25.4,25.6,30.7,40.5,51.6,61,56.1,45.5,43.7,37.7
352,15.009_d0_gn,6.7,8,11,16.2,19.2,18.5,18.6,16.4,21.4,25.7,27.8,28.8,38.9,53.5,54.9,52.3,50.1,49.2,24.2
353,25.003_d0_gn,6.6,7.3,11.9,18.2,20.3,17.8,17,12.5,18.4,21.4,23.6,27.6,37.4,28,46.6,54.5,49.1,48.6,38.8
354,15.002_d1_ge,7.6,7.7,9.8,16.4,16.7,16.9,15.6,15.2,20.1,25.6,27.7,34.5,43.5,51.1,54.3,53.1,50.4,46.9,43.9
355,3.015_d1_ge,4.3,6,8.5,11,17.6,19.6,19.7,14.6,16.3,21.5,23.8,27.1,39.6,51.1,56.7,56.9,46.3,42.5,40.5
356,3.008_d3_ge,5.8,8.6,14.1,17.1,17,16.7,17,15.7,18.3,23.2,26.1,25.4,31.3,48.3,53,53.1,50.1,30.4,30
357,15.004_d2_ge,11.5,12.3,12,16.4,16.2,16.1,11.6,12.5,25.4,27.7,28.1,32.1,40.7,52.1,60.4,59.9,58,27.7,29
358,6.008_d2_gn,6.6,8.2,11.1,13.8,13.6,13.4,13.6,12.9,19.7,27.5,30.5,32,39.1,50.4,53.5,54.7,50.3,47,30.2
359,3.013_d3_ge,5.4,5.8,NA,6.9,10.6,13.6,13.8,17.5,20,22.7,22.5,25.2,25.4,30.4,31.5,30.2,19.9,27.6,27.4
360,15.005_d3_ge,6,6.5,12,17.6,17.7,17,17,20.6,2.4,25.8,26,28.9,37.8,49.1,50.2,51.6,35.7,35.4,36.4
361,3.004_d2_ge,4.4,5.5,9.8,14.4,10.8,11.3,14,13.6,26.1,28.6,32.7,35.7,39.5,51.3,54,53.9,42,49,47.3
362,6.011_d3_gn,14.5,14,14.3,13.7,13.5,13.2,12.8,15.9,19.8,24,27.8,30.1,40.8,53.1,58.6,57.4,54.5,57.6,27.2
363,13.002_d1_ge,11,11.1,11.6,15.4,16.1,14.3,15.6,17,21.6,25.2,29.9,33.1,43.5,54.4,53.4,70,46.8,48.6,48.2
364,6.014_d2_gn,6.2,8.2,12.3,16.7,16.7,16.6,16.5,16.5,23.5,30.7,35.1,39.2,44.7,54.5,56.9,55.6,53.3,55.2,26.1
365,15.013_d0_gn,8.4,8.3,11.6,15.4,17.7,17.4,17.1,17.8,23.4,29.2,32.6,35.3,45.2,54.5,58.8,59.3,56.4,53.6,32.5
366,25.008_d3_gn,5.9,6.1,6.3,15.8,19.1,19,19.1,21.1,26.2,28.1,31.1,33.2,44.4,56,66.7,63.8,49.2,37.1,34
367,25.001_d0_ge,7.1,7.1,12.8,19.6,19.7,19.4,14.2,18,25.1,31.4,36.8,35.9,49.5,63,69.5,68.6,68.5,63,29.1
368,15.011_d3_gn,5.5,5,7.8,12.4,12.6,12.6,12.2,13,20.9,24.7,28,28.5,39.7,53.8,55.7,58.5,0,0,0
369,3.009_d1_ge,7.2,8.6,10.8,14.6,18,18.4,18.3,13.9,21,24.6,25.1,34.1,46.1,63,54,56.6,26.1,45.6,38.6
370,15.009_d1_ge,7.5,7.8,11.8,18.6,19.6,19.6,19.2,18.5,25.4,28.2,30.6,31.8,41.2,53.2,55.3,55.1,50.6,46.1,32.3
371,3.011_d2_gn,4.1,7.2,7.4,9.4,10.7,11.3,11.6,12.4,18,21.1,21.8,24.9,28,32,36.2,36.4,25.5,21.8,13.9
372,15.002_d2_gn,6.2,7.1,11.5,18.4,20,20.1,19.8,19.6,20.9,24.3,25.4,31.2,40,54.9,60,57.2,57.1,54,36.4
373,6.001_d3_gn,14.9,14.5,14.6,15.6,14.9,15.2,15.1,14.4,20,24.3,28.3,36,37.3,49,54,53.1,52.2,50.8,38.6
374,25.005_d2_gn,7.4,8.3,12.2,18.6,19.6,18.9,14.2,17.8,27.4,32.5,37.9,40,52.9,65.8,63.6,63.3,50.4,61.3,45.2
375,3.013_d1_gn,5.2,8.9,10.8,12.9,17.5,13.5,14.1,15.2,17.1,22.4,28,34,44.6,57,60.6,59.4,43.6,40.4,44.4
376,15.014_d2_ge,5.6,7.5,10.3,15.2,17.3,17.3,17.9,15.1,23.1,28,29.9,32.4,42.6,53.4,60.5,59.4,54.6,41.1,41.1
377,3.002_d3_ge,4.6,6.5,11.5,16.9,19.6,19.5,19,17,19.2,25.1,29.1,31.9,40.1,54.2,62.1,58.5,50.5,54,39.1
378,3.001_d2_gn,5.5,6,12.5,14.6,13.9,12.8,8.7,13.9,22.8,28.3,29,38.6,44.8,62,63.5,62.9,45.5,38.3,35
379,15.004_d0_gn,6.6,7,10.1,16.8,16.2,17,15.6,15.5,20.4,24.4,24.9,25.7,35,49.9,56.6,55.3,46.1,37,41.2
380,13.015_d3_gn,6.7,8.4,10,16.7,21,20.9,20.4,17.5,22.3,27.5,29.1,29.6,39.9,56,58.6,58.2,53.3,41.5,27.3
381,6.011_d1_ge,7,7.8,10.1,16.5,18.2,15.7,17.2,17,18.6,23,25,31.5,37.5,50,58.8,52.4,53,52.2,29.8
382,3.014_d0_gn,4.8,7.2,12.1,14.6,16.1,15.5,16,14.3,20.2,24.1,29.3,32.9,42.1,55.2,57.4,60.7,50.1,46.4,27.1
383,13.011_d2_ge,23.3,23,23.6,17.7,13,13.2,0,0,0,0,0,0,0,0,0,0,0,0,0
384,25.011_d1_ge,10.6,10.5,15.1,20.5,21.5,21.1,21.4,18.6,24,27.1,31.5,32.6,34.7,45.1,55.6,49.6,48.6,49.7,37.1
385,13.013_d0_gn,6.6,7.2,10.3,17.7,20.2,20.4,20,18.7,22.3,30.1,31.4,36,47.2,58,60.1,58.2,41.3,46.9,41.3
386,6.006_d0_ge,4.9,10.1,13.8,16.7,19.2,20.1,20.2,19.5,21.3,25.1,30.2,32.7,41.8,53.5,51.9,59.6,41.1,37.2,0
387,25.009_d2_ge,8.8,8.8,14.5,23,23.9,24.4,23.9,23,31.6,38.4,41,47.1,59.4,66.5,60.7,64.7,50.2,40.8,36.6
388,6.001_d3_ge,21,20.9,20.7,17,20.3,17,17,17.4,23.6,28,34.9,37.9,46.4,52.9,54.9,55.2,48.2,46.2,40.3
389,15.008_d3_ge,7,8,10.9,16.9,20.8,20.6,20.3,18,22.3,30.8,33.1,35,43.6,55.8,60.1,58.5,45.4,42,42
390,3.004_d2_gn,7.2,8.5,13.9,19.3,20,20.2,20,18,25.9,32.1,33.3,37.3,45.7,54.2,56.2,55.2,46.4,36.6,37.7
391,13.004_d2_gn,5.8,6.5,11.1,17.2,17.7,17.9,17.5,16.7,24.1,27.2,32,37.1,47.2,58.6,58.2,49.5,44.1,43.1,42.2
392,25.001_d2_ge,7.6,9.6,12.6,19.6,21.7,21.4,21.6,17.5,28.9,34.7,36.9,42.5,50.5,60.5,64.3,62.3,52.5,51.4,51.6
393,15.014_d2_gn,16.5,16.2,16.3,14.7,15.3,10.1,13,14.2,22.4,30.1,34.4,39.4,48,59,62.4,62.1,58.2,57.6,45.2
394,25.004_d3_ge,8.9,9.4,12.3,22.5,24.3,24.8,24.3,23.2,32.1,35.5,35.3,41.7,52.6,62.2,63.3,61.6,58.5,59.7,34
395,25.003_d0_ge,7.5,8.1,11.4,19,22.3,22.2,21.9,21.5,30.1,37.3,37.4,39.1,47.6,65.1,69,70.2,48.7,53.7,34.9
396,13.007_d0_ge,4.2,5.7,9.1,16.7,20.6,20.1,20.1,17.2,25,28.5,31.8,35.6,47.7,56.9,59.9,59,53.8,50.8,33.3
397,6.011_d3_ge,23.4,23.2,23,23,23.2,14.9,14.2,20.2,31.4,33.9,37.6,33.5,41.8,53.2,60.5,55.8,56.2,37.3,35.6
398,25.008_d1_ge,6.6,10.5,16,22.3,24.2,24.2,24.2,23.1,32.1,34.4,35.4,39,52,62.7,50.2,61.1,0,0,0
399,6.008_d2_ge,7.6,9.9,11.9,17.6,18,18.2,18.4,18,26.7,35.2,36.3,36.1,43.9,57.5,60.7,58.6,42.7,43.4,42.1
400,3.006_d3_ge,6.1,9,12.2,16.3,27,27.5,24.8,26.1,31.6,34.9,34.9,35.1,40,53.3,57.4,58.5,57.9,55.8,38
401,15.011_d1_ge,9,9.4,9.5,9.5,8.5,9.1,9.9,14.7,16.9,19.4,20.8,22.7,31.1,36.9,40,38.5,37,39.5,40.5
402,3.008_d2_gn,4.5,5,6.9,10,10,8.9,10.1,9,14,18.4,21.6,27,32.7,44.5,47.6,45.4,46,44,44.7
403,6.013_d0_gn,20.8,20.2,18.7,18.6,19.2,18.6,17.6,13.1,15.1,17.3,17,19.1,25,36,46.2,38.4,39.5,38.5,36.9
404,3.005_d1_gn,4.2,7,7,10.9,14,14.4,14.1,11.6,20,22.5,23,28.6,41.2,47.6,53.1,46.1,53.5,37.1,40.2
405,13.015_d0_ge,9.9,9,9.3,9.1,9.9,9.7,10,13,20.5,25.9,28,26.9,32.4,47.2,55.1,54.2,50,51.2,41.8
406,15.005_d3_gn,6.8,7.3,8.9,10.4,10.6,8.9,9,12.9,19.7,25.7,26.9,27.7,34.1,46.5,49.2,45.3,50.9,51.9,52.5
407,25.009_d0_gn,8.1,10.3,11.4,15,16.6,16.5,15.8,15.6,20.2,26.5,29.9,34.9,44.3,53.8,54.3,53.7,52.4,46.6,46.1
408,3.003_d3_ge,4.5,5.8,6.6,7.3,7.4,7.2,9.2,13.6,16.4,21.6,20.5,22.4,29,43.7,43,42,45.2,48.1,47.1
409,13.004_d1_gn,4.2,5.9,6.9,12.1,13.5,13.3,12.9,15.4,18.5,21.9,24.5,28.8,37.8,45.5,52.5,46.5,0,0,0
410,13.005_d2_ge,6.2,7.5,8,9,10,7.1,9.9,9.7,18.8,25.3,30,32,38.8,49.4,53.6,49.4,53.1,46.5,39.4
411,13.013_d2_ge,5.5,6.9,9.5,12.5,12.4,9.6,12,11.9,18.9,21.2,25,34.6,44,53.4,53.2,54.2,53.4,53.8,48
412,15.013_d2_gn,5.9,7,8.9,8.9,9.1,6.5,7,7,19,21.2,25,25,34.1,44.9,49.6,46.1,46.9,46.7,44.1
413,6.006_d3_gn,5.1,8.5,9.2,10.6,10.5,10,10,14,17.5,19.2,19.1,18.9,25.6,35.8,41.6,43.3,45.9,37,35.9
414,13.010_d0_gn,6.6,8.9,9.4,11.1,12.8,12,12,16.1,19.4,26.4,30.1,32.6,39.9,51.5,49,46.6,46.8,49.5,49.1
415,6.015_d2_gn,6.8,7.5,8.5,10.8,10.8,7.5,10.8,8.9,15.9,24,24.3,30.6,38.2,50.1,52.2,50.2,47.5,50.3,30.5
416,13.005_d3_gn,5.1,6.5,6.9,10.8,12.4,12.5,12.1,12.8,19.8,28.2,33,35.2,33.6,36.4,35,35.7,0,0,0
417,25.004_d1_gn,5.4,8.9,10.1,12.6,13.3,13,12.4,15.8,19.6,26,28.2,30.3,30.7,32.7,33.8,33.7,45.7,41.4,40.9
418,6.007_d0_gn,6.8,8.4,8.2,8.8,10,9.2,9.4,13.1,13,17,18.5,17.8,27,37.8,49.6,35,0,0,0
419,6.010_d0_gn,4.8,7.7,8.4,11.5,11.4,11.4,9.8,13.1,17.2,23.6,27.4,29,30.4,43.2,42.4,38.6,43.5,43.8,44.1
420,25.012_d2_ge,7.5,10.4,12.5,14.1,14.3,10.1,14.5,13.8,23.9,27.5,40.7,40.3,47.2,58.3,56.4,57.1,55.7,55.2,37
421,6.014_d1_gn,6.9,8.5,9.6,13.3,13.1,13.2,12.6,16,19,27,30.8,31.1,36.1,47.4,52.7,53,50.1,49.5,37.5
422,3.003_d1_gn,3.5,5.1,9.2,9.8,9.8,10.9,12.1,14.8,19,19.1,24.2,28.7,29.3,41.9,47.6,37.9,33.4,35.2,18
423,6.013_d1_gn,14.1,14.2,14.4,14.2,14,14,13.3,15.5,18.9,22.5,22.4,22.7,32.4,43,43.1,43,40,41.4,38.6
424,25.006_d0_gn,21.2,20.5,20.1,20.1,19.8,20,18.3,18.6,22.3,29.2,31.5,34.8,37.1,43.6,41.1,41.7,49,48.2,47.1
425,15.007_d0_gn,5.9,9,10.7,12.6,12.1,12.4,12.2,13.7,18.8,25.4,30,34.1,44,54.9,59.6,56.4,55,39.7,38.2
426,13.008_d3_ge,5.8,7.5,7.7,11.8,13.5,13.4,13.1,13,19,25.5,32.4,35.9,39.7,46.2,46.5,44,42.1,30.5,32.1
427,6.014_d3_gn,6.1,10.2,10.4,11.6,11.5,11.6,10.8,12.9,20.9,28.5,33,34.4,37.4,47.4,50.1,49.1,44.9,46.2,44.6
428,15.003_d0_gn,6.3,7.7,9.1,12.4,11.1,12,12,14.5,17.6,19,19.6,22.6,29.6,41.4,42.8,45.4,43.3,35.6,37.2
429,15.004_d2_gn,5.1,5.5,7.1,9.8,10.5,10.4,10.6,9,15.9,19.6,20.7,25.8,32.9,45.9,50.3,51.2,47,44.9,35.5
430,13.013_d0_ge,6,7,9.7,11.9,11.7,11.9,11,14,19.2,24.6,27.2,27.7,33.7,48.2,48.5,54.1,15.5,24.5,34.1
431,15.011_d2_ge,9.6,9.4,9.8,11.1,10.9,6.9,9.5,7.9,21.7,21.6,25.6,29.6,40.3,50,51.5,50.8,52.9,53.6,54.3
432,15.005_d2_ge,6,7.7,8.6,11.9,11.8,7.4,11.6,8.4,19,23.2,22.8,27.1,35,46.5,45.5,48.2,48.6,37.5,32.4
433,25.009_d0_ge,6.9,9.2,9.4,12.5,13.9,13.6,13.5,14.4,18.5,18.3,21,31,40,47,48.1,42.8,40.1,39.4,34.5
434,6.011_d0_ge,6.9,9.6,9,8.6,10.2,9.9,10.4,13,17,22.8,26.9,28.7,31.8,42.3,44.2,44.5,39.4,39,39.3
435,3.003_d2_gn,4.1,5.4,8.4,11,11,7,8.9,8.2,17,24.1,28.4,30.7,37.2,48.8,57,53.9,52.8,53,46.1
436,13.004_d1_ge,5.6,7.5,8,12.1,13.2,12.8,11.2,12,18.1,23.9,25.9,27.2,34.6,47.6,58.5,53.4,55,48.1,35.2
437,13.012_d2_ge,7,7.4,9.5,13.2,13.2,9.6,13,9.1,22,25,28.7,31.5,42.7,52.5,51.6,51.4,40.1,40.5,39.6
438,6.004_d1_ge,6.9,8.7,8.3,8.6,8.5,7.9,9.6,3.3,16,20.8,21,25.2,29.6,33.5,35.4,36.4,40.3,38.9,38.1
439,13.005_d0_ge,6.2,7.8,8.9,12.9,13.4,13.2,12.4,11.7,16.5,24.7,29.2,28.4,32.5,50.4,53.2,35.8,44.5,43.7,45.4
440,3.007_d2_ge,4.6,6,6.5,11.6,13.8,4.8,14.7,13.9,14.8,19,24.4,34,35.9,43.6,52.4,46.5,31.6,50.6,55.5
441,6.010_d3_gn,5.9,6.3,8.2,11.9,11.5,10.8,12,14.9,16.5,21.7,24.2,27,32.7,42.9,47.5,46.3,44.2,31.1,30.3
442,3.010_d0_ge,5.2,7.3,7.2,9.6,12.5,12,11.9,10.8,15.5,18.9,23.7,24.1,30.5,46.8,49,47.4,48.9,44.6,48.4
443,13.007_d1_gn,5.4,7.1,9.7,13.4,13.4,13,12.6,15.3,15.8,17,20.2,27,40.3,48.9,45,41.9,44.1,33.5,30.1
444,25.009_d2_gn,6.9,9.6,11,16.4,16.2,12.3,159,10.7,18.7,26.5,28.2,35.7,47.6,56.1,55.3,53.7,47.9,47.4,40.7
445,15.009_d0_ge,6.6,8.4,9.5,11.5,11.5,11.1,10.4,13.4,20.1,28.4,32.4,34.7,37.5,44.1,44.8,44.4,43.2,43.9,43.2
446,13.003_d0_gn,4.5,7.4,9.5,12.6,13.3,12.2,12,14.6,21.2,23.9,27,27.8,35.4,47.8,49.2,46.8,50.9,50.5,50.5
447,25.007_d1_ge,4.4,8.9,9.1,13.3,14.6,14.1,13.4,14.8,23.5,29.1,29.5,30.6,33.6,47,49.7,45.7,45.5,39.6,36.1
448,6.012_d0_ge,5.1,6.4,8.1,11.7,11.4,11.7,11.3,13,15.9,18,18.5,19.6,30.2,45.6,48.2,46,41.7,42.1,42.4
449,25.005_d2_ge,7.3,7.7,10.2,12.7,12.7,10,12.5,12,19,24.4,24.3,25.9,34.6,47.5,49.6,50,49,53.8,50.1
450,15.014_d3_ge,5.3,6.1,7.5,12,12.5,12.5,11.9,14.7,19.6,24.4,27.6,29,24.6,40.9,45.7,44.8,33.6,38.6,39.1
451,3.010_d1_ge,4,5.9,6.9,11.2,14.3,14.5,14.2,13.5,12.5,16.5,24,33,37.1,47.3,46.5,50.2,39.5,40.5,35.5
452,25.015_d0_ge,10.3,10,10.1,11.6,13.1,12.7,13,17,27.2,31.6,23.7,25.2,35.2,42.4,43.2,44,30.5,33.6,33.1
453,6.012_d3_ge,5.5,8,8.9,10.5,10.3,10.3,10.6,14.3,17.8,21.4,23.7,23.5,26.1,28.1,33.8,40.2,36.9,36.6,35.9
454,13.003_d3_gn,5.9,7.3,8.6,11.6,12.9,12.9,12.3,13.6,20.1,25.2,28,26.2,32.7,51.4,49.5,50,51.2,39.7,36.1
455,15.009_d2_ge,5.3,6.9,8.2,10.3,10.2,9.5,10,9.5,15.3,18.5,22.6,28,35.1,45.6,48.9,45.5,48.1,37.3,27.4
456,15.006_d3_ge,5.2,5.9,8.9,12.3,11.9,11.8,14,17.4,22.7,24.9,27.5,31.5,36.6,49.3,48.3,48.9,51.5,32.8,31.5
457,25.011_d3_gn,6,8.7,10.5,13.9,14,14,13.6,15,19.4,25.8,27.4,27,37.3,51.9,53.7,53.6,37.5,45.6,44.6
458,25.003_d2_ge,7.6,8.8,10,11.9,12.9,7.8,12.7,13.2,19.6,24.4,26.8,26.8,29.2,37.6,37.4,37.8,40.8,46.2,45.7
459,6.008_d0_gn,5.4,8,9,11.7,12.3,12.3,11.6,12,16,19.7,22.5,25.4,29.9,43.1,46.1,49.1,34.1,39.1,38.9
460,13.007_d3_ge,5.5,8.5,10.2,13.9,13.8,13.8,12.6,15,169,22.9,24.5,26.3,34.2,46.2,48.2,47.4,37.3,38.7,37.1
461,15.011_d1_gn,8.7,8.8,9,12.2,13,13,11.9,15.5,18.5,22.5,23,23,26,39.4,42.6,40.9,0,0,0
462,25.001_d0_gn,5.7,8.1,10.5,15.5,15.2,15.3,15.1,15,23.2,26.3,26.5,28.5,35,51.2,51.9,49.9,0,0,0
463,15.006_d0_gn,7.9,7.6,7.7,9.1,9.7,9,8.1,13.4,15.7,17.6,18.9,22.6,31.6,42.6,44,40.2,42.8,26,25.1
464,15.010_d0_gn,16.6,16.5,16.8,16.5,16,16.2,15.7,16.2,23.3,27.6,28.5,28.5,31.2,40.8,44.5,46.7,41.9,34,34.9
465,3.001_d3_gn,6,7.4,8.4,11,14.2,12.9,12,10.9,15.1,22.2,31.9,34.9,42.9,50.4,51.3,50.4,42.2,34.6,33.8
466,13.002_d1_gn,6.2,9.6,11.5,15,15.2,14.8,14.9,15.9,18.4,23.5,27.8,29.6,31.1,35.6,42.1,44.3,40.8,42.5,37.7
467,3.007_d3_ge,4.7,4.5,6.7,9.1,8.3,8.8,10.3,14.6,17,19.6,25.5,33.4,43.4,49.7,53.4,53.7,52.9,47.1,27.4
468,15.008_d3_gn,16.4,16.3,16,16.2,15.2,15,12.5,13.2,16.5,21.9,26.5,26.2,32.6,41,41.5,40.6,38.1,33,37.6
469,25.010_d2_gn,6,9,9.5,13.7,13.3,13.6,13.5,13.5,19.4,22.6,24.9,26.8,41.5,50.2,51.4,49.1,47.9,41.4,31.9
470,6.012_d1_ge,5,9.9,11.6,13,12,12.4,12.6,14.1,17.6,20.8,23.4,24.3,32.2,45,52.2,52.3,50.4,51.5,48
471,3.003_d0_gn,4.7,7.5,7,10.1,13.1,10.5,10.6,12.8,12,16.6,19.5,25.2,32,47.3,53.4,53.3,47.8,47,40.5
472,6.003_d2_ge,16.4,7.8,7.9,9,8.4,7.8,8.2,9.7,16.3,21.5,23,23.4,30.6,39.5,44.2,43.9,42.9,42.5,37.9
473,25.015_d2_ge,6,10.7,10.3,9.8,9.7,8.6,4.2,7.4,21,26.2,26.2,25.7,29.7,42.8,45.7,43.4,45.1,39.5,35.6
474,13.015_d2_ge,5,10.5,10.3,11.1,10.9,8.3,0,0,0,0,0,0,0,0,0,0,0,0,0
475,6.009_d2_gn,4.7,7.9,8.8,11.7,11.2,8.7,11.5,7.3,15,20.9,22.9,25.2,32.4,45.1,52.3,48.3,46.4,46,34.1
476,25.010_d2_ge,8.1,7.1,10,14.6,14.5,11.5,14.5,12.4,17.1,22.5,23.5,29,40.5,53.4,51.3,54.2,0,0,0
477,15.008_d2_gn,7.2,7.2,8.3,11.4,11.2,8.3,10.7,9.5,20.4,23.8,25.2,27.3,32.8,46.5,49.7,46.9,33.1,34,34
478,6.007_d3_ge,6.1,6.9,8.2,11.3,11.2,11.2,10.8,12,15.4,17.9,20.1,20.5,24.2,35.6,41.2,40.9,38.5,38,38.7
479,25.015_d1_ge,10,10,10,12.6,14.6,14.6,13.9,16.1,19.2,19,20.1,21.4,19.8,27.1,31.2,64.8,44.3,44.5,41.5
480,6.013_d1_ge,5.9,11.4,11.5,12.7,11.9,11.4,11.2,14.1,17.5,20.6,23.3,24,29.1,39.2,47,49.6,45.1,42.4,26
481,25.005_d3_gn,6.1,7.7,10,15.4,15.8,15.2,15.4,15.6,20.4,22.4,25,25,31.7,37.4,41.1,40.3,40.7,32.2,31.9
482,6.014_d1_ge,13.4,13.5,13.4,13.4,13.5,13.4,13.4,12.8,17.5,21.4,23.2,23.7,27.7,24.4,38.2,26.7,32.3,39.5,38.9
483,3.012_d1_ge,3.1,4.9,6.5,9.6,12.9,13.5,12,13.2,14.9,16,18,19.4,30.9,38.6,41,38.7,37.1,28.1,26.5
484,6.005_d3_ge,5.6,8.2,8.1,9.2,9.5,9,10.9,13.5,17,21.2,24.4,27.6,34.6,45.3,44.6,38.5,33.6,33.5,32
485,3.013_d0_gn,5.2,7.1,8.6,11.5,11.4,12,11.1,13.6,17.7,21.5,27.2,31.9,40.6,49.2,51.3,47.3,36.7,39.6,36.5
486,25.002_d1_gn,6.1,9.5,11.4,14.7,16,15.9,15.3,16.4,18.5,21.9,23,28.2,33.7,37.6,43.6,45.3,37.8,40.2,38.7
487,3.015_d3_gn,6.5,7.4,7.5,8.3,7.7,8,8.9,12.5,16.5,21.2,27,31.9,39.1,49.1,49.1,47.4,41.7,43,39.6
488,6.013_d0_ge,5.7,8.6,9.7,13.5,13.4,13.1,12.6,13.1,14.9,18.3,21,22.1,27.8,39.1,39.5,41.9,47.2,46.2,42.1
489,15.008_d0_ge,19,18.9,18.9,18.8,18.5,18.5,18.5,15.6,16.2,22.1,25.1,23.8,29.2,40.2,43.2,42.2,0,0,0
490,3.002_d0_ge,6.5,6.6,6.5,8,9.1,9.1,9.3,13.1,18.7,22.1,23.5,27.6,28.2,30.6,36.4,35.6,33.6,39.5,39.6
491,13.011_d0_gn,5.8,7.4,8.7,14,16.2,15.9,15.8,15,16.1,21,20.4,24.1,31.5,47.7,48.3,49.2,48.5,44.6,40.8
492,3.015_d2_gn,6.7,7.5,7.5,8.3,8.6,7.2,0,0,0,0,0,0,0,0,0,0,0,0,0
493,25.007_d1_gn,7,9.2,9,11.6,11.7,11.9,11.5,12.7,16.7,16.1,18,21.7,24,23.1,28.7,29.7,36.9,37.5,36
494,3.009_d0_gn,4.6,6.3,7.1,9.4,10.5,10.1,10,13,14,17,20.3,25.7,32.8,45.1,47,44.2,46.1,30.8,31
495,13.012_d3_ge,6.7,7.8,10.7,13,15.5,15.1,14.8,16.3,21,28.6,32,31.8,40.7,51.3,56.4,54,50.2,43,41.2
496,15.001_d3_ge,5,7.2,7.9,12.1,12.8,12.6,12.6,10,21.6,25.5,28,25.7,37,48.2,54.5,53.2,51.7,38.1,36.1
497,25.008_d2_ge,5.9,6.8,10.4,15,15,11.4,12,11,18,23,29.6,37.2,44.9,55.1,50.8,54.8,45,33.5,36.5
498,3.001_d0_ge,5,6,5.6,8.6,8.6,8.5,7.9,10.2,12.9,15.5,17,18.7,30.8,40.2,41.3,41.4,32.5,32.4,30.9
499,3.012_d2_gn,4.1,7,7.5,9,8.5,5.9,8.9,8,13,18,22.2,23.6,31.8,42.5,47,42.9,48,50,48.7
500,13.002_d3_gn,6,6.8,8.9,13.2,13.7,13.4,13.2,12.7,19.5,23,26.1,27.8,32,51.5,51.3,49.2,47.3,44,43.6
501,3.013_d0_ge,3.5,5.5,7.6,11.7,13.9,14.1,14,13.3,17.2,23.8,28.5,29,32.7,47,50.5,55.9,43,33.2,30.8
502,6.004_d3_gn,5.1,8.1,10.1,13.9,13.9,14,13.4,12.3,15.7,20.9,23,25.8,32.5,40.8,45.4,45.6,39.5,39.9,38.4
503,25.015_d3_gn,7,8.3,9.5,12.4,13.2,13.2,12.8,15.3,19,18.2,20.4,24.1,32.2,38.5,37.7,37.9,37.8,32.2,30
504,6.011_d2_ge,6.3,9.1,8.4,9.4,9.8,6.1,9,9,18.1,24,25.9,26.7,33.1,46.4,50.6,47.3,47.1,31,29.4
505,15.012_d2_ge,3.5,7.5,8.5,12.4,13.4,9.9,13.3,12.5,19,24.1,27.1,26.5,42.2,49.1,52.4,53.8,0,0,0
506,3.007_d1_gn,5.1,8.2,8.2,9,9.7,9.9,9.4,11.6,16.3,21.3,22,26.8,37.6,47.4,54.5,50.3,48.7,34.6,31.5
507,15.011_d0_ge,6.3,7.2,7.9,10,10.5,6.6,9.7,12.9,19.1,23.9,25.9,25.8,22.4,37.5,52.9,52.5,58.5,30.6,24.5
508,13.012_d2_gn,6.2,6.8,7.4,9.9,10.7,11.5,10.5,9.7,15.4,17.2,18.7,22.9,28,37.5,39.5,40,46.7,53.5,53
509,3.002_d0_gn,4.5,7,7,11.1,13,15.8,10.8,12.2,18.1,20.5,21.3,22.9,31.6,45.7,46.6,47.9,42.5,38.4,39.2
510,25.005_d1_ge,7.5,8,11,15,16.1,14.7,15.2,15.2,22.8,23.6,24,25.7,26.2,27.1,39.1,47,43.8,44,32.6
511,3.014_d0_ge,3.5,6.1,7.6,11.9,15.2,10.6,14.3,12.4,16.9,22.2,27.6,27.7,27.7,30.2,33.6,36.9,40.5,33.5,29
512,25.011_d2_gn,32.7,31.9,31.8,31.2,13.4,6,0,0,0,0,0,0,0,0,0,0,0,0,0
513,6.001_d2_ge,6.6,7.8,8.1,8.6,8.4,16.8,8,8.1,13.3,16.6,16.9,19.2,29.7,42.3,41.9,40.6,29.1,31.4,30.7
514,13.003_d1_ge,6.7,11.3,13.5,17.4,17.1,18.7,16.6,16.5,19.3,23.2,26,26.2,31.9,41.5,43.2,44.2,32.5,31,31.1
515,6.013_d3_ge,4.9,8.5,NA,13.9,17.1,6.6,18.6,18.3,15,23.1,27.9,29.3,33.8,41.6,45.6,42.1,35.3,33,27.9
516,15.010_d2_gn,7.8,7.8,8.1,10.9,11.8,15,0,0,0,0,0,0,0,0,0,0,0,0,0
517,25.005_d3_ge,15.2,15.2,15.5,15.2,15.2,12.1,13.2,16.5,22.7,28.7,28.5,29.4,30,50.3,54.4,54.5,45.1,40.9,42.1
518,13.001_d0_gn,5.2,7.1,9.6,12.7,12.4,6.5,12.4,12.8,16.6,20.4,19,22.4,28.2,38.9,36.4,37,30.2,28.9,33
519,13.006_d1_gn,6.6,8.5,10.8,14.2,14,14,13.9,14,17.9,23.5,25.4,24.3,29.7,42.1,43.5,43.8,40.1,41.2,41.2
520,25.007_d0_ge,7.3,10.6,12.2,17.5,20.7,22,21.7,21.1,26.7,26.6,28.4,31,35.4,38.6,44.3,44.3,40.5,41.5,39
521,13.013_d1_gn,14,14,13.9,13.9,14,13.9,13.5,15.1,20.6,26.1,28,28.7,40.7,56.7,59.7,63.1,0,0,0
522,15.009_d3_gn,22.7,23,22.6,22.2,16.9,18,18.1,21.1,19,26.5,29,29.9,30.1,34.1,43.6,47.5,31,32.1,31.2
523,15.004_d3_ge,7.7,7.5,8.2,11,11,10.1,9.5,14.2,17,18.9,22,18,23.6,30.2,31,31.5,26.1,28.5,26.9
524,25.001_d3_gn,6.1,9.4,11.2,15.8,16.6,16.4,16,16.1,22,27.1,28.5,30.6,30.5,35.1,47.2,37,0,0,0
525,3.002_d3_gn,11.5,11.2,11.2,10.4,11,11.1,10.5,13,19.6,24.8,32.5,38,29.2,49.9,54.2,53.6,50.5,35.2,34.1
526,3.006_d2_gn,6.1,7.5,7.2,9.4,9.4,7.2,7.3,8.5,15.1,19.8,22.8,33.3,42.7,54.2,57.4,56.4,40.2,41.1,26.9
527,6.011_d0_gn,6.6,7.6,9.6,12.8,12.4,12.3,12,13.6,18.8,24,26,28.3,35.1,47.6,50.9,50.6,38.9,44.5,37.2
528,6.004_d1_gn,10.8,10.8,10.4,10.8,9.9,10,9.9,12.3,17.4,21.9,22.3,22.7,27.2,29.1,30.7,27.4,29.9,29,24.6
529,15.011_d3_ge,5.4,7.7,8.9,12.5,12.9,10.6,10.1,13.6,23,29.7,31.5,31.4,30.6,43.3,48.6,58.7,37.4,38.2,43
530,6.010_d2_ge,5.5,7.4,8,10.2,10.4,10,10.8,9.4,17.5,21.9,25.2,27.7,34.5,43.5,48.2,50.8,51.9,33.6,32
531,15.014_d1_gn,7,9.9,11.9,14.5,15.8,11.9,14.4,13.2,19.9,23.8,25.9,29.1,38.3,47.9,50.5,51.2,50.1,37,37.2
532,3.006_d1_gn,4.5,8.1,8,8.9,10.3,9.8,9.4,11.8,17.1,18.5,20,22.8,30.2,46.8,50.9,50.3,48.1,35.2,26.5
533,6.008_d3_ge,9.3,9,9.1,9.8,10.5,9.5,9,11.9,17.1,20.6,22.4,21.2,28,40.4,41.6,38.5,39.5,34,33
534,6.008_d3_gn,5.5,7.9,9.3,12.6,14.6,11.6,12.9,12.2,18.2,25.1,27.9,27,32.7,45.9,50.8,50.3,47.5,37.5,32.6
535,15.004_d1_ge,7.6,8.5,9.7,11.1,12,11.5,11.2,13,20.1,23.6,27,32.5,43,51.1,56.5,54.2,41.5,38.5,32
536,3.004_d3_ge,5,6.7,6.7,10.4,11.6,10.8,11,14.1,19,23.6,28,33.7,38.9,49.8,54.6,53.5,40.5,40.5,46.8
537,3.012_d1_gn,7.7,8.8,8.9,8.9,9.3,9.4,9.6,15,16.7,22,26.3,31.5,37,46.5,46.1,48.1,35.1,31.5,33.1
538,13.005_d2_gn,7.4,8.6,10.3,12.8,12.4,9.9,0,0,0,0,0,0,0,0,0,0,0,0,0
539,25.013_d1_gn,6,7.5,10.6,14.6,14.2,14.5,14,14.8,20.5,23.8,25,29.9,35.7,38.7,44.7,43.2,0,0,0
540,13.003_d2_gn,5.3,7,8.8,13.4,15,15.2,14.8,14.9,22.1,24.5,26.1,30.4,43.1,53.8,55.2,54.5,49.4,32.8,33.2
541,6.006_d2_gn,5.6,8.9,11,13.5,13.3,10.9,12.8,10,12.5,17,22.5,26.7,33.6,43.1,50.5,50,45.2,34.7,27
542,15.015_d3_gn,6.2,7.3,8.6,11.6,12.2,12,11,13,18.7,21.4,21.7,22.5,33.9,43.1,47.6,46.1,30.1,31.4,28.3
543,15.007_d0_ge,6,6.7,9.9,13.4,13.6,13.6,15.9,15.1,18.9,21.5,22,21.5,32,39.9,44.6,46.6,35.2,36,32.2
544,25.002_d1_ge,10.6,11,10.9,12.6,12.9,13.2,12.9,15.5,19,22.4,23,25.4,28.8,36.4,40.8,38.5,33.6,32.5,28.1
545,3.011_d3_gn,4.5,6.6,8,9.9,13.1,13,13.6,13.2,13.4,16,20,18.2,28.4,42.3,50.2,51.6,42.8,32.5,27.4
546,3.010_d3_ge,3.5,4,6,6.7,10.9,12.1,12.2,12.5,13.5,14.9,21,24.2,37.2,45.4,49,49,39.3,44.6,31.5
547,25.002_d2_ge,14,13.7,13.6,13.5,13,6.3,0,2.5,16.4,35.6,35.3,44.4,50.9,56.6,59.8,56.4,49.9,44,31.6
548,13.001_d3_gn,7.4,8.4,9.1,10.8,12.2,12.2,11.8,11.5,15.9,18.6,18,15,30.6,42.8,43.1,41.7,48.2,36.8,39
549,3.006_d1_ge,4.8,8.5,8.9,12,16.9,16.9,15.9,15.4,17.5,22.9,25.2,30.5,37.4,48.1,50.6,57,0,0,0
550,15.005_d2_gn,10,9.6,9.9,10.5,10.3,9,0,0,0,0,0,0,0,0,0,0,0,0,0
551,3.014_d1_ge,4.8,7.6,9.4,10.4,11.8,11.5,11,14.1,19.5,21,26,31.4,42.9,54.9,55.6,57,50.1,41,28.7
552,15.003_d1_ge,5.6,8,9.1,9.9,10.3,10.2,10,12,20.2,19.6,21.1,19.9,22.8,21.5,31.6,33.8,33.2,27.4,28.5
553,15.009_d1_gn,5,6.4,8.7,11,11,10.9,9.5,12.1,18.9,23.2,24,23,30.2,39.8,44.5,44,42.6,31,26.4
554,3.002_d1_gn,5.1,7.1,10.9,14.5,17.5,16.8,16.5,16.5,20.8,25.5,31.2,36.6,42.6,53.1,50.8,52.4,42.7,43.1,45.7
555,6.004_d2_gn,15.5,15.3,15.2,14.8,15,8.7,4.9,10,22.3,25,28.5,33,43.6,55.1,53.6,58.5,57.1,57.3,51.3
556,3.008_d1_gn,4.8,8,8.7,9.5,9.5,9.4,9.7,14.5,16.8,22.5,30,34.2,44.2,58.9,59.4,55.5,30.7,41.5,39.8
557,25.014_d1_gn,7.1,8,12.6,17.2,17.2,16.6,17.5,18.5,21.7,26.5,26.6,30.3,42.3,55,57.7,59.9,47.6,31.8,33.5
558,13.010_d3_gn,6.8,7.8,11.2,15.2,15.4,15.1,15,15.1,18,20.7,21.2,21.6,30.9,41.4,46.6,41.3,36.1,34.5,36.1
559,13.005_d0_gn,8.3,10.9,10.9,11.9,14.1,13.8,13.5,14.7,21.9,29.7,30.4,30.1,40.9,53.2,53.2,48.2,36.7,31.7,34.1
560,25.007_d3_gn,7,10.7,11.8,14.9,15.6,15.2,15.1,14.4,21.5,23,24,25.7,31.5,36.1,48.1,50.5,34,34.7,36.5
561,15.003_d1_gn,4.9,5.4,10.2,15.9,18,17.6,12.7,15,23,28,29.7,28.9,37.9,50.4,55,55.4,54.9,32.7,34.9
562,25.006_d2_ge,7.5,10.4,13.7,13.9,13.5,8.8,13.1,12,19.5,27.7,30.9,38.2,43.9,53.9,55.4,55.3,0,0,0
563,13.014_d2_ge,6.5,6.6,9,11.3,11.5,9.4,11.5,11,19,25.3,26.2,28.1,41.2,49.1,47.8,46.8,43.1,41.5,41.8
564,15.013_d3_gn,21.5,21.4,21.5,21,18,21.9,21,15.8,22.6,28.6,32.5,33.8,42,52,52.5,53.2,37,37.6,36.2
565,25.014_d3_ge,6.1,6.6,9.4,13.3,13,15.6,18.6,18.9,21.7,27,30.1,31.4,35.7,44.4,50.8,50,23.5,28.4,36
566,6.015_d3_ge,7.5,10.2,10,11,12,11.5,13.5,15.4,22.3,26.2,32.4,34.7,43.8,54.5,57.4,56.6,38.2,34.9,32.1
567,6.008_d1_ge,3.4,6,9,13,14.2,14.1,13.4,13.2,19.5,22.8,30.1,26.5,34.7,45.1,49.6,50.8,48.9,27.8,35.1
568,25.007_d2_ge,6.4,7.4,9.6,12.6,14.3,14.3,14.4,13,20.2,26.7,28.6,29.1,41.6,53.9,52.8,52.9,47.7,28.1,27.6
569,25.008_d1_gn,6.5,10.3,14.8,20.1,21,20.8,20.1,19.8,26.7,27.9,28.6,29.9,49.1,63.3,65.8,65.6,68.9,31.5,27.9
570,13.003_d0_ge,7.9,8.5,12.4,17,16.9,16.9,17,17.4,22.5,26.1,30,31.5,43.2,59.4,61.4,61.1,58.5,36,30.4
571,25.003_d3_gn,7.4,8.3,10.5,15.4,16,15.9,15.4,14.4,20.4,27.3,29.8,35.8,47.5,58.9,61.9,62.1,53.7,48.9,51.4
572,13.002_d3_ge,7.3,7.2,10,14.4,14.1,14.1,14.9,14,18.2,22.4,25.4,28.6,33.7,51.6,51.5,50.6,40,39.2,40.2
573,25.014_d0_gn,6.1,9.8,12.7,17.1,18,17.5,17.6,18.6,23.8,25.1,25.8,27.8,28.8,32.1,34,34,33.1,33.7,33
574,3.005_d2_ge,6.9,8.2,8,9.2,9.9,9.5,9.5,10,20.4,26,32.2,40,49,57.6,56.1,55.6,43,43.6,41.1
575,6.002_d1_gn,20.2,19.7,20.2,20.1,20,19.7,19.4,18.5,22.6,26.8,26.7,28.8,37.5,50,58.4,58.4,42.1,41.6,41.7
576,6.001_d1_ge,5.7,8.8,10.5,14.5,17.6,17.2,17,16.8,21.7,24.9,27.1,29.3,40.4,53.4,60.4,58.2,57.3,43,33
577,15.002_d0_gn,5.9,8.4,11.1,17.5,19,14.4,13.8,17.2,23,29.9,30.9,30.7,39.7,51.2,55.3,55,0,0,0
578,13.010_d1_ge,7.1,7.9,11.5,16.2,18.1,17.4,17.3,16.5,18.2,23.9,23.8,26.1,33.6,43.1,43.8,46.4,31.8,33,32.1
579,13.009_d0_ge,6.9,8.4,9.9,13.9,16.9,16.4,15.7,15,20,26,29.4,32.1,39.3,52.4,54.4,56,52.9,42.8,40.9
580,25.012_d2_gn,6.2,11.6,13.9,15.4,15.8,11.5,15.7,15.5,22.1,25.7,28.9,34.3,46.1,58.1,60,59.6,34.5,35.4,33.1
581,25.010_d0_ge,7.5,8.8,10.8,14.1,16,15.3,15,16.1,20.4,24.4,24.7,26.2,32.6,28.6,28.7,28.3,0,0,0
582,3.015_d2_ge,7.1,8,8.7,9,9,8.6,9,9,15.5,20.2,26.3,34,44.5,56.2,58.7,58.2,28.9,40.1,38.7
583,25.010_d0_gn,8.3,11.5,11.2,15.6,17.4,17,16.5,15.9,20.4,22.2,22.4,26.9,31.2,35.4,43.6,32,35.1,33.5,31
584,15.007_d3_gn,7.5,7.5,9.6,15.5,15.1,14.5,14.2,13.5,20.3,25.3,27.5,30.8,38.6,47.9,52.9,53.5,46.5,44.9,26.2
585,15.002_d1_gn,13.5,13.5,13.6,16.6,15.9,15.7,15.6,18.8,25.1,29.2,30.2,33.4,44.1,56.4,57.5,58.4,46.1,33,38.5
586,3.014_d2_gn,6.5,9,12,15,14.9,10,13.9,10.9,22.1,32.1,30.5,33.8,40.2,53.1,58.6,55.3,56.5,40.9,37.6
587,6.008_d0_ge,6.6,10.1,12.7,16.9,16.4,16.7,15.9,16,23.1,26.5,29.8,29.6,37.8,51.5,52.2,55.5,53.7,35.9,33.1
588,6.007_d2_gn,6.2,9.3,12,14.9,14.3,9,14.1,9,13.4,19.1,21,22,33,46.2,45.9,44.5,45.4,38.6,34.4
589,3.014_d3_ge,4.2,6.9,9,12.3,14.7,13.8,13.9,15,19,23.5,26.2,23.7,32.9,47,46.7,49,33,49,38.6
590,6.004_d2_ge,7.2,9.6,12.9,13.7,14,11.1,10.9,13,19.5,29.3,33.9,33.2,41,50,54.7,59,52.4,35.2,32.2
591,3.001_d1_gn,4.1,8.4,12,14.4,15.8,14.9,14,15.2,19.5,23,25.4,30.5,40.7,51.6,48.1,54.7,37.1,33.1,33.2
592,15.012_d3_gn,7.1,7.8,12.2,14.9,15,15,14.4,17,21.9,25.8,27.3,27.7,35.9,55,54.5,53.5,44.7,44,43.4
593,25.009_d1_gn,6.5,10,13.3,15.9,15.6,15.8,15,18.9,23,22.5,22,28.4,40.5,47.9,47.4,43.3,40,37.9,37.5
594,3.001_d2_ge,4.5,6.5,9.4,14.9,14.8,10.7,14.5,9.1,24.6,27,30,34.1,44.4,56.9,57.8,56.6,40.5,43.9,43.6
595,25.013_d2_ge,5.7,9.5,12.5,19.2,19,18,18.6,17.6,27.5,34.6,38.3,38.3,48.1,60.6,65.6,62.9,53,49.6,50.2
596,13.004_d0_gn,8.1,11,12.9,19.4,19.9,19.5,19.6,18.9,25.1,30.9,33.6,38.4,49.1,62.7,62.7,63.5,58.1,42,44.3
597,13.011_d1_gn,20.5,20,19.9,19.9,19.6,18.5,17.7,20,27,33,36.5,38.5,49.6,60.7,64.5,61.7,57.2,49.6,49.1
598,6.004_d3_ge,23.8,23.9,23.4,23.3,21.5,20.1,22.4,16.9,19,21.1,22,20.8,26.1,40.4,40.1,40.2,48.1,47,46
599,3.012_d3_ge,5.1,10,10.1,12.2,18.1,18.2,18.1,17.5,18,20.8,27.1,33.8,41.7,48,46.1,46,46.8,39.1,39
600,3.007_d0_ge,4,7.9,10.2,16.7,22.2,21.9,21.8,19.6,26,30.2,33.4,34,43.6,55.4,54.7,56.3,42,46,47.5