cellID,repID,seed,plantDate,plantTOD,germDate,germTOD,germHt
1,3.005_d1_ge,A,2021-10-02,AM,2021-10-08,AM,0.4
2,13.003_d1_gn,A,2021-10-02,AM,2021-10-07,AM,0.6
3,13.011_d3_gn,A,2021-10-02,AM,2021-10-07,PM,0.7
4,15.005_d1_ge,A,2021-10-02,AM,2021-10-12,AM,0.5
5,13.009_d3_ge,A,2021-10-02,AM,2021-10-06,PM,0.4
6,15.006_d0_ge,A,2021-09-29,AM,2021-10-04,AM,0.9
7,15.006_d3_gn,A,2021-10-02,AM,2021-10-07,PM,0.4
8,15.006_d1_gn,A,2021-10-02,AM,2021-10-09,AM,0.7
9,25.011_d0_gn,A,2021-10-02,AM,2021-10-06,AM,0.6
10,15.003_d0_ge,A,2021-10-01,AM,2021-10-05,PM,0.3
11,15.009_d3_ge,A,2021-10-02,AM,2021-10-07,PM,0.3
12,25.009_d3_ge,A,2021-10-02,AM,2021-10-06,AM,0.4
13,25.006_d1_ge,A,2021-09-29,AM,2021-10-04,AM,2.8
14,6.002_d2_gn,A,2021-10-02,AM,2021-10-08,PM,1
15,6.005_d1_ge,A,2021-10-02,AM,2021-10-08,PM,1.2
16,6.001_d1_gn,A,2021-10-02,AM,2021-10-07,PM,0.4
17,25.006_d3_gn,A,2021-10-02,AM,2021-10-07,PM,0.6
18,13.005_d1_ge,A,2021-10-02,AM,2021-10-08,AM,0.8
19,6.005_d0_gn,A,2021-10-02,AM,2021-10-06,PM,0.3
20,3.001_d3_ge,A,2021-10-02,AM,NA,NA,NA
21,13.001_d2_ge,A,2021-10-02,AM,2021-10-06,PM,0.3
22,3.009_d2_gn,A,2021-10-02,AM,2021-10-09,AM,1
23,25.013_d3_gn,A,2021-10-02,AM,2021-10-06,PM,0.9
24,25.013_d0_ge,A,2021-09-30,AM,NA,NA,NA
25,13.006_d3_gn,A,2021-10-02,AM,2021-10-07,PM,1.3
26,15.003_d3_gn,A,2021-10-02,AM,2021-10-07,PM,0.8
27,6.003_d1_ge,A,2021-10-01,AM,2021-10-06,AM,0.3
28,6.007_d2_ge,A,2021-09-30,AM,2021-10-05,PM,0.4
29,3.007_d3_gn,A,2021-10-02,AM,2021-10-07,PM,0.2
30,15.002_d3_gn,A,2021-10-02,AM,2021-10-07,AM,0.5
31,6.009_d0_gn,A,2021-10-02,AM,2021-10-07,AM,0.3
32,13.009_d1_ge,A,2021-10-02,AM,2021-10-07,PM,0.7
33,6.010_d3_ge,A,2021-10-05,PM,2021-10-09,PM,0.4
34,13.008_d2_ge,A,2021-10-03,AM,2021-10-08,PM,0.6
35,6.010_d1_ge,A,2021-10-05,PM,2021-10-09,PM,0.4
36,6.003_d3_gn,A,2021-10-02,AM,2021-10-08,AM,0.5
37,3.011_d0_gn,A,2021-10-02,AM,2021-10-09,AM,0.6
38,15.004_d1_gn,A,2021-10-02,AM,2021-10-08,AM,0.9
39,3.002_d2_gn,A,2021-10-02,AM,2021-10-09,AM,0.5
40,3.011_d1_gn,A,2021-10-02,AM,2021-10-10,AM,0.5
41,6.013_d2_gn,A,2021-10-02,AM,2021-10-07,AM,0.6
42,15.014_d0_gn,A,2021-10-02,AM,2021-10-07,PM,1.3
43,3.004_d1_ge,A,2021-10-04,PM,2021-10-09,PM,0.2
44,13.006_d1_ge,A,2021-09-29,AM,2021-10-04,AM,0.6
45,3.007_d2_gn,A,2021-10-02,AM,2021-10-09,AM,0.7
46,15.015_d1_gn,A,2021-10-02,AM,2021-10-07,PM,0.5
47,15.010_d1_gn,A,2021-10-02,AM,2021-10-07,PM,0.7
48,3.012_d0_ge,A,2021-09-29,AM,2021-10-04,AM,0.5
49,3.003_d2_ge,A,2021-10-01,AM,2021-10-06,PM,0.2
50,6.001_d0_ge,A,2021-10-02,AM,2021-10-07,AM,1
51,3.005_d0_ge,A,2021-10-02,AM,2021-10-08,PM,0.4
52,15.015_d2_ge,A,2021-10-04,PM,2021-10-10,PM,0.3
53,3.005_d3_ge,A,2021-10-02,AM,2021-10-08,AM,0.9
54,25.002_d0_gn,A,2021-10-02,AM,2021-10-07,AM,0.3
55,15.002_d2_ge,A,2021-10-05,PM,2021-10-12,AM,0.4
56,13.012_d0_gn,A,2021-10-02,AM,2021-10-08,PM,0.6
57,15.013_d3_ge,A,2021-09-30,AM,2021-10-05,AM,0.4
58,13.006_d2_ge,A,2021-09-29,AM,2021-10-04,AM,1.9
59,25.011_d1_gn,A,2021-10-02,AM,2021-10-07,AM,0.2
60,6.013_d2_ge,A,2021-09-30,AM,2021-10-04,PM,0.2
61,25.007_d2_gn,A,2021-10-02,AM,2021-10-07,AM,0.3
62,6.007_d1_ge,A,2021-09-30,AM,2021-10-06,AM,0.8
63,25.004_d3_gn,A,2021-10-02,AM,2021-10-07,PM,0.7
64,6.007_d3_gn,A,2021-10-02,AM,2021-10-07,AM,0.5
65,3.011_d3_ge,A,2021-10-03,AM,2021-10-08,AM,0.5
66,25.014_d2_gn,A,2021-10-02,AM,2021-10-06,PM,1
67,25.012_d1_ge,A,2021-09-29,AM,2021-10-04,AM,2.2
68,25.005_d0_ge,A,2021-10-02,AM,2021-10-07,AM,0.5
69,15.005_d0_gn,A,2021-10-02,AM,2021-10-07,PM,0.2
70,25.002_d2_gn,A,2021-10-02,AM,2021-10-06,AM,0.4
71,13.004_d2_ge,A,2021-10-04,PM,2021-10-11,PM,0.4
72,6.007_d0_ge,A,2021-09-30,AM,2021-10-04,AM,0.2
73,6.002_d1_ge,A,2021-10-05,PM,2021-10-09,PM,0.1
74,13.010_d3_ge,A,2021-10-05,PM,2021-10-10,PM,0.1
75,6.015_d0_gn,A,2021-10-02,AM,2021-10-08,PM,0.5
76,25.002_d0_ge,A,2021-10-05,PM,2021-10-11,PM,0.3
77,6.001_d0_gn,A,2021-10-02,AM,2021-10-07,AM,0.6
78,6.009_d0_ge,A,2021-10-02,AM,2021-10-06,PM,0.3
79,13.002_d2_ge,A,2021-10-05,PM,2021-10-10,AM,0.4
80,25.003_d3_ge,A,2021-10-01,AM,2021-10-05,PM,0.5
81,13.007_d3_gn,A,2021-10-02,AM,2021-10-07,AM,0.8
82,25.014_d0_ge,A,2021-10-01,AM,2021-10-06,AM,0.4
83,13.015_d1_gn,A,2021-10-02,AM,2021-10-08,PM,0.5
84,3.006_d3_gn,A,2021-10-02,AM,2021-10-11,AM,0.2
85,15.015_d1_ge,A,2021-10-04,PM,2021-10-10,AM,0.5
86,3.011_d1_ge,A,2021-10-03,AM,2021-10-11,AM,0.5
87,15.007_d2_ge,A,2021-09-30,AM,2021-10-04,AM,0.8
88,25.004_d1_ge,A,2021-10-04,PM,2021-10-09,AM,0.7
89,13.015_d1_ge,A,2021-10-04,PM,2021-10-09,AM,0.5
90,15.006_d2_ge,A,2021-09-29,AM,2021-10-04,AM,1.5
91,13.007_d1_ge,B,2021-09-30,AM,2021-10-04,PM,1.1
92,6.005_d1_gn,A,2021-10-02,AM,2021-10-06,AM,0.5
93,6.003_d3_ge,U,2021-10-01,AM,2021-10-06,PM,0.3
94,25.010_d1_ge,A,2021-10-05,PM,2021-10-12,AM,0.6
95,25.010_d3_ge,A,2021-10-05,PM,2021-10-11,AM,0.8
96,25.009_d3_gn,A,2021-10-02,AM,2021-10-06,PM,0.4
97,13.008_d0_gn,A,2021-10-02,AM,2021-10-07,PM,0.2
98,6.003_d0_gn,A,2021-10-02,AM,2021-10-08,AM,0.6
99,13.011_d0_ge,A,2021-10-03,AM,2021-10-07,PM,0.1
100,15.010_d0_ge,A,2021-10-05,PM,2021-10-11,AM,0.6
101,25.005_d1_gn,U,2021-10-02,AM,2021-10-07,AM,0.7
102,6.015_d3_gn,A,2021-10-02,AM,2021-10-07,PM,0.3
103,3.003_d0_ge,A,2021-10-01,AM,2021-10-06,AM,0.2
104,3.013_d2_gn,A,2021-10-02,AM,2021-10-08,PM,0.3
105,3.012_d0_gn,A,2021-10-02,AM,2021-10-08,PM,0.7
106,13.006_d0_ge,A,2021-09-29,AM,2021-10-04,AM,1.2
107,25.015_d2_gn,A,2021-10-02,AM,2021-10-07,PM,0.6
108,13.002_d0_gn,A,2021-10-02,AM,2021-10-06,PM,0.4
109,15.004_d3_gn,A,2021-10-02,AM,2021-10-07,AM,0.5
110,3.005_d3_gn,A,2021-10-02,AM,2021-10-08,AM,0.4
111,3.004_d1_gn,A,2021-10-02,AM,2021-10-10,AM,0.8
112,15.012_d1_gn,A,2021-10-02,AM,2021-10-12,PM,0.4
113,6.014_d0_ge,A,2021-10-01,AM,2021-10-06,AM,0.5
114,13.007_d2_ge,A,2021-09-30,AM,2021-10-04,AM,0.5
115,15.006_d2_gn,A,2021-10-02,AM,2021-10-08,AM,0.4
116,6.003_d2_gn,A,2021-10-02,AM,2021-10-07,PM,0.5
117,6.013_d3_gn,A,2021-10-02,AM,2021-10-07,AM,0.4
118,25.015_d3_ge,A,2021-10-04,PM,2021-10-09,AM,0.4
119,13.011_d1_ge,A,2021-10-03,AM,2021-10-08,AM,1.2
120,25.004_d0_gn,A,2021-10-02,AM,2021-10-07,AM,0.7
121,3.010_d1_gn,A,2021-10-02,AM,2021-10-08,PM,0.5
122,6.006_d1_gn,A,2021-10-02,AM,2021-10-08,AM,0.5
123,15.015_d0_gn,A,2021-10-02,AM,2021-10-07,PM,0.6
124,3.015_d3_ge,A,2021-10-04,PM,2021-10-09,AM,0.2
125,15.012_d1_ge,A,2021-09-29,AM,2021-10-04,PM,0.3
126,6.001_d2_gn,A,2021-10-02,AM,2021-10-08,AM,0.5
127,6.011_d2_gn,A,2021-10-02,AM,2021-10-07,PM,0.3
128,15.007_d1_ge,A,2021-09-30,AM,2021-10-05,AM,1.3
129,3.001_d0_gn,A,2021-10-02,AM,2021-10-07,PM,0.2
130,3.009_d3_ge,A,2021-10-02,AM,2021-10-08,PM,0.3
131,13.005_d1_gn,A,2021-10-02,AM,2021-10-07,AM,0.8
132,6.009_d1_ge,A,2021-10-02,AM,2021-10-07,AM,0.6
133,6.012_d2_gn,A,2021-10-02,AM,2021-10-07,PM,0.1
134,15.014_d3_gn,A,2021-10-02,AM,2021-10-09,AM,0.3
135,3.014_d2_ge,A,2021-10-01,AM,2021-10-06,PM,0.3
136,13.001_d3_ge,A,2021-10-02,AM,2021-10-08,PM,1.1
137,15.010_d3_gn,A,2021-10-02,AM,2021-10-08,AM,0.8
138,6.008_d1_gn,A,2021-10-02,AM,2021-10-08,PM,0.2
139,15.001_d2_gn,A,2021-10-02,AM,2021-10-07,AM,0.6
140,6.015_d1_gn,A,2021-10-02,AM,2021-10-07,PM,0.9
141,3.008_d3_gn,A,2021-10-02,AM,2021-10-08,AM,0.3
142,25.003_d1_ge,A,2021-10-01,AM,2021-10-05,PM,0.8
143,3.009_d0_ge,A,2021-10-02,AM,2021-10-07,PM,0.4
144,25.001_d1_gn,A,2021-10-02,AM,2021-10-07,PM,0.8
145,3.013_d3_gn,A,2021-10-02,AM,2021-10-09,AM,0.6
146,15.010_d2_ge,A,2021-10-05,PM,2021-10-09,PM,0.3
147,13.013_d3_gn,A,2021-10-02,AM,2021-10-07,PM,0.7
148,6.009_d2_ge,A,2021-10-02,AM,2021-10-07,PM,0.2
149,25.004_d2_gn,A,2021-10-02,AM,2021-10-07,AM,0.2
150,13.014_d0_ge,A,2021-10-01,AM,2021-10-06,AM,0.9
151,15.003_d3_ge,A,2021-10-01,AM,2021-10-05,PM,0.7
152,6.007_d1_gn,A,2021-10-02,AM,2021-10-08,AM,0.7
153,6.002_d2_ge,A,2021-10-05,PM,2021-10-10,AM,0.6
154,15.008_d1_ge,A,2021-10-03,AM,2021-10-08,AM,0.5
155,25.003_d2_gn,A,2021-10-02,AM,2021-10-06,AM,0.6
156,13.008_d1_gn,A,2021-10-02,AM,2021-10-07,PM,1.7
157,15.001_d0_gn,A,2021-10-02,AM,2021-10-08,AM,0.5
158,15.004_d0_ge,A,2021-10-04,PM,2021-10-12,AM,0.4
159,15.015_d2_gn,A,2021-10-02,AM,2021-10-06,PM,0.2
160,6.011_d1_gn,A,2021-10-02,AM,2021-10-06,PM,0.3
161,13.014_d2_gn,A,2021-10-02,AM,2021-10-07,AM,0.5
162,13.008_d2_gn,A,2021-10-02,AM,2021-10-07,PM,0.8
163,13.010_d2_gn,A,2021-10-02,AM,NA,NA,NA
164,13.010_d0_ge,A,2021-10-05,PM,2021-10-11,AM,0.9
165,25.008_d3_ge,A,2021-10-03,AM,2021-10-07,PM,0.3
166,15.013_d0_ge,A,2021-09-30,AM,2021-10-04,PM,0.5
167,13.011_d2_gn,A,2021-10-02,AM,2021-10-07,AM,0.6
168,6.010_d0_ge,A,2021-10-05,PM,2021-10-10,AM,0.4
169,13.001_d1_ge,A,2021-10-02,AM,2021-10-07,AM,0.2
170,15.007_d3_ge,A,2021-09-30,AM,2021-10-04,PM,0.1
171,15.012_d3_ge,A,2021-09-29,AM,2021-10-04,AM,2.1
172,15.002_d0_ge,A,2021-10-05,PM,2021-10-10,PM,0.4
173,13.014_d1_gn,A,2021-10-02,AM,2021-10-07,PM,0.9
174,6.012_d0_gn,A,2021-10-02,AM,2021-10-07,AM,0.6
175,15.010_d3_ge,A,2021-10-05,PM,2021-10-12,AM,0.5
176,3.003_d3_gn,A,2021-10-02,AM,2021-10-12,PM,0.2
177,15.007_d1_gn,A,2021-10-02,AM,2021-10-08,AM,0.9
178,25.007_d3_ge,A,2021-09-30,AM,2021-10-04,AM,1.5
179,13.012_d3_gn,A,2021-10-02,AM,2021-10-07,AM,0.5
180,13.007_d2_gn,A,2021-10-02,AM,2021-10-09,AM,0.9
181,13.004_d0_ge,A,2021-10-04,PM,2021-10-09,PM,0.6
182,25.012_d1_gn,A,2021-10-02,AM,2021-10-06,AM,0.5
183,13.013_d3_ge,A,2021-09-30,AM,2021-10-04,AM,0.4
184,15.002_d3_ge,A,2021-10-05,PM,2021-10-10,AM,0.4
185,6.015_d1_ge,A,2021-10-04,PM,2021-10-08,PM,0.6
186,25.004_d2_ge,A,2021-10-04,PM,2021-10-09,PM,0.3
187,3.006_d0_gn,A,2021-10-02,AM,2021-10-08,PM,0.6
188,15.001_d0_ge,A,2021-10-02,AM,2021-10-08,PM,NA
189,15.003_d2_gn,A,2021-10-02,AM,2021-10-07,PM,0.5
190,13.013_d2_gn,A,2021-10-02,AM,2021-10-07,PM,0.3
191,25.001_d3_ge,A,2021-10-02,AM,2021-10-07,AM,0.3
192,13.003_d2_ge,A,2021-10-01,AM,2021-10-05,PM,0.4
193,3.010_d2_gn,A,2021-10-02,AM,2021-10-09,AM,0.3
194,6.004_d0_gn,A,2021-10-02,AM,2021-10-08,AM,0.3
195,15.011_d2_gn,A,2021-10-02,AM,2021-10-09,AM,0.6
196,25.003_d1_gn,A,2021-10-02,AM,2021-10-06,AM,0.6
197,13.009_d1_gn,A,2021-10-02,AM,2021-10-07,PM,0.7
198,3.015_d1_gn,A,2021-10-02,AM,2021-10-07,PM,0.5
199,13.014_d0_gn,A,2021-10-02,AM,2021-10-06,PM,0.4
200,25.007_d0_gn,A,2021-10-02,AM,2021-10-07,AM,0.5
201,13.001_d1_gn,A,2021-10-02,AM,2021-10-06,PM,0.5
202,6.006_d3_ge,A,2021-09-29,AM,2021-10-04,AM,1.1
203,13.009_d3_gn,A,2021-10-02,AM,2021-10-07,PM,1
204,15.009_d2_gn,A,2021-10-02,AM,2021-10-07,AM,0.4
205,13.002_d0_ge,A,2021-10-05,PM,2021-10-11,AM,1
206,15.015_d0_ge,A,2021-10-04,PM,2021-10-11,PM,0.7
207,6.009_d1_gn,A,2021-10-02,AM,2021-10-07,PM,0.6
208,13.002_d2_gn,A,2021-10-02,AM,2021-10-06,AM,0.2
209,13.006_d0_gn,A,2021-10-02,AM,2021-10-07,PM,0.7
210,25.014_d2_ge,A,2021-10-01,AM,2021-10-05,PM,0.9
211,15.001_d2_ge,A,2021-10-02,AM,2021-10-07,PM,0.4
212,6.010_d2_gn,A,2021-10-02,AM,2021-10-07,AM,0.5
213,25.002_d3_gn,A,2021-10-02,AM,2021-10-06,PM,0.4
214,3.001_d1_ge,A,2021-10-02,AM,2021-10-09,AM,0.4
215,15.001_d1_ge,U,2021-10-02,AM,2021-10-07,PM,0.7
216,15.006_d1_ge,A,2021-09-29,AM,2021-10-04,AM,0.6
217,6.014_d3_ge,A,2021-10-01,AM,2021-10-06,AM,1
218,6.002_d0_gn,A,2021-10-02,AM,2021-10-09,AM,0.3
219,3.013_d2_ge,A,2021-09-30,AM,2021-10-04,PM,0.2
220,13.010_d1_gn,A,2021-10-02,AM,2021-10-06,AM,0.5
221,13.009_d2_gn,A,2021-10-02,AM,2021-10-07,AM,0.4
222,13.008_d3_gn,A,2021-10-02,AM,2021-10-07,AM,0.3
223,13.004_d3_ge,A,2021-10-04,PM,2021-10-09,PM,0.3
224,13.009_d0_gn,A,2021-10-02,AM,2021-10-06,AM,0.4
225,25.008_d0_gn,A,2021-10-02,AM,2021-10-07,PM,1.2
226,25.011_d3_ge,A,2021-10-03,AM,2021-10-08,PM,0.3
227,25.012_d3_ge,A,2021-09-29,AM,2021-10-04,AM,1.6
228,15.014_d1_ge,A,2021-10-01,AM,2021-10-06,PM,0.4
229,6.012_d1_gn,A,2021-10-02,AM,2021-10-07,AM,0.5
230,15.005_d1_gn,A,2021-10-02,AM,2021-10-07,PM,0.4
231,6.006_d2_ge,A,2021-09-29,AM,2021-10-04,AM,2.1
232,25.004_d0_ge,A,2021-10-04,PM,2021-10-08,PM,0.8
233,3.007_d1_ge,A,2021-09-30,AM,2021-10-10,PM,0.7
234,6.015_d0_ge,A,2021-10-04,PM,2021-10-10,AM,0.5
235,13.012_d1_gn,A,2021-10-02,AM,NA,NA,NA
236,13.011_d3_ge,A,2021-10-03,AM,2021-10-07,PM,0.6
237,6.014_d0_gn,A,2021-10-02,AM,2021-10-07,AM,0.4
238,13.006_d3_ge,A,2021-09-29,AM,2021-10-04,AM,1.2
239,3.012_d2_ge,A,2021-09-29,AM,2021-10-04,AM,1.4
240,25.015_d1_gn,A,2021-10-02,AM,2021-10-05,PM,0.3
241,6.009_d3_ge,A,2021-10-02,AM,2021-10-07,PM,0.6
242,3.006_d2_ge,A,2021-09-29,AM,2021-10-08,AM,1.9
243,25.013_d3_ge,A,2021-09-30,AM,2021-10-04,AM,1
244,25.010_d3_gn,A,2021-10-02,AM,2021-10-07,AM,0.4
245,25.013_d2_gn,A,2021-10-02,AM,2021-10-06,PM,0.6
246,3.008_d2_ge,A,2021-10-03,AM,2021-10-08,PM,0.4
247,3.011_d2_ge,A,2021-10-03,AM,2021-10-09,AM,0.4
248,3.014_d1_gn,A,2021-10-02,AM,2021-10-09,AM,0.4
249,6.010_d1_gn,A,2021-10-02,AM,2021-10-06,PM,0.3
250,15.005_d0_ge,A,2021-10-02,AM,2021-10-07,AM,1
251,25.005_d0_gn,A,2021-10-02,AM,2021-10-07,AM,0.7
252,3.009_d3_gn,A,2021-10-02,AM,2021-10-09,PM,0.3
253,13.006_d2_gn,A,2021-10-02,AM,2021-10-06,PM,0.5
254,6.004_d0_ge,A,2021-10-04,PM,2021-10-10,AM,0.7
255,6.005_d2_ge,A,2021-10-02,AM,2021-10-08,PM,0.5
256,13.015_d0_gn,U,2021-10-02,AM,2021-10-06,PM,0.6
257,25.006_d2_gn,A,2021-10-02,AM,2021-10-06,AM,0.4
258,15.015_d3_ge,A,2021-10-04,PM,2021-10-09,PM,0.2
259,25.002_d3_ge,A,2021-10-05,PM,2021-10-10,AM,0.4
260,13.001_d0_ge,A,2021-10-02,AM,2021-10-08,AM,1
261,15.014_d0_ge,A,2021-10-01,AM,2021-10-07,PM,0.4
262,25.006_d0_ge,A,2021-09-29,AM,2021-10-04,AM,2.1
263,25.008_d0_ge,A,2021-10-03,AM,2021-10-08,AM,1
264,15.012_d2_gn,A,2021-10-02,AM,2021-10-08,PM,0.4
265,6.003_d1_gn,A,2021-10-02,AM,2021-10-07,PM,0.8
266,15.013_d1_gn,A,2021-10-02,AM,2021-10-08,AM,0.7
267,25.006_d3_ge,A,2021-09-29,AM,2021-10-04,AM,1.9
268,6.002_d3_ge,A,2021-10-05,PM,NA,NA,NA
269,13.015_d3_ge,A,2021-10-04,PM,2021-10-10,AM,0.3
270,3.005_d0_gn,A,2021-10-02,AM,2021-10-09,AM,0.2
271,6.005_d2_gn,A,2021-10-02,AM,2021-10-07,PM,0.9
272,15.012_d0_ge,A,2021-09-29,AM,2021-10-05,PM,0.6
273,6.006_d0_gn,A,2021-10-02,AM,2021-10-07,PM,0.8
274,15.008_d0_gn,A,2021-10-02,AM,2021-10-07,PM,1
275,15.001_d3_gn,A,2021-10-02,AM,2021-10-07,PM,0.9
276,13.013_d1_ge,A,2021-09-30,AM,2021-10-05,AM,0.2
277,3.008_d0_gn,A,2021-10-02,AM,2021-10-07,PM,0.3
278,25.014_d3_gn,A,2021-10-02,AM,2021-10-06,AM,0.7
279,13.008_d0_ge,A,2021-10-03,AM,2021-10-08,AM,0.4
280,3.005_d2_gn,A,2021-10-02,AM,2021-10-07,PM,0.7
281,25.013_d0_gn,A,2021-10-02,AM,2021-10-06,AM,0.6
282,3.008_d0_ge,A,2021-10-03,AM,2021-10-10,PM,0.2
283,25.014_d1_ge,A,2021-10-01,AM,2021-10-06,AM,0.7
284,6.014_d2_ge,A,2021-10-01,AM,2021-10-06,AM,0.8
285,3.011_d0_ge,A,2021-10-03,AM,2021-10-09,PM,0.5
286,6.003_d0_ge,A,2021-10-01,AM,2021-10-06,AM,0.6
287,3.012_d3_gn,A,2021-10-02,AM,NA,NA,NA
288,13.005_d3_ge,A,2021-10-02,AM,2021-10-07,PM,1.1
289,25.009_d1_ge,A,2021-10-02,AM,2021-10-06,AM,0.4
290,3.006_d0_ge,A,2021-09-29,AM,2021-10-04,AM,0.8
291,13.015_d2_gn,A,2021-10-02,AM,2021-10-07,AM,0.5
292,13.008_d1_ge,A,2021-10-03,AM,2021-10-09,AM,0.4
293,3.008_d1_ge,A,2021-10-03,AM,2021-10-08,PM,0.9
294,6.006_d1_ge,A,2021-09-29,AM,2021-10-06,AM,1.1
295,3.015_d0_ge,A,2021-10-04,PM,2021-10-13,AM,0.3
296,15.001_d1_gn,A,2021-10-02,AM,2021-10-07,AM,0.4
297,6.005_d3_gn,A,2021-10-02,AM,2021-10-07,PM,0.5
298,6.012_d2_ge,A,2021-09-29,AM,2021-10-04,PM,0.2
299,3.004_d0_gn,A,2021-10-02,AM,2021-10-08,AM,0.3
300,3.002_d2_ge,A,2021-10-05,PM,2021-10-11,AM,0.4
301,15.003_d2_ge,U,2021-10-01,AM,2021-10-10,PM,2.2
302,15.013_d2_ge,A,2021-09-30,AM,2021-10-05,AM,0.7
303,25.011_d0_ge,A,2021-10-03,AM,2021-10-07,AM,0.5
304,3.010_d3_gn,A,2021-10-02,AM,2021-10-12,AM,0.4
305,3.009_d2_ge,A,2021-10-02,AM,2021-10-08,PM,0.6
306,3.010_d2_ge,A,2021-10-05,PM,2021-10-10,AM,0.7
307,3.007_d0_gn,A,2021-10-02,AM,2021-10-08,AM,0.4
308,25.012_d0_ge,A,2021-09-29,AM,2021-10-06,AM,0.2
309,6.009_d3_gn,A,2021-10-02,AM,2021-10-07,PM,0.7
310,13.003_d3_ge,A,2021-10-01,AM,2021-10-07,PM,0.8
311,13.014_d3_ge,A,2021-10-01,AM,2021-10-05,PM,0.2
312,25.001_d2_gn,A,2021-10-02,AM,2021-10-06,PM,0.4
313,13.012_d1_ge,A,2021-09-29,AM,2021-10-04,AM,1.9
314,13.014_d1_ge,A,2021-10-01,AM,2021-10-06,PM,0.3
315,15.011_d0_gn,A,2021-10-02,AM,2021-10-10,AM,0.1
316,3.004_d0_ge,A,2021-10-04,PM,2021-10-12,AM,0.5
317,13.014_d3_gn,A,2021-10-02,AM,2021-10-07,AM,0.5
318,25.013_d1_ge,A,2021-09-30,AM,2021-10-11,AM,0.5
319,15.008_d2_ge,A,2021-10-03,AM,2021-10-08,PM,0.6
320,25.011_d2_ge,A,2021-10-03,AM,2021-10-08,PM,0.4
321,13.012_d0_ge,A,2021-09-29,AM,2021-10-04,AM,1.5
322,25.001_d1_ge,A,2021-10-02,AM,2021-10-07,PM,1.1
323,13.004_d3_gn,A,2021-10-02,AM,2021-10-07,AM,0.5
324,13.001_d2_gn,A,2021-10-02,AM,2021-10-07,AM,0.6
325,15.012_d0_gn,A,2021-10-02,AM,2021-10-07,AM,0.4
326,3.015_d0_gn,A,2021-10-02,AM,2021-10-07,PM,0.4
327,3.013_d1_ge,A,2021-09-30,AM,2021-10-08,AM,1.1
328,6.002_d3_gn,A,2021-10-02,AM,2021-10-07,AM,1
329,3.014_d3_gn,A,2021-10-02,AM,2021-10-08,AM,0.5
330,3.010_d0_gn,A,2021-10-02,AM,2021-10-08,PM,0.3
331,15.008_d1_gn,A,2021-10-02,AM,2021-10-08,AM,0.9
332,25.008_d2_gn,A,2021-10-02,AM,2021-10-06,AM,0.7
333,13.009_d2_ge,A,2021-10-02,AM,2021-10-07,PM,0.3
334,6.015_d2_ge,A,2021-10-04,PM,2021-10-10,AM,0.5
335,13.010_d2_ge,A,2021-10-05,PM,2021-10-10,AM,0.6
336,6.002_d0_ge,A,2021-10-05,PM,2021-10-10,PM,0.9
337,15.007_d2_gn,A,2021-10-02,AM,2021-10-07,AM,0.4
338,13.007_d0_gn,A,2021-10-02,AM,2021-10-06,AM,0.5
339,3.002_d1_ge,A,2021-10-05,PM,2021-10-11,PM,0.6
340,25.006_d1_gn,A,2021-10-02,AM,2021-10-09,AM,0.7
341,15.010_d1_ge,A,2021-10-05,PM,2021-10-10,PM,0.7
342,15.013_d1_ge,A,2021-09-30,AM,2021-10-04,PM,0.1
343,3.009_d1_gn,A,2021-10-02,AM,2021-10-08,AM,0.5
344,6.012_d3_gn,A,2021-10-02,AM,2021-10-09,AM,0.7
345,3.004_d3_gn,A,2021-10-02,AM,2021-10-07,PM,0.5
346,3.003_d1_ge,A,2021-10-01,AM,2021-10-06,AM,0.3
347,25.012_d0_gn,A,2021-10-02,AM,2021-10-06,AM,0.9
348,25.010_d1_gn,A,2021-10-02,AM,2021-10-06,AM,0.8
349,6.005_d0_ge,A,2021-10-02,AM,2021-10-06,PM,0.4
350,25.012_d3_gn,A,2021-10-02,AM,2021-10-11,AM,0.8
351,25.015_d0_gn,A,2021-10-02,AM,2021-10-06,PM,0.3
352,15.009_d0_gn,A,2021-10-02,AM,2021-10-07,PM,0.5
353,25.003_d0_gn,A,2021-10-02,AM,2021-10-06,PM,0.4
354,15.002_d1_ge,A,2021-10-05,PM,2021-10-11,PM,0.4
355,3.015_d1_ge,A,2021-10-04,PM,2021-10-09,PM,0.1
356,3.008_d3_ge,A,2021-10-03,AM,2021-10-10,AM,0.1
357,15.004_d2_ge,A,2021-10-04,PM,2021-10-09,PM,0.7
358,6.008_d2_gn,A,2021-10-02,AM,2021-10-06,AM,0.6
359,3.013_d3_ge,A,2021-09-30,AM,2021-10-05,AM,0.3
360,15.005_d3_ge,A,2021-10-02,AM,2021-10-07,AM,0.4
361,3.004_d2_ge,A,2021-10-04,PM,NA,NA,NA
362,6.011_d3_gn,A,2021-10-02,AM,2021-10-07,AM,0.6
363,13.002_d1_ge,A,2021-10-05,PM,2021-10-10,PM,0.4
364,6.014_d2_gn,A,2021-10-02,AM,2021-10-08,PM,0.7
365,15.013_d0_gn,A,2021-10-02,AM,2021-10-08,AM,0.5
366,25.008_d3_gn,A,2021-10-02,AM,2021-10-08,AM,0.8
367,25.001_d0_ge,A,2021-10-02,AM,2021-10-06,PM,0.3
368,15.011_d3_gn,A,2021-10-02,AM,2021-10-07,PM,0.5
369,3.009_d1_ge,A,2021-10-02,AM,2021-10-08,AM,0.3
370,15.009_d1_ge,A,2021-10-02,AM,2021-10-07,PM,0.5
371,3.011_d2_gn,A,2021-10-02,AM,2021-10-12,AM,0.5
372,15.002_d2_gn,A,2021-10-02,AM,2021-10-07,PM,0.5
373,6.001_d3_gn,A,2021-10-02,AM,2021-10-07,PM,1
374,25.005_d2_gn,A,2021-10-02,AM,2021-10-07,AM,0.3
375,3.013_d1_gn,A,2021-10-02,AM,2021-10-08,PM,1
376,15.014_d2_ge,A,2021-10-01,AM,2021-10-06,AM,0.7
377,3.002_d3_ge,A,2021-10-05,PM,2021-10-10,PM,0.2
378,3.001_d2_gn,A,2021-10-02,AM,2021-10-07,AM,0.3
379,15.004_d0_gn,A,2021-10-02,AM,2021-10-07,PM,0.8
380,13.015_d3_gn,A,2021-10-02,AM,2021-10-07,PM,0.5
381,6.011_d1_ge,A,2021-10-03,AM,2021-10-07,PM,0.8
382,3.014_d0_gn,A,2021-10-02,AM,2021-10-09,PM,0.6
383,13.011_d2_ge,A,2021-10-03,AM,2021-10-07,PM,0.7
384,25.011_d1_ge,A,2021-10-03,AM,2021-10-07,PM,0.5
385,13.013_d0_gn,A,2021-10-02,AM,2021-10-07,PM,0.8
386,6.006_d0_ge,A,2021-09-29,AM,2021-10-05,AM,0.4
387,25.009_d2_ge,A,2021-10-02,AM,2021-10-07,PM,0.7
388,6.001_d3_ge,A,2021-10-02,AM,2021-10-07,AM,0.5
389,15.008_d3_ge,A,2021-10-03,AM,2021-10-07,PM,0.9
390,3.004_d2_gn,A,2021-10-02,AM,2021-10-07,PM,0.2
391,13.004_d2_gn,A,2021-10-02,AM,2021-10-07,AM,0.6
392,25.001_d2_ge,A,2021-10-02,AM,2021-10-07,AM,0.7
393,15.014_d2_gn,A,2021-10-02,AM,2021-10-07,PM,0.5
394,25.004_d3_ge,A,2021-10-04,PM,NA,NA,NA
395,25.003_d0_ge,A,2021-10-01,AM,2021-10-06,PM,0.2
396,13.007_d0_ge,A,2021-09-30,AM,2021-10-05,AM,1.1
397,6.011_d3_ge,A,2021-10-03,AM,2021-10-08,PM,1
398,25.008_d1_ge,A,2021-10-03,AM,2021-10-07,PM,0.5
399,6.008_d2_ge,A,2021-10-03,AM,2021-10-08,AM,0.8
400,3.006_d3_ge,A,2021-09-29,AM,2021-10-04,AM,0.8
401,15.011_d1_ge,A,2021-10-03,AM,2021-10-10,PM,0.2
402,3.008_d2_gn,A,2021-10-02,AM,2021-10-08,AM,0.2
403,6.013_d0_gn,A,2021-10-02,AM,2021-10-07,AM,0.5
404,3.005_d1_gn,A,2021-10-02,AM,2021-10-07,PM,0.4
405,13.015_d0_ge,A,2021-10-04,PM,2021-10-09,AM,0.5
406,15.005_d3_gn,A,2021-10-02,AM,2021-10-07,AM,0.8
407,25.009_d0_gn,A,2021-10-02,AM,2021-10-06,PM,0.6
408,3.003_d3_ge,A,2021-10-01,AM,2021-10-07,AM,0.4
409,13.004_d1_gn,A,2021-10-02,AM,2021-10-07,PM,1
410,13.005_d2_ge,A,2021-10-02,AM,2021-10-07,PM,0.9
411,13.013_d2_ge,A,2021-09-30,AM,2021-10-03,AM,0.3
412,15.013_d2_gn,A,2021-10-02,AM,2021-10-07,PM,1.3
413,6.006_d3_gn,A,2021-10-02,AM,2021-10-07,PM,0.4
414,13.010_d0_gn,A,2021-10-02,AM,2021-10-07,PM,1.4
415,6.015_d2_gn,A,2021-10-02,AM,2021-10-08,AM,1.1
416,13.005_d3_gn,A,2021-10-02,AM,2021-10-07,PM,0.8
417,25.004_d1_gn,A,2021-10-02,AM,2021-10-06,PM,0.3
418,6.007_d0_gn,A,2021-10-02,AM,2021-10-07,AM,0.7
419,6.010_d0_gn,A,2021-10-02,AM,2021-10-10,AM,0.5
420,25.012_d2_ge,A,2021-09-29,AM,2021-10-04,AM,2.2
421,6.014_d1_gn,A,2021-10-02,AM,2021-10-07,AM,0.5
422,3.003_d1_gn,A,2021-10-02,AM,2021-10-09,AM,0.3
423,6.013_d1_gn,A,2021-10-02,AM,2021-10-07,PM,0.2
424,25.006_d0_gn,A,2021-10-02,AM,2021-10-07,AM,0.4
425,15.007_d0_gn,A,2021-10-02,AM,2021-10-07,PM,0.4
426,13.008_d3_ge,A,2021-10-03,AM,2021-10-07,PM,0.7
427,6.014_d3_gn,A,2021-10-02,AM,2021-10-07,AM,1.3
428,15.003_d0_gn,A,2021-10-02,AM,2021-10-07,PM,1.1
429,15.004_d2_gn,A,2021-10-02,AM,2021-10-07,PM,0.3
430,13.013_d0_ge,A,2021-09-30,AM,2021-10-04,PM,0.9
431,15.011_d2_ge,A,2021-10-03,AM,2021-10-07,PM,0.2
432,15.005_d2_ge,A,2021-10-02,AM,2021-10-07,PM,0.9
433,25.009_d0_ge,A,2021-10-02,AM,2021-10-06,AM,0.9
434,6.011_d0_ge,A,2021-10-03,AM,2021-10-07,PM,0.5
435,3.003_d2_gn,A,2021-10-02,AM,2021-10-11,AM,0.1
436,13.004_d1_ge,A,2021-10-04,PM,2021-10-09,AM,0.3
437,13.012_d2_ge,A,2021-09-29,AM,2021-10-04,AM,0.9
438,6.004_d1_ge,A,2021-10-04,PM,2021-10-09,AM,0.6
439,13.005_d0_ge,A,2021-10-02,AM,2021-10-07,PM,1
440,3.007_d2_ge,A,2021-09-30,AM,2021-10-05,PM,0.2
441,6.010_d3_gn,A,2021-10-02,AM,2021-10-07,AM,0.6
442,3.010_d0_ge,A,2021-10-05,PM,2021-10-10,AM,1.3
443,13.007_d1_gn,A,2021-10-02,AM,2021-10-07,AM,0.6
444,25.009_d2_gn,U,2021-10-02,AM,2021-10-07,PM,0.9
445,15.009_d0_ge,A,2021-10-02,AM,2021-10-06,AM,0.4
446,13.003_d0_gn,A,2021-10-02,AM,2021-10-06,PM,0.2
447,25.007_d1_ge,A,2021-09-30,AM,2021-10-05,AM,0.5
448,6.012_d0_ge,A,2021-09-29,AM,2021-10-04,AM,1.7
449,25.005_d2_ge,A,2021-10-02,AM,2021-10-07,PM,0.5
450,15.014_d3_ge,A,2021-10-01,AM,2021-10-08,AM,0.2
451,3.010_d1_ge,A,2021-10-05,PM,2021-10-11,AM,0.9
452,25.015_d0_ge,A,2021-10-04,PM,2021-10-09,PM,0.3
453,6.012_d3_ge,A,2021-09-29,AM,2021-10-04,AM,1.2
454,13.003_d3_gn,A,2021-10-02,AM,2021-10-06,PM,0.6
455,15.009_d2_ge,A,2021-10-02,AM,2021-10-07,AM,0.6
456,15.006_d3_ge,U,2021-09-29,AM,2021-10-05,PM,1.1
457,25.011_d3_gn,A,2021-10-02,AM,2021-10-06,AM,0.5
458,25.003_d2_ge,A,2021-10-01,AM,2021-10-06,PM,1.4
459,6.008_d0_gn,A,2021-10-02,AM,2021-10-07,AM,0.1
460,13.007_d3_ge,A,2021-09-30,AM,2021-10-04,PM,0.8
461,15.011_d1_gn,A,2021-10-02,AM,2021-10-07,PM,0.8
462,25.001_d0_gn,A,2021-10-02,AM,2021-10-06,AM,0.5
463,15.006_d0_gn,A,2021-10-02,AM,2021-10-07,PM,0.4
464,15.010_d0_gn,A,2021-10-02,AM,2021-10-07,AM,0.9
465,3.001_d3_gn,A,2021-10-02,AM,2021-10-07,PM,0.2
466,13.002_d1_gn,A,2021-10-02,AM,2021-10-07,PM,1.1
467,3.007_d3_ge,A,2021-09-30,AM,2021-10-05,PM,0.4
468,15.008_d3_gn,A,2021-10-02,AM,2021-10-06,PM,0.5
469,25.010_d2_gn,A,2021-10-02,AM,2021-10-06,PM,0.6
470,6.012_d1_ge,A,2021-09-29,AM,2021-10-04,AM,2.4
471,3.003_d0_gn,U,2021-10-02,AM,2021-10-10,PM,0.7
472,6.003_d2_ge,A,2021-10-01,AM,2021-10-07,PM,0.7
473,25.015_d2_ge,A,2021-10-04,PM,2021-10-09,PM,0.8
474,13.015_d2_ge,A,2021-10-04,PM,2021-10-09,AM,0.5
475,6.009_d2_gn,A,2021-10-02,AM,2021-10-09,AM,0.8
476,25.010_d2_ge,A,2021-10-05,PM,2021-10-09,PM,0.1
477,15.008_d2_gn,A,2021-10-02,AM,2021-10-07,PM,1
478,6.007_d3_ge,A,2021-09-30,AM,2021-10-08,AM,0.3
479,25.015_d1_ge,A,2021-10-04,PM,2021-10-08,PM,0.2
480,6.013_d1_ge,A,2021-09-30,AM,2021-10-04,PM,0.6
481,25.005_d3_gn,A,2021-10-02,AM,2021-10-07,PM,1.2
482,6.014_d1_ge,A,2021-10-01,AM,2021-10-06,PM,0.7
483,3.012_d1_ge,A,2021-09-29,AM,2021-10-07,PM,0.3
484,6.005_d3_ge,A,2021-10-02,AM,2021-10-07,AM,1.3
485,3.013_d0_gn,A,2021-10-02,AM,2021-10-09,AM,0.2
486,25.002_d1_gn,A,2021-10-02,AM,2021-10-06,AM,0.6
487,3.015_d3_gn,A,2021-10-02,AM,2021-10-07,PM,0.1
488,6.013_d0_ge,A,2021-09-30,AM,2021-10-05,PM,0.4
489,15.008_d0_ge,A,2021-10-03,AM,2021-10-08,AM,0.3
490,3.002_d0_ge,A,2021-10-05,PM,2021-10-13,AM,0.5
491,13.011_d0_gn,A,2021-10-02,AM,2021-10-07,AM,0.8
492,3.015_d2_gn,A,2021-10-02,AM,2021-10-08,AM,0.4
493,25.007_d1_gn,A,2021-10-02,AM,2021-10-06,AM,1
494,3.009_d0_gn,A,2021-10-02,AM,2021-10-07,PM,0.5
495,13.012_d3_ge,A,2021-09-29,AM,2021-10-04,AM,1.4
496,15.001_d3_ge,A,2021-10-02,AM,2021-10-07,PM,0.5
497,25.008_d2_ge,A,2021-10-03,AM,2021-10-09,AM,0.4
498,3.001_d0_ge,A,2021-10-02,AM,2021-10-07,AM,0.4
499,3.012_d2_gn,A,2021-10-02,AM,2021-10-08,AM,0.6
500,13.002_d3_gn,A,2021-10-02,AM,2021-10-06,AM,0.5
501,3.013_d0_ge,A,2021-09-30,AM,2021-10-05,AM,0.3
502,6.004_d3_gn,A,2021-10-02,AM,2021-10-07,PM,0.3
503,25.015_d3_gn,A,2021-10-02,AM,2021-10-06,PM,0.3
504,6.011_d2_ge,A,2021-10-03,AM,2021-10-08,AM,0.7
505,15.012_d2_ge,A,2021-09-29,AM,2021-10-04,AM,1.9
506,3.007_d1_gn,A,2021-10-02,AM,2021-10-09,AM,0.5
507,15.011_d0_ge,A,2021-10-03,AM,2021-10-08,AM,0.8
508,13.012_d2_gn,U,2021-10-02,AM,2021-10-07,PM,1.3
509,3.002_d0_gn,A,2021-10-02,AM,2021-10-08,PM,0.4
510,25.005_d1_ge,A,2021-10-02,AM,2021-10-07,PM,1.1
511,3.014_d0_ge,A,2021-10-01,AM,2021-10-07,AM,0.3
512,25.011_d2_gn,A,2021-10-02,AM,2021-10-06,PM,0.4
513,6.001_d2_ge,A,2021-10-02,AM,2021-10-14,AM,1
514,13.003_d1_ge,A,2021-10-01,AM,2021-10-06,AM,1.1
515,6.013_d3_ge,A,2021-09-30,AM,2021-10-04,PM,0.3
516,15.010_d2_gn,A,2021-10-02,AM,2021-10-07,PM,0.7
517,25.005_d3_ge,A,2021-10-02,AM,2021-10-07,AM,0.4
518,13.001_d0_gn,A,2021-10-02,AM,2021-10-06,PM,0.4
519,13.006_d1_gn,A,2021-10-02,AM,2021-10-06,PM,0.6
520,25.007_d0_ge,A,2021-09-30,AM,2021-10-04,PM,1.1
521,13.013_d1_gn,A,2021-10-02,AM,2021-10-07,PM,0.6
522,15.009_d3_gn,A,2021-10-02,AM,2021-10-07,PM,0.7
523,15.004_d3_ge,A,2021-10-04,PM,2021-10-09,PM,0.5
524,25.001_d3_gn,A,2021-10-02,AM,2021-10-07,PM,0.7
525,3.002_d3_gn,A,2021-10-02,AM,2021-10-08,PM,0.2
526,3.006_d2_gn,A,2021-10-02,AM,2021-10-10,PM,0.1
527,6.011_d0_gn,A,2021-10-02,AM,2021-10-08,AM,0.7
528,6.004_d1_gn,A,2021-10-02,AM,2021-10-07,PM,1.2
529,15.011_d3_ge,A,2021-10-03,AM,2021-10-11,AM,0.3
530,6.010_d2_ge,A,2021-10-05,PM,2021-10-09,PM,0.9
531,15.014_d1_gn,A,2021-10-02,AM,2021-10-07,PM,0.3
532,3.006_d1_gn,A,2021-10-02,AM,2021-10-08,AM,0.2
533,6.008_d3_ge,A,2021-10-03,AM,2021-10-07,PM,0.5
534,6.008_d3_gn,A,2021-10-02,AM,2021-10-12,AM,0.1
535,15.004_d1_ge,A,2021-10-04,PM,2021-10-11,AM,0.7
536,3.004_d3_ge,A,2021-10-04,PM,2021-10-08,AM,0.2
537,3.012_d1_gn,A,2021-10-02,AM,2021-10-09,AM,0.6
538,13.005_d2_gn,A,2021-10-02,AM,2021-10-07,PM,1.2
539,25.013_d1_gn,A,2021-10-02,AM,2021-10-06,PM,0.4
540,13.003_d2_gn,A,2021-10-02,AM,2021-10-06,AM,0.7
541,6.006_d2_gn,A,2021-10-02,AM,2021-10-06,PM,0.4
542,15.015_d3_gn,A,2021-10-02,AM,2021-10-08,AM,0.5
543,15.007_d0_ge,A,2021-09-30,AM,NA,NA,NA
544,25.002_d1_ge,A,2021-10-05,PM,2021-10-10,PM,0.3
545,3.011_d3_gn,A,2021-10-02,AM,2021-10-09,AM,0.1
546,3.010_d3_ge,A,2021-10-05,PM,2021-10-11,AM,0.8
547,25.002_d2_ge,A,2021-10-05,PM,2021-10-10,AM,0.8
548,13.001_d3_gn,A,2021-10-02,AM,2021-10-07,AM,0.7
549,3.006_d1_ge,U,2021-09-29,AM,2021-10-06,AM,1.5
550,15.005_d2_gn,A,2021-10-02,AM,2021-10-07,PM,0.2
551,3.014_d1_ge,A,2021-10-01,AM,2021-10-06,AM,0.8
552,15.003_d1_ge,A,2021-10-01,AM,2021-10-06,AM,0.7
553,15.009_d1_gn,A,2021-10-02,AM,2021-10-08,AM,0.2
554,3.002_d1_gn,A,2021-10-02,AM,2021-10-08,AM,0.8
555,6.004_d2_gn,A,2021-10-02,AM,2021-10-08,PM,0.6
556,3.008_d1_gn,A,2021-10-02,AM,2021-10-08,AM,1.1
557,25.014_d1_gn,A,2021-10-02,AM,2021-10-07,AM,0.6
558,13.010_d3_gn,A,2021-10-02,AM,2021-10-08,PM,0.8
559,13.005_d0_gn,A,2021-10-02,AM,2021-10-06,AM,0.6
560,25.007_d3_gn,A,2021-10-02,AM,2021-10-06,AM,0.4
561,15.003_d1_gn,A,2021-10-02,AM,2021-10-07,PM,0.3
562,25.006_d2_ge,A,2021-09-29,AM,2021-10-04,AM,1.2
563,13.014_d2_ge,A,2021-10-01,AM,2021-10-06,AM,0.8
564,15.013_d3_gn,A,2021-10-02,AM,2021-10-07,PM,0.9
565,25.014_d3_ge,A,2021-10-01,AM,2021-10-05,PM,0.3
566,6.015_d3_ge,A,2021-10-04,PM,2021-10-10,AM,1
567,6.008_d1_ge,A,2021-10-03,AM,2021-10-11,PM,1.2
568,25.007_d2_ge,A,2021-09-30,AM,2021-10-04,AM,1
569,25.008_d1_gn,A,2021-10-02,AM,2021-10-06,PM,0.5
570,13.003_d0_ge,A,2021-10-01,AM,NA,NA,NA
571,25.003_d3_gn,A,2021-10-02,AM,2021-10-07,PM,0.1
572,13.002_d3_ge,A,2021-10-05,PM,2021-10-10,PM,0.2
573,25.014_d0_gn,A,2021-10-02,AM,2021-10-07,PM,0.5
574,3.005_d2_ge,A,2021-10-02,AM,NA,NA,NA
575,6.002_d1_gn,A,2021-10-02,AM,2021-10-08,AM,1.1
576,6.001_d1_ge,A,2021-10-02,AM,2021-10-06,PM,0.5
577,15.002_d0_gn,A,2021-10-02,AM,2021-10-07,PM,0.7
578,13.010_d1_ge,A,2021-10-05,PM,2021-10-12,AM,0.7
579,13.009_d0_ge,A,2021-10-02,AM,2021-10-07,AM,0.7
580,25.012_d2_gn,A,2021-10-02,AM,2021-10-06,PM,0.3
581,25.010_d0_ge,A,2021-10-05,PM,2021-10-12,AM,0.1
582,3.015_d2_ge,A,2021-10-04,PM,2021-10-11,AM,0.5
583,25.010_d0_gn,A,2021-10-02,AM,2021-10-07,AM,0.5
584,15.007_d3_gn,A,2021-10-02,AM,2021-10-07,AM,0.2
585,15.002_d1_gn,A,2021-10-02,AM,2021-10-07,PM,1
586,3.014_d2_gn,A,2021-10-02,AM,2021-10-09,AM,0.3
587,6.008_d0_ge,A,2021-10-03,AM,NA,NA,NA
588,6.007_d2_gn,A,2021-10-02,AM,2021-10-08,PM,0.7
589,3.014_d3_ge,A,2021-10-01,AM,2021-10-06,PM,0.2
590,6.004_d2_ge,A,2021-10-04,PM,2021-10-09,AM,0.4
591,3.001_d1_gn,A,2021-10-02,AM,2021-10-09,AM,0.5
592,15.012_d3_gn,A,2021-10-02,AM,2021-10-08,AM,0.9
593,25.009_d1_gn,A,2021-10-02,AM,2021-10-08,AM,1.1
594,3.001_d2_ge,A,2021-10-02,AM,2021-10-07,PM,0.5
595,25.013_d2_ge,A,2021-09-30,AM,2021-10-04,AM,0.7
596,13.004_d0_gn,A,2021-10-02,AM,2021-10-07,AM,0.4
597,13.011_d1_gn,A,2021-10-02,AM,2021-10-07,AM,0.2
598,6.004_d3_ge,A,2021-10-04,PM,2021-10-09,AM,0.6
599,3.012_d3_ge,A,2021-09-29,AM,2021-10-04,PM,1
600,3.007_d0_ge,A,2021-09-30,AM,2021-10-08,PM,0.4
1,3.005_d1_ge,B,2021-10-02,AM,2021-10-08,AM,0.6
2,13.003_d1_gn,B,2021-10-02,AM,2021-10-07,AM,0.7
3,13.011_d3_gn,B,2021-10-02,AM,2021-10-07,PM,0.3
4,15.005_d1_ge,B,2021-10-02,AM,2021-10-08,PM,0.4
5,13.009_d3_ge,B,2021-10-02,AM,2021-10-07,PM,0.3
6,15.006_d0_ge,B,2021-09-29,AM,2021-10-04,AM,1.5
7,15.006_d3_gn,B,2021-10-02,AM,2021-10-07,PM,0.2
8,15.006_d1_gn,B,2021-10-02,AM,2021-10-07,PM,0.1
9,25.011_d0_gn,B,2021-10-02,AM,2021-10-06,PM,0.3
10,15.003_d0_ge,B,2021-10-01,AM,2021-10-09,PM,0.3
11,15.009_d3_ge,B,2021-10-02,AM,2021-10-08,PM,0.5
12,25.009_d3_ge,B,2021-10-02,AM,2021-10-06,PM,0.4
13,25.006_d1_ge,B,2021-09-29,AM,2021-10-04,AM,2.2
14,6.002_d2_gn,B,2021-10-02,AM,2021-10-08,AM,0.4
15,6.005_d1_ge,B,2021-10-02,AM,2021-10-07,AM,0.6
16,6.001_d1_gn,B,2021-10-02,AM,2021-10-07,PM,0.5
17,25.006_d3_gn,B,2021-10-02,AM,2021-10-07,AM,0.7
18,13.005_d1_ge,B,2021-10-02,AM,2021-10-07,PM,1
19,6.005_d0_gn,B,2021-10-02,AM,2021-10-07,AM,0.4
20,3.001_d3_ge,B,2021-10-02,AM,2021-10-09,AM,0.6
21,13.001_d2_ge,B,2021-10-02,AM,2021-10-07,PM,0.8
22,3.009_d2_gn,B,2021-10-02,AM,2021-10-11,AM,0.5
23,25.013_d3_gn,B,2021-10-02,AM,2021-10-08,AM,0.8
24,25.013_d0_ge,B,2021-09-30,AM,2021-10-04,PM,0.5
25,13.006_d3_gn,B,2021-10-02,AM,2021-10-07,PM,0.8
26,15.003_d3_gn,B,2021-10-02,AM,2021-10-07,PM,0.9
27,6.003_d1_ge,B,2021-10-01,AM,2021-10-05,PM,0.6
28,6.007_d2_ge,B,2021-09-30,AM,2021-10-05,AM,0.2
29,3.007_d3_gn,B,2021-10-02,AM,2021-10-09,AM,0.3
30,15.002_d3_gn,B,2021-10-02,AM,2021-10-08,AM,1
31,6.009_d0_gn,B,2021-10-02,AM,2021-10-07,AM,0.7
32,13.009_d1_ge,B,2021-10-02,AM,2021-10-08,AM,0.7
33,6.010_d3_ge,B,2021-10-05,PM,2021-10-11,PM,0.4
34,13.008_d2_ge,B,2021-10-03,AM,2021-10-08,AM,0.5
35,6.010_d1_ge,B,2021-10-05,PM,2021-10-10,PM,0.6
36,6.003_d3_gn,B,2021-10-02,AM,2021-10-09,AM,0.6
37,3.011_d0_gn,B,2021-10-02,AM,2021-10-08,AM,0.9
38,15.004_d1_gn,B,2021-10-02,AM,2021-10-07,AM,0.2
39,3.002_d2_gn,B,2021-10-02,AM,2021-10-09,AM,0.2
40,3.011_d1_gn,B,2021-10-02,AM,2021-10-07,PM,0.3
41,6.013_d2_gn,B,2021-10-02,AM,2021-10-08,AM,0.4
42,15.014_d0_gn,B,2021-10-02,AM,2021-10-07,PM,1.2
43,3.004_d1_ge,B,2021-10-04,PM,2021-10-10,AM,0.5
44,13.006_d1_ge,B,2021-09-29,AM,2021-10-04,AM,1.9
45,3.007_d2_gn,B,2021-10-02,AM,2021-10-10,PM,0.4
46,15.015_d1_gn,B,2021-10-02,AM,2021-10-08,AM,1.1
47,15.010_d1_gn,B,2021-10-02,AM,2021-10-08,AM,1.4
48,3.012_d0_ge,B,2021-09-29,AM,2021-10-04,AM,1.3
49,3.003_d2_ge,B,2021-10-01,AM,2021-10-08,AM,0.7
50,6.001_d0_ge,B,2021-10-02,AM,2021-10-07,AM,0.8
51,3.005_d0_ge,B,2021-10-02,AM,2021-10-08,AM,0.4
52,15.015_d2_ge,B,2021-10-04,PM,2021-10-10,AM,0.5
53,3.005_d3_ge,B,2021-10-02,AM,2021-10-09,AM,0.5
54,25.002_d0_gn,B,2021-10-02,AM,2021-10-06,PM,0.6
55,15.002_d2_ge,B,2021-10-05,PM,2021-10-11,AM,0.3
56,13.012_d0_gn,B,2021-10-02,AM,2021-10-07,AM,0.6
57,15.013_d3_ge,B,2021-09-30,AM,2021-10-04,PM,0.3
58,13.006_d2_ge,B,2021-09-29,AM,2021-10-04,AM,1.5
59,25.011_d1_gn,B,2021-10-02,AM,2021-10-08,AM,0.1
60,6.013_d2_ge,B,2021-09-30,AM,2021-10-04,PM,0.1
61,25.007_d2_gn,B,2021-10-02,AM,2021-10-06,PM,0.2
62,6.007_d1_ge,B,2021-09-30,AM,2021-10-06,AM,0.5
63,25.004_d3_gn,B,2021-10-02,AM,2021-10-07,AM,0.6
64,6.007_d3_gn,B,2021-10-02,AM,2021-10-08,PM,1.2
65,3.011_d3_ge,B,2021-10-03,AM,2021-10-09,AM,0.6
66,25.014_d2_gn,B,2021-10-02,AM,2021-10-07,PM,0.4
67,25.012_d1_ge,B,2021-09-29,AM,2021-10-05,AM,2
68,25.005_d0_ge,B,2021-10-02,AM,2021-10-07,AM,0.3
69,15.005_d0_gn,B,2021-10-02,AM,2021-10-07,PM,0.7
70,25.002_d2_gn,B,2021-10-02,AM,2021-10-08,AM,0.7
71,13.004_d2_ge,B,2021-10-04,PM,2021-10-08,PM,0.4
72,6.007_d0_ge,B,2021-09-30,AM,2021-10-08,AM,0.2
73,6.002_d1_ge,B,2021-10-05,PM,2021-10-10,AM,0.4
74,13.010_d3_ge,B,2021-10-05,PM,2021-10-11,AM,0.5
75,6.015_d0_gn,B,2021-10-02,AM,2021-10-07,AM,0.5
76,25.002_d0_ge,B,2021-10-05,PM,2021-10-11,AM,0.7
77,6.001_d0_gn,B,2021-10-02,AM,NA,NA,NA
78,6.009_d0_ge,B,2021-10-02,AM,2021-10-07,AM,0.4
79,13.002_d2_ge,B,2021-10-05,PM,2021-10-11,AM,0.5
80,25.003_d3_ge,B,2021-10-01,AM,2021-10-05,PM,0.4
81,13.007_d3_gn,B,2021-10-02,AM,2021-10-08,AM,0.9
82,25.014_d0_ge,B,2021-10-01,AM,2021-10-06,PM,0.4
83,13.015_d1_gn,B,2021-10-02,AM,2021-10-07,AM,0.7
84,3.006_d3_gn,B,2021-10-02,AM,2021-10-09,AM,0.6
85,15.015_d1_ge,B,2021-10-04,PM,2021-10-10,AM,1
86,3.011_d1_ge,B,2021-10-03,AM,2021-10-09,PM,0.5
87,15.007_d2_ge,B,2021-09-30,AM,2021-10-04,AM,0.6
88,25.004_d1_ge,B,2021-10-04,PM,2021-10-09,PM,0.6
89,13.015_d1_ge,B,2021-10-04,PM,2021-10-09,AM,0.6
90,15.006_d2_ge,B,2021-09-29,AM,2021-10-04,AM,1.7
91,13.007_d1_ge,A,2021-09-30,AM,2021-10-04,AM,0.8
92,6.005_d1_gn,B,2021-10-02,AM,2021-10-07,AM,0.2
93,6.003_d3_ge,U,2021-10-01,AM,2021-10-06,AM,0.6
94,25.010_d1_ge,B,2021-10-05,PM,2021-10-12,AM,0.7
95,25.010_d3_ge,B,2021-10-05,PM,2021-10-10,PM,0.2
96,25.009_d3_gn,B,2021-10-02,AM,2021-10-07,PM,0.5
97,13.008_d0_gn,B,2021-10-02,AM,2021-10-07,PM,0.7
98,6.003_d0_gn,B,2021-10-02,AM,2021-10-08,AM,0.7
99,13.011_d0_ge,B,2021-10-03,AM,2021-10-09,PM,0.7
100,15.010_d0_ge,B,2021-10-05,PM,2021-10-10,PM,0.2
101,25.005_d1_gn,U,2021-10-02,AM,2021-10-07,AM,0.5
102,6.015_d3_gn,B,2021-10-02,AM,2021-10-07,PM,0.6
103,3.003_d0_ge,B,2021-10-01,AM,2021-10-06,PM,0.2
104,3.013_d2_gn,B,2021-10-02,AM,2021-10-10,AM,0.7
105,3.012_d0_gn,B,2021-10-02,AM,2021-10-08,PM,0.2
106,13.006_d0_ge,B,2021-09-29,AM,2021-10-04,AM,2
107,25.015_d2_gn,B,2021-10-02,AM,2021-10-07,PM,0.5
108,13.002_d0_gn,B,2021-10-02,AM,2021-10-07,AM,0.7
109,15.004_d3_gn,B,2021-10-02,AM,2021-10-07,AM,0.3
110,3.005_d3_gn,B,2021-10-02,AM,2021-10-09,AM,0.6
111,3.004_d1_gn,B,2021-10-02,AM,2021-10-09,AM,0.5
112,15.012_d1_gn,B,2021-10-02,AM,2021-10-08,PM,0.7
113,6.014_d0_ge,B,2021-10-01,AM,2021-10-06,AM,0.3
114,13.007_d2_ge,B,2021-09-30,AM,2021-10-04,AM,0.3
115,15.006_d2_gn,B,2021-10-02,AM,2021-10-07,PM,0.6
116,6.003_d2_gn,B,2021-10-02,AM,2021-10-08,PM,0.4
117,6.013_d3_gn,B,2021-10-02,AM,2021-10-07,AM,0.5
118,25.015_d3_ge,B,2021-10-04,PM,2021-10-10,AM,0.6
119,13.011_d1_ge,B,2021-10-03,AM,2021-10-08,AM,0.4
120,25.004_d0_gn,B,2021-10-02,AM,2021-10-07,AM,0.5
121,3.010_d1_gn,B,2021-10-02,AM,2021-10-11,AM,0.3
122,6.006_d1_gn,B,2021-10-02,AM,2021-10-08,AM,0.5
123,15.015_d0_gn,B,2021-10-02,AM,2021-10-07,PM,0.2
124,3.015_d3_ge,B,2021-10-04,PM,2021-10-12,PM,0.1
125,15.012_d1_ge,B,2021-09-29,AM,2021-10-04,PM,1.1
126,6.001_d2_gn,B,2021-10-02,AM,2021-10-08,PM,0.6
127,6.011_d2_gn,B,2021-10-02,AM,2021-10-07,PM,0.6
128,15.007_d1_ge,B,2021-09-30,AM,2021-10-05,AM,0.7
129,3.001_d0_gn,B,2021-10-02,AM,2021-10-09,AM,0.2
130,3.009_d3_ge,B,2021-10-02,AM,2021-10-09,PM,0.2
131,13.005_d1_gn,B,2021-10-02,AM,2021-10-07,PM,1.1
132,6.009_d1_ge,B,2021-10-02,AM,2021-10-07,PM,1
133,6.012_d2_gn,B,2021-10-02,AM,2021-10-11,AM,0.6
134,15.014_d3_gn,B,2021-10-02,AM,2021-10-07,PM,1
135,3.014_d2_ge,B,2021-10-01,AM,2021-10-10,AM,0.1
136,13.001_d3_ge,B,2021-10-02,AM,2021-10-09,AM,0.8
137,15.010_d3_gn,B,2021-10-02,AM,2021-10-07,AM,0.3
138,6.008_d1_gn,B,2021-10-02,AM,2021-10-08,PM,0.4
139,15.001_d2_gn,B,2021-10-02,AM,2021-10-08,AM,1.3
140,6.015_d1_gn,B,2021-10-02,AM,2021-10-07,PM,0.6
141,3.008_d3_gn,B,2021-10-02,AM,2021-10-09,AM,0.5
142,25.003_d1_ge,B,2021-10-01,AM,2021-10-05,PM,0.4
143,3.009_d0_ge,B,2021-10-02,AM,2021-10-08,PM,0.2
144,25.001_d1_gn,B,2021-10-02,AM,2021-10-07,AM,0.3
145,3.013_d3_gn,B,2021-10-02,AM,NA,NA,NA
146,15.010_d2_ge,B,2021-10-05,PM,2021-10-09,PM,0.2
147,13.013_d3_gn,B,2021-10-02,AM,2021-10-08,AM,0.5
148,6.009_d2_ge,B,2021-10-02,AM,2021-10-06,PM,0.6
149,25.004_d2_gn,B,2021-10-02,AM,2021-10-06,AM,0.4
150,13.014_d0_ge,B,2021-10-01,AM,2021-10-07,AM,1.2
151,15.003_d3_ge,B,2021-10-01,AM,2021-10-06,PM,0.5
152,6.007_d1_gn,B,2021-10-02,AM,2021-10-07,PM,0.7
153,6.002_d2_ge,B,2021-10-05,PM,2021-10-12,Am,1.1
154,15.008_d1_ge,B,2021-10-03,AM,2021-10-08,AM,0.4
155,25.003_d2_gn,B,2021-10-02,AM,2021-10-08,PM,0.5
156,13.008_d1_gn,B,2021-10-02,AM,2021-10-07,PM,1.1
157,15.001_d0_gn,B,2021-10-02,AM,2021-10-08,AM,0.5
158,15.004_d0_ge,B,2021-10-04,PM,2021-10-09,PM,0.4
159,15.015_d2_gn,B,2021-10-02,AM,2021-10-08,AM,0.5
160,6.011_d1_gn,B,2021-10-02,AM,2021-10-07,PM,0.4
161,13.014_d2_gn,B,2021-10-02,AM,2021-10-08,AM,0.8
162,13.008_d2_gn,B,2021-10-02,AM,2021-10-07,PM,0.5
163,13.010_d2_gn,B,2021-10-02,AM,2021-10-08,AM,0.4
164,13.010_d0_ge,B,2021-10-05,PM,2021-10-10,PM,0.4
165,25.008_d3_ge,B,2021-10-03,AM,2021-10-08,AM,0.6
166,15.013_d0_ge,B,2021-09-30,AM,NA,NA,NA
167,13.011_d2_gn,B,2021-10-02,AM,2021-10-07,PM,0.6
168,6.010_d0_ge,B,2021-10-05,PM,2021-10-11,AM,0.6
169,13.001_d1_ge,B,2021-10-02,AM,2021-10-07,AM,0.5
170,15.007_d3_ge,B,2021-09-30,AM,2021-10-04,PM,0.3
171,15.012_d3_ge,B,2021-09-29,AM,2021-10-04,AM,0.6
172,15.002_d0_ge,B,2021-10-05,PM,2021-10-12,PM,0.2
173,13.014_d1_gn,B,2021-10-02,AM,2021-10-07,AM,0.6
174,6.012_d0_gn,B,2021-10-02,AM,2021-10-07,PM,0.5
175,15.010_d3_ge,B,2021-10-05,PM,2021-10-10,AM,0.6
176,3.003_d3_gn,B,2021-10-02,AM,NA,NA,NA
177,15.007_d1_gn,B,2021-10-02,AM,2021-10-08,AM,0.9
178,25.007_d3_ge,B,2021-09-30,AM,2021-10-04,AM,0.6
179,13.012_d3_gn,B,2021-10-02,AM,2021-10-08,AM,0.4
180,13.007_d2_gn,B,2021-10-02,AM,2021-10-08,AM,1.2
181,13.004_d0_ge,B,2021-10-04,PM,2021-10-09,PM,0.2
182,25.012_d1_gn,B,2021-10-02,AM,2021-10-06,AM,0.5
183,13.013_d3_ge,B,2021-09-30,AM,2021-10-05,AM,0.4
184,15.002_d3_ge,B,2021-10-05,PM,2021-10-10,PM,0.5
185,6.015_d1_ge,B,2021-10-04,PM,2021-10-09,AM,0.6
186,25.004_d2_ge,B,2021-10-04,PM,2021-10-09,AM,0.2
187,3.006_d0_gn,B,2021-10-02,AM,2021-10-13,PM,1.2
188,15.001_d0_ge,B,2021-10-02,AM,2021-10-07,PM,0.6
189,15.003_d2_gn,B,2021-10-02,AM,2021-10-06,AM,0.2
190,13.013_d2_gn,B,2021-10-02,AM,2021-10-07,AM,0.7
191,25.001_d3_ge,B,2021-10-02,AM,2021-10-07,PM,0.8
192,13.003_d2_ge,B,2021-10-01,AM,2021-10-07,AM,0.5
193,3.010_d2_gn,B,2021-10-02,AM,2021-10-08,PM,0.3
194,6.004_d0_gn,B,2021-10-02,AM,2021-10-08,PM,0.6
195,15.011_d2_gn,B,2021-10-02,AM,2021-10-07,PM,0.4
196,25.003_d1_gn,B,2021-10-02,AM,2021-10-06,PM,0.4
197,13.009_d1_gn,B,2021-10-02,AM,2021-10-07,PM,1
198,3.015_d1_gn,B,2021-10-02,AM,2021-10-08,PM,0.3
199,13.014_d0_gn,B,2021-10-02,AM,2021-10-08,AM,0.4
200,25.007_d0_gn,B,2021-10-02,AM,2021-10-07,AM,0.5
201,13.001_d1_gn,B,2021-10-02,AM,2021-10-07,AM,0.6
202,6.006_d3_ge,B,2021-09-29,AM,2021-10-04,AM,1.7
203,13.009_d3_gn,B,2021-10-02,AM,2021-10-07,PM,1.3
204,15.009_d2_gn,B,2021-10-02,AM,2021-10-08,PM,0.3
205,13.002_d0_ge,B,2021-10-05,PM,2021-10-11,AM,0.7
206,15.015_d0_ge,B,2021-10-04,PM,2021-10-13,AM,0.6
207,6.009_d1_gn,B,2021-10-02,AM,2021-10-07,PM,1
208,13.002_d2_gn,B,2021-10-02,AM,2021-10-07,PM,0.6
209,13.006_d0_gn,B,2021-10-02,AM,2021-10-07,AM,0.7
210,25.014_d2_ge,B,2021-10-01,AM,2021-10-06,AM,0.8
211,15.001_d2_ge,B,2021-10-02,AM,2021-10-07,AM,0.5
212,6.010_d2_gn,B,2021-10-02,AM,2021-10-07,AM,0.3
213,25.002_d3_gn,B,2021-10-02,AM,2021-10-06,PM,0.3
214,3.001_d1_ge,B,2021-10-02,AM,2021-10-09,AM,0.2
215,15.001_d1_ge,U,2021-10-02,AM,2021-10-07,AM,0.8
216,15.006_d1_ge,B,2021-09-29,AM,2021-10-04,AM,1.4
217,6.014_d3_ge,B,2021-10-01,AM,2021-10-06,AM,0.9
218,6.002_d0_gn,B,2021-10-02,AM,2021-10-07,AM,0.3
219,3.013_d2_ge,B,2021-09-30,AM,2021-10-06,PM,0.4
220,13.010_d1_gn,B,2021-10-02,AM,2021-10-08,PM,0.5
221,13.009_d2_gn,B,2021-10-02,AM,2021-10-06,AM,0.3
222,13.008_d3_gn,B,2021-10-02,AM,2021-10-07,PM,1
223,13.004_d3_ge,B,2021-10-04,PM,2021-10-08,PM,0.2
224,13.009_d0_gn,B,2021-10-02,AM,2021-10-08,AM,1.2
225,25.008_d0_gn,B,2021-10-02,AM,2021-10-06,AM,0.2
226,25.011_d3_ge,B,2021-10-03,AM,2021-10-07,PM,0.8
227,25.012_d3_ge,B,2021-09-29,AM,2021-10-05,AM,2.1
228,15.014_d1_ge,B,2021-10-01,AM,2021-10-05,PM,0.4
229,6.012_d1_gn,B,2021-10-02,AM,2021-10-07,PM,0.9
230,15.005_d1_gn,B,2021-10-02,AM,2021-10-07,PM,0.3
231,6.006_d2_ge,B,2021-09-29,AM,2021-10-04,AM,0.5
232,25.004_d0_ge,B,2021-10-04,PM,2021-10-08,PM,0.4
233,3.007_d1_ge,B,2021-09-30,AM,2021-10-08,AM,0.6
234,6.015_d0_ge,B,2021-10-04,PM,2021-10-10,AM,0.8
235,13.012_d1_gn,B,2021-10-02,AM,2021-10-07,PM,1
236,13.011_d3_ge,B,2021-10-03,AM,2021-10-09,AM,0.5
237,6.014_d0_gn,B,2021-10-02,AM,2021-10-07,AM,0.8
238,13.006_d3_ge,B,2021-09-29,AM,2021-10-04,AM,1.6
239,3.012_d2_ge,B,2021-09-29,AM,2021-10-04,AM,1
240,25.015_d1_gn,B,2021-10-02,AM,2021-10-06,PM,0.3
241,6.009_d3_ge,B,2021-10-02,AM,2021-10-07,PM,1.4
242,3.006_d2_ge,B,2021-09-29,AM,2021-10-04,PM,0.4
243,25.013_d3_ge,B,2021-09-30,AM,2021-10-05,PM,0.5
244,25.010_d3_gn,B,2021-10-02,AM,2021-10-06,PM,0.3
245,25.013_d2_gn,B,2021-10-02,AM,2021-10-07,PM,0.7
246,3.008_d2_ge,B,2021-10-03,AM,2021-10-08,PM,0.2
247,3.011_d2_ge,B,2021-10-03,AM,2021-10-09,AM,0.2
248,3.014_d1_gn,B,2021-10-02,AM,2021-10-09,PM,0.4
249,6.010_d1_gn,B,2021-10-02,AM,2021-10-07,PM,0.6
250,15.005_d0_ge,B,2021-10-02,AM,2021-10-08,AM,0.4
251,25.005_d0_gn,B,2021-10-02,AM,2021-10-08,AM,0.4
252,3.009_d3_gn,B,2021-10-02,AM,2021-10-07,PM,0.3
253,13.006_d2_gn,B,2021-10-02,AM,2021-10-08,AM,0.8
254,6.004_d0_ge,B,2021-10-04,PM,2021-10-10,AM,1
255,6.005_d2_ge,B,2021-10-02,AM,2021-10-11,AM,0.1
256,13.015_d0_gn,U,2021-10-02,AM,2021-10-07,PM,0.3
257,25.006_d2_gn,B,2021-10-02,AM,2021-10-06,AM,0.2
258,15.015_d3_ge,B,2021-10-04,PM,2021-10-09,PM,0.1
259,25.002_d3_ge,B,2021-10-05,PM,2021-10-10,AM,1
260,13.001_d0_ge,B,2021-10-02,AM,2021-10-10,AM,0.5
261,15.014_d0_ge,B,2021-10-01,AM,2021-10-06,PM,1.1
262,25.006_d0_ge,B,2021-09-29,AM,2021-10-04,AM,1.3
263,25.008_d0_ge,B,2021-10-03,AM,2021-10-07,PM,0.7
264,15.012_d2_gn,B,2021-10-02,AM,2021-10-07,PM,0.8
265,6.003_d1_gn,B,2021-10-02,AM,2021-10-08,AM,0.9
266,15.013_d1_gn,B,2021-10-02,AM,2021-10-07,PM,0.5
267,25.006_d3_ge,B,2021-09-29,AM,2021-10-04,AM,2
268,6.002_d3_ge,B,2021-10-05,PM,NA,NA,NA
269,13.015_d3_ge,B,2021-10-04,PM,2021-10-09,PM,0.2
270,3.005_d0_gn,B,2021-10-02,AM,2021-10-09,AM,0.4
271,6.005_d2_gn,B,2021-10-02,AM,2021-10-08,AM,0.8
272,15.012_d0_ge,B,2021-09-29,AM,NA,NA,NA
273,6.006_d0_gn,B,2021-10-02,AM,2021-10-07,AM,0.6
274,15.008_d0_gn,B,2021-10-02,AM,2021-10-07,PM,0.6
275,15.001_d3_gn,B,2021-10-02,AM,2021-10-07,PM,0.8
276,13.013_d1_ge,B,2021-09-30,AM,2021-10-08,AM,0.5
277,3.008_d0_gn,B,2021-10-02,AM,2021-10-08,AM,0.4
278,25.014_d3_gn,B,2021-10-02,AM,2021-10-06,AM,0.6
279,13.008_d0_ge,B,2021-10-03,AM,2021-10-11,PM,0.9
280,3.005_d2_gn,B,2021-10-02,AM,2021-10-10,AM,0.6
281,25.013_d0_gn,B,2021-10-02,AM,2021-10-06,AM,0.5
282,3.008_d0_ge,B,2021-10-03,AM,2021-10-10,PM,0.5
283,25.014_d1_ge,B,2021-10-01,AM,2021-10-06,PM,0.7
284,6.014_d2_ge,B,2021-10-01,AM,2021-10-06,PM,0.1
285,3.011_d0_ge,B,2021-10-03,AM,2021-10-10,AM,0.1
286,6.003_d0_ge,B,2021-10-01,AM,2021-10-07,AM,0.6
287,3.012_d3_gn,B,2021-10-02,AM,2021-10-08,PM,0.4
288,13.005_d3_ge,B,2021-10-02,AM,2021-10-08,AM,0.7
289,25.009_d1_ge,B,2021-10-02,AM,2021-10-07,PM,0.9
290,3.006_d0_ge,B,2021-09-29,AM,2021-10-06,AM,0.7
291,13.015_d2_gn,B,2021-10-02,AM,2021-10-07,PM,0.6
292,13.008_d1_ge,B,2021-10-03,AM,2021-10-09,PM,0.5
293,3.008_d1_ge,B,2021-10-03,AM,2021-10-08,AM,0.6
294,6.006_d1_ge,B,2021-09-29,AM,2021-10-08,AM,1.1
295,3.015_d0_ge,B,2021-10-04,PM,2021-10-11,PM,0.2
296,15.001_d1_gn,B,2021-10-02,AM,2021-10-07,PM,0.5
297,6.005_d3_gn,B,2021-10-02,AM,2021-10-08,AM,0.7
298,6.012_d2_ge,B,2021-09-29,AM,2021-10-05,PM,0.2
299,3.004_d0_gn,B,2021-10-02,AM,2021-10-09,AM,0.4
300,3.002_d2_ge,B,2021-10-05,PM,2021-10-10,PM,0.3
301,15.003_d2_ge,U,2021-10-01,AM,2021-10-06,PM,0.3
302,15.013_d2_ge,B,2021-09-30,AM,2021-10-04,AM,0.4
303,25.011_d0_ge,B,2021-10-03,AM,2021-10-07,PM,0.3
304,3.010_d3_gn,B,2021-10-02,AM,2021-10-08,AM,0.5
305,3.009_d2_ge,B,2021-10-02,AM,2021-10-08,PM,0.5
306,3.010_d2_ge,B,2021-10-05,PM,2021-10-14,AM,0.3
307,3.007_d0_gn,B,2021-10-02,AM,2021-10-09,PM,0.3
308,25.012_d0_ge,B,2021-09-29,AM,2021-10-04,AM,1.2
309,6.009_d3_gn,B,2021-10-02,AM,2021-10-08,AM,0.9
310,13.003_d3_ge,B,2021-10-01,AM,2021-10-06,AM,0.2
311,13.014_d3_ge,B,2021-10-01,AM,2021-10-06,AM,1
312,25.001_d2_gn,B,2021-10-02,AM,2021-10-06,PM,0.2
313,13.012_d1_ge,B,2021-09-29,AM,2021-10-04,PM,0.4
314,13.014_d1_ge,B,2021-10-01,AM,2021-10-05,PM,0.3
315,15.011_d0_gn,B,2021-10-02,AM,2021-10-08,AM,0.5
316,3.004_d0_ge,B,2021-10-04,PM,2021-10-11,AM,0.4
317,13.014_d3_gn,B,2021-10-02,AM,2021-10-07,AM,0.5
318,25.013_d1_ge,B,2021-09-30,AM,2021-10-04,AM,0.9
319,15.008_d2_ge,B,2021-10-03,AM,2021-10-09,AM,0.6
320,25.011_d2_ge,B,2021-10-03,AM,2021-10-08,PM,0.3
321,13.012_d0_ge,B,2021-09-29,AM,2021-10-04,AM,1.5
322,25.001_d1_ge,B,2021-10-02,AM,2021-10-07,PM,0.2
323,13.004_d3_gn,B,2021-10-02,AM,2021-10-06,PM,0.3
324,13.001_d2_gn,B,2021-10-02,AM,2021-10-07,AM,1
325,15.012_d0_gn,B,2021-10-02,AM,2021-10-07,AM,0.3
326,3.015_d0_gn,B,2021-10-02,AM,2021-10-08,PM,0.3
327,3.013_d1_ge,B,2021-09-30,AM,2021-10-05,PM,1.8
328,6.002_d3_gn,B,2021-10-02,AM,2021-10-07,AM,0.9
329,3.014_d3_gn,B,2021-10-02,AM,2021-10-08,AM,0.5
330,3.010_d0_gn,B,2021-10-02,AM,NA,NA,NA
331,15.008_d1_gn,B,2021-10-02,AM,2021-10-08,AM,0.3
332,25.008_d2_gn,B,2021-10-02,AM,2021-10-06,AM,0.6
333,13.009_d2_ge,B,2021-10-02,AM,2021-10-07,PM,0.7
334,6.015_d2_ge,B,2021-10-04,PM,2021-10-09,AM,0.4
335,13.010_d2_ge,B,2021-10-05,PM,2021-10-11,PM,0.8
336,6.002_d0_ge,B,2021-10-05,PM,2021-10-09,PM,0.2
337,15.007_d2_gn,B,2021-10-02,AM,2021-10-07,PM,0.5
338,13.007_d0_gn,B,2021-10-02,AM,2021-10-09,PM,0.5
339,3.002_d1_ge,B,2021-10-05,PM,2021-10-12,PM,0.1
340,25.006_d1_gn,B,2021-10-02,AM,2021-10-07,AM,0.3
341,15.010_d1_ge,B,2021-10-05,PM,2021-10-10,PM,0.2
342,15.013_d1_ge,B,2021-09-30,AM,2021-10-04,PM,0.4
343,3.009_d1_gn,B,2021-10-02,AM,2021-10-08,AM,0.1
344,6.012_d3_gn,B,2021-10-02,AM,NA,NA,NA
345,3.004_d3_gn,B,2021-10-02,AM,2021-10-07,PM,0.5
346,3.003_d1_ge,B,2021-10-01,AM,2021-10-07,PM,0.6
347,25.012_d0_gn,B,2021-10-02,AM,2021-10-07,PM,0.9
348,25.010_d1_gn,B,2021-10-02,AM,2021-10-07,PM,1.2
349,6.005_d0_ge,B,2021-10-02,AM,2021-10-08,AM,0.3
350,25.012_d3_gn,B,2021-10-02,AM,2021-10-07,AM,0.7
351,25.015_d0_gn,B,2021-10-02,AM,2021-10-06,PM,0.5
352,15.009_d0_gn,B,2021-10-02,AM,2021-10-07,AM,0.6
353,25.003_d0_gn,B,2021-10-02,AM,2021-10-07,AM,0.5
354,15.002_d1_ge,B,2021-10-05,PM,2021-10-12,AM,0.6
355,3.015_d1_ge,B,2021-10-04,PM,2021-10-11,AM,0.6
356,3.008_d3_ge,B,2021-10-03,AM,2021-10-10,AM,0.9
357,15.004_d2_ge,B,2021-10-04,PM,2021-10-10,AM,0.4
358,6.008_d2_gn,B,2021-10-02,AM,2021-10-08,AM,0.1
359,3.013_d3_ge,B,2021-09-30,AM,2021-10-08,AM,1.5
360,15.005_d3_ge,B,2021-10-02,AM,2021-10-07,AM,0.8
361,3.004_d2_ge,B,2021-10-04,PM,NA,NA,NA
362,6.011_d3_gn,B,2021-10-02,AM,2021-10-07,PM,0.7
363,13.002_d1_ge,B,2021-10-05,PM,2021-10-10,AM,0.4
364,6.014_d2_gn,B,2021-10-02,AM,2021-10-08,PM,0.3
365,15.013_d0_gn,B,2021-10-02,AM,2021-10-07,PM,0.9
366,25.008_d3_gn,B,2021-10-02,AM,2021-10-08,AM,1.8
367,25.001_d0_ge,B,2021-10-02,AM,2021-10-06,PM,0.2
368,15.011_d3_gn,B,2021-10-02,AM,2021-10-08,PM,0.3
369,3.009_d1_ge,B,2021-10-02,AM,2021-10-08,PM,0.3
370,15.009_d1_ge,B,2021-10-02,AM,2021-10-08,AM,0.6
371,3.011_d2_gn,B,2021-10-02,AM,2021-10-09,AM,0.6
372,15.002_d2_gn,B,2021-10-02,AM,2021-10-07,PM,0.9
373,6.001_d3_gn,B,2021-10-02,AM,2021-10-08,AM,0.9
374,25.005_d2_gn,B,2021-10-02,AM,2021-10-07,AM,0.5
375,3.013_d1_gn,B,2021-10-02,AM,2021-10-08,AM,0.4
376,15.014_d2_ge,B,2021-10-01,AM,2021-10-06,AM,0.4
377,3.002_d3_ge,B,2021-10-05,PM,2021-10-13,AM,0.4
378,3.001_d2_gn,B,2021-10-02,AM,2021-10-08,AM,0.7
379,15.004_d0_gn,B,2021-10-02,AM,2021-10-07,PM,0.2
380,13.015_d3_gn,B,2021-10-02,AM,2021-10-08,AM,1
381,6.011_d1_ge,B,2021-10-03,AM,2021-10-09,AM,0.5
382,3.014_d0_gn,B,2021-10-02,AM,2021-10-07,PM,0.5
383,13.011_d2_ge,B,2021-10-03,AM,2021-10-08,PM,0.6
384,25.011_d1_ge,B,2021-10-03,AM,2021-10-07,PM,0.2
385,13.013_d0_gn,B,2021-10-02,AM,2021-10-07,AM,0.3
386,6.006_d0_ge,B,2021-09-29,AM,2021-10-04,AM,1.6
387,25.009_d2_ge,B,2021-10-02,AM,2021-10-07,PM,0.2
388,6.001_d3_ge,B,2021-10-02,AM,NA,NA,NA
389,15.008_d3_ge,B,2021-10-03,AM,2021-10-07,PM,0.2
390,3.004_d2_gn,B,2021-10-02,AM,2021-10-08,AM,0.1
391,13.004_d2_gn,B,2021-10-02,AM,2021-10-07,PM,0.4
392,25.001_d2_ge,B,2021-10-02,AM,2021-10-08,AM,1
393,15.014_d2_gn,B,2021-10-02,AM,2021-10-08,AM,0.6
394,25.004_d3_ge,B,2021-10-04,PM,2021-10-09,PM,0.5
395,25.003_d0_ge,B,2021-10-01,AM,2021-10-06,AM,1
396,13.007_d0_ge,B,2021-09-30,AM,2021-10-05,PM,0.3
397,6.011_d3_ge,B,2021-10-03,AM,NA,NA,NA
398,25.008_d1_ge,B,2021-10-03,AM,2021-10-08,PM,0.3
399,6.008_d2_ge,B,2021-10-03,AM,2021-10-10,PM,1.1
400,3.006_d3_ge,B,2021-09-29,AM,2021-10-06,PM,0.9
401,15.011_d1_ge,B,2021-10-03,AM,2021-10-08,AM,0.5
402,3.008_d2_gn,B,2021-10-02,AM,2021-10-07,PM,0.4
403,6.013_d0_gn,B,2021-10-02,AM,2021-10-07,AM,0.6
404,3.005_d1_gn,B,2021-10-02,AM,2021-10-08,PM,0.4
405,13.015_d0_ge,B,2021-10-04,PM,2021-10-10,AM,0.9
406,15.005_d3_gn,B,2021-10-02,AM,2021-10-07,AM,1
407,25.009_d0_gn,B,2021-10-02,AM,2021-10-06,PM,0.5
408,3.003_d3_ge,B,2021-10-01,AM,2021-10-06,PM,0.5
409,13.004_d1_gn,B,2021-10-02,AM,2021-10-07,PM,1.7
410,13.005_d2_ge,B,2021-10-02,AM,2021-10-07,PM,0.7
411,13.013_d2_ge,B,2021-09-30,AM,2021-10-05,AM,1
412,15.013_d2_gn,B,2021-10-02,AM,2021-10-09,AM,0.3
413,6.006_d3_gn,B,2021-10-02,AM,2021-10-07,PM,0.4
414,13.010_d0_gn,B,2021-10-02,AM,2021-10-07,PM,1.6
415,6.015_d2_gn,B,2021-10-02,AM,2021-10-09,PM,0.1
416,13.005_d3_gn,B,2021-10-02,AM,2021-10-07,PM,0.4
417,25.004_d1_gn,B,2021-10-02,AM,2021-10-06,PM,0.2
418,6.007_d0_gn,B,2021-10-02,AM,2021-10-07,PM,0.8
419,6.010_d0_gn,B,2021-10-02,AM,2021-10-11,AM,0.3
420,25.012_d2_ge,B,2021-09-29,AM,2021-10-04,AM,1.7
421,6.014_d1_gn,B,2021-10-02,AM,2021-10-08,AM,0.7
422,3.003_d1_gn,B,2021-10-02,AM,2021-10-09,AM,0.4
423,6.013_d1_gn,B,2021-10-02,AM,2021-10-09,AM,0.6
424,25.006_d0_gn,B,2021-10-02,AM,2021-10-10,PM,0.3
425,15.007_d0_gn,B,2021-10-02,AM,2021-10-08,AM,0.3
426,13.008_d3_ge,B,2021-10-03,AM,2021-10-08,AM,0.2
427,6.014_d3_gn,B,2021-10-02,AM,2021-10-10,AM,0.4
428,15.003_d0_gn,B,2021-10-02,AM,2021-10-09,AM,0.6
429,15.004_d2_gn,B,2021-10-02,AM,2021-10-07,PM,0.1
430,13.013_d0_ge,B,2021-09-30,AM,2021-10-07,PM,1
431,15.011_d2_ge,B,2021-10-03,AM,2021-10-09,PM,0.5
432,15.005_d2_ge,B,2021-10-02,AM,2021-10-07,AM,0.2
433,25.009_d0_ge,B,2021-10-02,AM,2021-10-06,PM,0.5
434,6.011_d0_ge,B,2021-10-03,AM,2021-10-07,PM,0.2
435,3.003_d2_gn,B,2021-10-02,AM,2021-10-10,PM,0.1
436,13.004_d1_ge,B,2021-10-04,PM,2021-10-08,PM,0.2
437,13.012_d2_ge,B,2021-09-29,AM,2021-10-04,AM,1.1
438,6.004_d1_ge,B,2021-10-04,PM,2021-10-09,AM,0.6
439,13.005_d0_ge,B,2021-10-02,AM,2021-10-07,PM,0.8
440,3.007_d2_ge,B,2021-09-30,AM,2021-10-05,PM,0.6
441,6.010_d3_gn,B,2021-10-02,AM,2021-10-07,AM,0.4
442,3.010_d0_ge,B,2021-10-05,PM,2021-10-11,AM,0.7
443,13.007_d1_gn,B,2021-10-02,AM,2021-10-07,AM,1.1
444,25.009_d2_gn,U,2021-10-02,AM,2021-10-06,AM,0.4
445,15.009_d0_ge,B,2021-10-02,AM,2021-10-07,PM,0.5
446,13.003_d0_gn,B,2021-10-02,AM,2021-10-08,AM,1.1
447,25.007_d1_ge,B,2021-09-30,AM,2021-10-04,AM,0.5
448,6.012_d0_ge,B,2021-09-29,AM,2021-10-04,AM,1.3
449,25.005_d2_ge,B,2021-10-02,AM,2021-10-06,PM,0.6
450,15.014_d3_ge,B,2021-10-01,AM,2021-10-06,AM,0.7
451,3.010_d1_ge,B,2021-10-05,PM,2021-10-11,AM,0.6
452,25.015_d0_ge,B,2021-10-04,PM,2021-10-09,PM,0.4
453,6.012_d3_ge,B,2021-09-29,AM,2021-10-04,PM,0.8
454,13.003_d3_gn,B,2021-10-02,AM,2021-10-07,PM,1
455,15.009_d2_ge,B,2021-10-02,AM,2021-10-09,AM,0.3
456,15.006_d3_ge,U,2021-09-29,AM,2021-10-06,PM,0.2
457,25.011_d3_gn,B,2021-10-02,AM,2021-10-06,PM,0.1
458,25.003_d2_ge,B,2021-10-01,AM,2021-10-05,PM,1.1
459,6.008_d0_gn,B,2021-10-02,AM,2021-10-08,AM,0.5
460,13.007_d3_ge,B,2021-09-30,AM,2021-10-04,PM,0.6
461,15.011_d1_gn,B,2021-10-02,AM,2021-10-08,AM,0.8
462,25.001_d0_gn,B,2021-10-02,AM,2021-10-07,AM,0.6
463,15.006_d0_gn,B,2021-10-02,AM,2021-10-07,AM,0.4
464,15.010_d0_gn,B,2021-10-02,AM,2021-10-07,PM,0.5
465,3.001_d3_gn,B,2021-10-02,AM,2021-10-08,AM,0.5
466,13.002_d1_gn,B,2021-10-02,AM,2021-10-07,AM,0.8
467,3.007_d3_ge,B,2021-09-30,AM,2021-10-06,PM,0.4
468,15.008_d3_gn,B,2021-10-02,AM,2021-10-09,PM,0.2
469,25.010_d2_gn,B,2021-10-02,AM,2021-10-07,AM,0.8
470,6.012_d1_ge,B,2021-09-29,AM,2021-10-04,AM,0.8
471,3.003_d0_gn,U,2021-10-02,AM,2021-10-08,AM,0.1
472,6.003_d2_ge,B,2021-10-01,AM,2021-10-06,AM,0.7
473,25.015_d2_ge,B,2021-10-04,PM,2021-10-08,PM,0.2
474,13.015_d2_ge,B,2021-10-04,PM,2021-10-09,PM,0.5
475,6.009_d2_gn,B,2021-10-02,AM,2021-10-07,PM,0.7
476,25.010_d2_ge,B,2021-10-05,PM,2021-10-10,AM,0.7
477,15.008_d2_gn,B,2021-10-02,AM,2021-10-07,PM,0.7
478,6.007_d3_ge,B,2021-09-30,AM,2021-10-06,AM,1.2
479,25.015_d1_ge,B,2021-10-04,PM,2021-10-09,PM,1.6
480,6.013_d1_ge,B,2021-09-30,AM,2021-10-04,PM,1
481,25.005_d3_gn,B,2021-10-02,AM,2021-10-05,PM,1.9
482,6.014_d1_ge,B,2021-10-01,AM,2021-10-06,PM,0.5
483,3.012_d1_ge,B,2021-09-29,AM,2021-10-04,AM,1
484,6.005_d3_ge,B,2021-10-02,AM,2021-10-08,AM,1.5
485,3.013_d0_gn,B,2021-10-02,AM,2021-10-09,AM,0.2
486,25.002_d1_gn,B,2021-10-02,AM,2021-10-07,AM,0.7
487,3.015_d3_gn,B,2021-10-02,AM,2021-10-08,AM,0.5
488,6.013_d0_ge,B,2021-09-30,AM,2021-10-05,AM,1.1
489,15.008_d0_ge,B,2021-10-03,AM,2021-10-09,AM,0.8
490,3.002_d0_ge,B,2021-10-05,PM,2021-10-11,AM,0.9
491,13.011_d0_gn,B,2021-10-02,AM,2021-10-07,PM,0.7
492,3.015_d2_gn,B,2021-10-02,AM,2021-10-09,AM,0.9
493,25.007_d1_gn,B,2021-10-02,AM,2021-10-06,AM,0.3
494,3.009_d0_gn,B,2021-10-02,AM,2021-10-10,AM,0.8
495,13.012_d3_ge,B,2021-09-29,AM,2021-10-04,AM,1.1
496,15.001_d3_ge,B,2021-10-02,AM,2021-10-06,PM,0.4
497,25.008_d2_ge,B,2021-10-03,AM,2021-10-07,PM,0.6
498,3.001_d0_ge,B,2021-10-02,AM,2021-10-07,PM,0.6
499,3.012_d2_gn,B,2021-10-02,AM,2021-10-08,AM,0.3
500,13.002_d3_gn,B,2021-10-02,AM,2021-10-06,AM,0.3
501,3.013_d0_ge,B,2021-09-30,AM,2021-10-06,AM,1
502,6.004_d3_gn,B,2021-10-02,AM,2021-10-07,PM,1
503,25.015_d3_gn,B,2021-10-02,AM,2021-10-07,PM,1.5
504,6.011_d2_ge,B,2021-10-03,AM,2021-10-07,PM,0.7
505,15.012_d2_ge,B,2021-09-29,AM,2021-10-04,AM,1.5
506,3.007_d1_gn,B,2021-10-02,AM,2021-10-08,AM,1
507,15.011_d0_ge,B,2021-10-03,AM,2021-10-08,PM,0.5
508,13.012_d2_gn,U,2021-10-02,AM,2021-10-06,PM,0.3
509,3.002_d0_gn,B,2021-10-02,AM,2021-10-07,PM,0.2
510,25.005_d1_ge,B,2021-10-02,AM,2021-10-07,PM,0.5
511,3.014_d0_ge,B,2021-10-01,AM,2021-10-07,AM,0.5
512,25.011_d2_gn,B,2021-10-02,AM,NA,NA,NA
513,6.001_d2_ge,B,2021-10-02,AM,2021-10-07,PM,0.9
514,13.003_d1_ge,B,2021-10-01,AM,NA,NA,NA
515,6.013_d3_ge,B,2021-09-30,AM,2021-10-07,PM,0.5
516,15.010_d2_gn,B,2021-10-02,AM,2021-10-07,PM,0.7
517,25.005_d3_ge,B,2021-10-02,AM,2021-10-06,PM,0.5
518,13.001_d0_gn,B,2021-10-02,AM,2021-10-08,AM,0.6
519,13.006_d1_gn,B,2021-10-02,AM,2021-10-07,PM,1.5
520,25.007_d0_ge,B,2021-09-30,AM,2021-10-04,PM,0.9
521,13.013_d1_gn,B,2021-10-02,AM,2021-10-06,PM,0.5
522,15.009_d3_gn,B,2021-10-02,AM,2021-10-07,PM,0.7
523,15.004_d3_ge,B,2021-10-04,PM,2021-10-08,PM,0.6
524,25.001_d3_gn,B,2021-10-02,AM,2021-10-08,PM,0.6
525,3.002_d3_gn,B,2021-10-02,AM,2021-10-08,PM,0.3
526,3.006_d2_gn,B,2021-10-02,AM,2021-10-08,PM,0.5
527,6.011_d0_gn,B,2021-10-02,AM,2021-10-07,PM,0.6
528,6.004_d1_gn,B,2021-10-02,AM,2021-10-07,PM,0.6
529,15.011_d3_ge,B,2021-10-03,AM,2021-10-08,AM,0.7
530,6.010_d2_ge,B,2021-10-05,PM,2021-10-10,PM,0.4
531,15.014_d1_gn,B,2021-10-02,AM,2021-10-07,PM,0.1
532,3.006_d1_gn,B,2021-10-02,AM,2021-10-10,PM,0.6
533,6.008_d3_ge,B,2021-10-03,AM,2021-10-08,PM,1.1
534,6.008_d3_gn,B,2021-10-02,AM,2021-10-07,PM,0.6
535,15.004_d1_ge,B,2021-10-04,PM,2021-10-10,PM,0.6
536,3.004_d3_ge,B,2021-10-04,PM,2021-10-07,PM,0.2
537,3.012_d1_gn,B,2021-10-02,AM,2021-10-09,AM,0.5
538,13.005_d2_gn,B,2021-10-02,AM,2021-10-07,PM,1.5
539,25.013_d1_gn,B,2021-10-02,AM,2021-10-08,AM,0.1
540,13.003_d2_gn,B,2021-10-02,AM,2021-10-07,PM,1.7
541,6.006_d2_gn,B,2021-10-02,AM,2021-10-07,AM,0.6
542,15.015_d3_gn,B,2021-10-02,AM,2021-10-07,AM,1
543,15.007_d0_ge,B,2021-09-30,AM,2021-10-05,PM,0.3
544,25.002_d1_ge,B,2021-10-05,PM,2021-10-10,AM,0.6
545,3.011_d3_gn,B,2021-10-02,AM,2021-10-09,AM,0.2
546,3.010_d3_ge,B,2021-10-05,PM,2021-10-10,AM,0.6
547,25.002_d2_ge,B,2021-10-05,PM,2021-10-10,AM,0.9
548,13.001_d3_gn,B,2021-10-02,AM,2021-10-07,AM,0.4
549,3.006_d1_ge,U,2021-09-29,AM,2021-10-04,AM,1.1
550,15.005_d2_gn,B,2021-10-02,AM,2021-10-07,PM,0.9
551,3.014_d1_ge,B,2021-10-01,AM,2021-10-06,PM,0.5
552,15.003_d1_ge,B,2021-10-01,AM,2021-10-06,AM,1.2
553,15.009_d1_gn,B,2021-10-02,AM,2021-10-08,AM,0.5
554,3.002_d1_gn,B,2021-10-02,AM,2021-10-08,AM,0.5
555,6.004_d2_gn,B,2021-10-02,AM,2021-10-07,AM,0.4
556,3.008_d1_gn,B,2021-10-02,AM,2021-10-08,AM,0.2
557,25.014_d1_gn,B,2021-10-02,AM,2021-10-07,AM,1.1
558,13.010_d3_gn,B,2021-10-02,AM,2021-10-08,AM,1.5
559,13.005_d0_gn,B,2021-10-02,AM,2021-10-06,AM,0.9
560,25.007_d3_gn,B,2021-10-02,AM,2021-10-06,PM,0.4
561,15.003_d1_gn,B,2021-10-02,AM,2021-10-07,PM,0.4
562,25.006_d2_ge,B,2021-09-29,AM,2021-10-04,AM,2.7
563,13.014_d2_ge,B,2021-10-01,AM,2021-10-06,AM,1
564,15.013_d3_gn,B,2021-10-02,AM,2021-10-07,PM,0.6
565,25.014_d3_ge,B,2021-10-01,AM,2021-10-05,PM,0.2
566,6.015_d3_ge,B,2021-10-04,PM,2021-10-14,AM,0.6
567,6.008_d1_ge,B,2021-10-03,AM,2021-10-07,PM,0.3
568,25.007_d2_ge,B,2021-09-30,AM,2021-10-04,AM,1.4
569,25.008_d1_gn,B,2021-10-02,AM,2021-10-07,PM,0.5
570,13.003_d0_ge,B,2021-10-01,AM,2021-10-05,PM,0.5
571,25.003_d3_gn,B,2021-10-02,AM,2021-10-07,PM,0.8
572,13.002_d3_ge,B,2021-10-05,PM,2021-10-10,PM,0.3
573,25.014_d0_gn,B,2021-10-02,AM,2021-10-06,AM,0.4
574,3.005_d2_ge,B,2021-10-02,AM,2021-10-07,AM,0.4
575,6.002_d1_gn,B,2021-10-02,AM,2021-10-08,AM,0.3
576,6.001_d1_ge,B,2021-10-02,AM,2021-10-08,AM,0.2
577,15.002_d0_gn,B,2021-10-02,AM,2021-10-07,PM,0.2
578,13.010_d1_ge,B,2021-10-05,PM,2021-10-11,AM,0.6
579,13.009_d0_ge,B,2021-10-02,AM,2021-10-08,AM,0.9
580,25.012_d2_gn,B,2021-10-02,AM,2021-10-07,AM,1
581,25.010_d0_ge,B,2021-10-05,PM,2021-10-10,AM,0.5
582,3.015_d2_ge,B,2021-10-04,PM,2021-10-09,AM,0.5
583,25.010_d0_gn,B,2021-10-02,AM,2021-10-07,AM,0.9
584,15.007_d3_gn,B,2021-10-02,AM,2021-10-08,PM,0.2
585,15.002_d1_gn,B,2021-10-02,AM,2021-10-08,AM,0.1
586,3.014_d2_gn,B,2021-10-02,AM,2021-10-09,AM,0.9
587,6.008_d0_ge,B,2021-10-03,AM,2021-10-08,PM,0.1
588,6.007_d2_gn,B,2021-10-02,AM,2021-10-08,AM,0.9
589,3.014_d3_ge,B,2021-10-01,AM,2021-10-09,AM,0.8
590,6.004_d2_ge,B,2021-10-04,PM,2021-10-09,AM,0.5
591,3.001_d1_gn,B,2021-10-02,AM,2021-10-09,AM,0.4
592,15.012_d3_gn,B,2021-10-02,AM,2021-10-08,AM,0.6
593,25.009_d1_gn,B,2021-10-02,AM,2021-10-07,AM,0.4
594,3.001_d2_ge,B,2021-10-02,AM,2021-10-07,PM,0.2
595,25.013_d2_ge,B,2021-09-30,AM,2021-10-04,PM,0.7
596,13.004_d0_gn,B,2021-10-02,AM,2021-10-07,AM,0.5
597,13.011_d1_gn,B,2021-10-02,AM,2021-10-08,PM,0.9
598,6.004_d3_ge,B,2021-10-04,PM,2021-10-09,AM,0.1
599,3.012_d3_ge,B,2021-09-29,AM,2021-10-04,PM,0.6
600,3.007_d0_ge,B,2021-09-30,AM,2021-10-05,AM,0.8