deecell,ID,date,drought,VWC1,VWC2,VWC3
88,25.004_d1_ge,2021-11.05,d1,0,0,0
249,6.010_d1_gn,2021-11.05,d1,0,0,0
276,13.013_d1_ge,2021-11.05,d1,0,0,0
89,13.015_d1_ge,2021-11.05,d1,0,0,0
173,13.014_d1_gn,2021-11.05,d1,0,0,0
154,15.008_d1_ge,2021-11.05,d1,0,0,0
289,25.009_d1_ge,2021-11.05,d1,0,0,0
447,25.007_d1_ge,2021-11.05,d1,0,0,0
552,15.003_d1_ge,2021-11.05,d1,0.8,0.8,0.8
296,15.001_d1_gn,2021-11.05,d1,0,0,0
346,3.003_d1_ge,2021-11.05,d1,0.9,0.9,0.8
597,13.011_d1_gn,2021-11.05,d1,0,0,0
461,15.011_d1_gn,2021-11.05,d1,0,0,0
215,15.001_d1_ge,2021-11.05,d1,0,0,0
551,3.014_d1_ge,2021-11.05,d1,0,0,0
509,3.002_d0_gn,2021-11.05,d1,4.1,4.1,4.1
279,13.008_d0_ge,2021-11.05,d1,1.8,1.8,1.8
231,6.006_d2_ge,2021-11.05,d1,4.6,4.6,4.7
120,25.004_d0_gn,2021-11.05,d1,3.4,3.4,3.4
291,13.015_d2_gn,2021-11.05,d1,5.1,5.1,5.1
3,13.011_d3_gn,2021-11.05,d1,0,0,0
460,13.007_d3_ge,2021-11.05,d1,4.9,5,5.1
189,15.003_d2_gn,2021-11.05,d1,4,4,4
524,25.001_d3_gn,2021-11.05,d1,5.5,5.3,5.1
163,13.010_d2_gn,2021-11.05,d1,4.5,4.5,4.5
463,15.006_d0_gn,2021-11.05,d1,2.1,2.4,2.3
332,25.008_d2_gn,2021-11.05,d1,3.6,3.6,3.7
110,3.005_d3_gn,2021-11.05,d1,0.7,0.7,0.7
63,25.004_d3_gn,2021-11.05,d1,4.8,4.7,4.8
454,13.003_d3_gn,2021-11.05,d1,4.9,4.9,4.9
499,3.012_d2_gn,2021-12-17,d2,0,0,0
79,13.002_d2_ge,2021-12-17,d2,1.2,0,1.2
115,15.006_d2_gn,2021-12-17,d2,0,0,0
107,25.015_d2_gn,2021-12-17,d2,0,0,0
477,15.008_d2_gn,2021-12-17,d2,0,0,0
49,3.003_d2_ge,2021-12-17,d2,5.3,4.8,2.9
52,15.015_d2_ge,2021-12-17,d2,5,2.8,3.2
392,25.001_d2_ge,2021-12-17,d2,3.3,3.1,1.6
374,25.005_d2_gn,2021-12-17,d2,0.9,1.5,0
41,6.013_d2_gn,2021-12-17,d2,0,0,0
420,25.012_d2_ge,2021-12-17,d2,1.5,1.3,1.4
432,15.005_d2_ge,2021-12-17,d2,0,0,0
161,13.014_d2_gn,2021-12-17,d2,0,0,0
547,25.002_d2_ge,2021-12-17,d2,0,0,0
34,13.008_d2_ge,2021-12-17,d2,1.7,0.8,0.9
197,13.009_d1_gn,2021-12-17,d2,9.3,8.3,9.9
483,3.012_d1_ge,2021-12-17,d2,8.4,8.1,7
53,3.005_d3_ge,2021-12-17,d2,10.1,10.7,10.8
9,25.011_d0_gn,2021-12-17,d2,10.9,9.7,10.2
260,13.001_d0_ge,2021-12-17,d2,12.4,11.3,11.6
129,3.001_d0_gn,2021-12-17,d2,10.1,9.5,8.9
259,25.002_d3_ge,2021-12-17,d2,11,12.4,12.8
68,25.005_d0_ge,2021-12-17,d2,11.1,11.2,9.9
98,6.003_d0_gn,2021-12-17,d2,8.2,7.1,7.6
233,3.007_d1_ge,2021-12-17,d2,7.3,7.4,7.3
47,15.010_d1_gn,2021-12-17,d2,10.8,10.6,10.2
46,15.015_d1_gn,2021-12-17,d2,10.2,9,10.5
386,6.006_d0_ge,2021-12-17,d2,8.2,7.6,9.5
229,6.012_d1_gn,2021-12-17,d2,12.3,13.1,12.8
1,3.005_d1_ge,2021-12-17,d2,8.4,7.8,7.6
565,25.014_d3_ge,,,,,
222,13.008_d3_gn,,,,,
259,25.002_d3_ge,,,,,
147,13.013_d3_gn,,,,,
238,13.006_d3_ge,,,,,
5,13.009_d3_ge,,,,,
536,3.004_d3_ge,,,,,
267,25.006_d3_ge,,,,,
175,15.010_d3_ge,,,,,
416,13.005_d3_gn,,,,,
151,15.003_d3_ge,,,,,
244,25.010_d3_gn,,,,,
359,3.013_d3_ge,,,,,
304,3.010_d3_gn,,,,,
366,25.008_d3_gn,,,,,
553,15.009_d1_gn,,,,,
431,15.011_d2_ge,,,,,
461,15.011_d1_gn,,,,,
105,3.012_d0_gn,,,,,
302,15.013_d2_ge,,,,,
181,13.004_d0_ge,,,,,
163,13.010_d2_gn,,,,,
587,6.008_d0_ge,,,,,
540,13.003_d2_gn,,,,,
593,25.009_d1_gn,,,,,
358,6.008_d2_gn,,,,,
597,13.011_d1_gn,,,,,
385,13.013_d0_gn,,,,,
153,6.002_d2_ge,,,,,
504,6.011_d2_ge,,,,,