cellID,repID,seedKept
1,3.005_d1_ge,A
2,13.003_d1_gn,B
3,13.011_d3_gn,A
4,15.005_d1_ge,A
5,13.009_d3_ge,A
6,15.006_d0_ge,B
7,15.006_d3_gn,A
8,15.006_d1_gn,B
9,25.011_d0_gn,B
10,15.003_d0_ge,B
11,15.009_d3_ge,A
12,25.009_d3_ge,A
13,25.006_d1_ge,B
14,6.002_d2_gn,A
15,6.005_d1_ge,A
16,6.001_d1_gn,A
17,25.006_d3_gn,B
18,13.005_d1_ge,B
19,6.005_d0_gn,B
20,3.001_d3_ge,B
21,13.001_d2_ge,B
22,3.009_d2_gn,A
23,25.013_d3_gn,A
24,25.013_d0_ge,B
25,13.006_d3_gn,B
26,15.003_d3_gn,B
27,6.003_d1_ge,A
28,6.007_d2_ge,A
29,3.007_d3_gn,A
30,15.002_d3_gn,A
31,6.009_d0_gn,A
32,13.009_d1_ge,A
33,6.010_d3_ge,B
34,13.008_d2_ge,B
35,6.010_d1_ge,B
36,6.003_d3_gn,B
37,3.011_d0_gn,A
38,15.004_d1_gn,A
39,3.002_d2_gn,A
40,3.011_d1_gn,A
41,6.013_d2_gn,B
42,15.014_d0_gn,A
43,3.004_d1_ge,A
44,13.006_d1_ge,B
45,3.007_d2_gn,A
46,15.015_d1_gn,A
47,15.010_d1_gn,A
48,3.012_d0_ge,B
49,3.003_d2_ge,B
50,6.001_d0_ge,B
51,3.005_d0_ge,B
52,15.015_d2_ge,B
53,3.005_d3_ge,B
54,25.002_d0_gn,B
55,15.002_d2_ge,A
56,13.012_d0_gn,A
57,15.013_d3_ge,B
58,13.006_d2_ge,A
59,25.011_d1_gn,A
60,6.013_d2_ge,B
61,25.007_d2_gn,A
62,6.007_d1_ge,B
63,25.004_d3_gn,A
64,6.007_d3_gn,A
65,3.011_d3_ge,A
66,25.014_d2_gn,B
67,25.012_d1_ge,A
68,25.005_d0_ge,B
69,15.005_d0_gn,B
70,25.002_d2_gn,A
71,13.004_d2_ge,B
72,6.007_d0_ge,A
73,6.002_d1_ge,B
74,13.010_d3_ge,A
75,6.015_d0_gn,A
76,25.002_d0_ge,B
77,6.001_d0_gn,A
78,6.009_d0_ge,A
79,13.002_d2_ge,B
80,25.003_d3_ge,A
81,13.007_d3_gn,A
82,25.014_d0_ge,B
83,13.015_d1_gn,A
84,3.006_d3_gn,A
85,15.015_d1_ge,B
86,3.011_d1_ge,A
87,15.007_d2_ge,A
88,25.004_d1_ge,A
89,13.015_d1_ge,A
90,15.006_d2_ge,A
91,13.007_d1_ge,B
92,6.005_d1_gn,A
93,6.003_d3_ge,B
94,25.010_d1_ge,A
95,25.010_d3_ge,A
96,25.009_d3_gn,B
97,13.008_d0_gn,B
98,6.003_d0_gn,A
99,13.011_d0_ge,A
100,15.010_d0_ge,A
101,25.005_d1_gn,A
102,6.015_d3_gn,B
103,3.003_d0_ge,A
104,3.013_d2_gn,B
105,3.012_d0_gn,A
106,13.006_d0_ge,B
107,25.015_d2_gn,B
108,13.002_d0_gn,B
109,15.004_d3_gn,A
110,3.005_d3_gn,B
111,3.004_d1_gn,B
112,15.012_d1_gn,B
113,6.014_d0_ge,A
114,13.007_d2_ge,A
115,15.006_d2_gn,A
116,6.003_d2_gn,B
117,6.013_d3_gn,B
118,25.015_d3_ge,A
119,13.011_d1_ge,A
120,25.004_d0_gn,A
121,3.010_d1_gn,A
122,6.006_d1_gn,A
123,15.015_d0_gn,B
124,3.015_d3_ge,B
125,15.012_d1_ge,B
126,6.001_d2_gn,B
127,6.011_d2_gn,B
128,15.007_d1_ge,B
129,3.001_d0_gn,A
130,3.009_d3_ge,A
131,13.005_d1_gn,B
132,6.009_d1_ge,B
133,6.012_d2_gn,A
134,15.014_d3_gn,A
135,3.014_d2_ge,B
136,13.001_d3_ge,B
137,15.010_d3_gn,A
138,6.008_d1_gn,B
139,15.001_d2_gn,B
140,6.015_d1_gn,A
141,3.008_d3_gn,A
142,25.003_d1_ge,B
143,3.009_d0_ge,A
144,25.001_d1_gn,A
145,3.013_d3_gn,A
146,15.010_d2_ge,B
147,13.013_d3_gn,A
148,6.009_d2_ge,A
149,25.004_d2_gn,A
150,13.014_d0_ge,B
151,15.003_d3_ge,B
152,6.007_d1_gn,A
153,6.002_d2_ge,B
154,15.008_d1_ge,B
155,25.003_d2_gn,B
156,13.008_d1_gn,B
157,15.001_d0_gn,A
158,15.004_d0_ge,A
159,15.015_d2_gn,A
160,6.011_d1_gn,B
161,13.014_d2_gn,A
162,13.008_d2_gn,A
163,13.010_d2_gn,B
164,13.010_d0_ge,B
165,25.008_d3_ge,B
166,15.013_d0_ge,A
167,13.011_d2_gn,A
168,6.010_d0_ge,A
169,13.001_d1_ge,B
170,15.007_d3_ge,A
171,15.012_d3_ge,B
172,15.002_d0_ge,A
173,13.014_d1_gn,B
174,6.012_d0_gn,A
175,15.010_d3_ge,A
176,3.003_d3_gn,A
177,15.007_d1_gn,A
178,25.007_d3_ge,B
179,13.012_d3_gn,B
180,13.007_d2_gn,B
181,13.004_d0_ge,A
182,25.012_d1_gn,B
183,13.013_d3_ge,B
184,15.002_d3_ge,B
185,6.015_d1_ge,A
186,25.004_d2_ge,B
187,3.006_d0_gn,B
188,15.001_d0_ge,A
189,15.003_d2_gn,B
190,13.013_d2_gn,B
191,25.001_d3_ge,B
192,13.003_d2_ge,A
193,3.010_d2_gn,A
194,6.004_d0_gn,B
195,15.011_d2_gn,B
196,25.003_d1_gn,B
197,13.009_d1_gn,B
198,3.015_d1_gn,A
199,13.014_d0_gn,A
200,25.007_d0_gn,B
201,13.001_d1_gn,B
202,6.006_d3_ge,B
203,13.009_d3_gn,B
204,15.009_d2_gn,B
205,13.002_d0_ge,A
206,15.015_d0_ge,B
207,6.009_d1_gn,B
208,13.002_d2_gn,B
209,13.006_d0_gn,B
210,25.014_d2_ge,A
211,15.001_d2_ge,B
212,6.010_d2_gn,A
213,25.002_d3_gn,A
214,3.001_d1_ge,B
215,15.001_d1_ge,B
216,15.006_d1_ge,B
217,6.014_d3_ge,B
218,6.002_d0_gn,B
219,3.013_d2_ge,B
220,13.010_d1_gn,B
221,13.009_d2_gn,B
222,13.008_d3_gn,B
223,13.004_d3_ge,A
224,13.009_d0_gn,B
225,25.008_d0_gn,B
226,25.011_d3_ge,A
227,25.012_d3_ge,A
228,15.014_d1_ge,B
229,6.012_d1_gn,A
230,15.005_d1_gn,B
231,6.006_d2_ge,B
232,25.004_d0_ge,B
233,3.007_d1_ge,B
234,6.015_d0_ge,A
235,13.012_d1_gn,B
236,13.011_d3_ge,B
237,6.014_d0_gn,B
238,13.006_d3_ge,B
239,3.012_d2_ge,B
240,25.015_d1_gn,B
241,6.009_d3_ge,B
242,3.006_d2_ge,B
243,25.013_d3_ge,B
244,25.010_d3_gn,A
245,25.013_d2_gn,A
246,3.008_d2_ge,B
247,3.011_d2_ge,B
248,3.014_d1_gn,A
249,6.010_d1_gn,B
250,15.005_d0_ge,A
251,25.005_d0_gn,B
252,3.009_d3_gn,A
253,13.006_d2_gn,B
254,6.004_d0_ge,B
255,6.005_d2_ge,A
256,13.015_d0_gn,B
257,25.006_d2_gn,A
258,15.015_d3_ge,A
259,25.002_d3_ge,B
260,13.001_d0_ge,B
261,15.014_d0_ge,A
262,25.006_d0_ge,B
263,25.008_d0_ge,A
264,15.012_d2_gn,A
265,6.003_d1_gn,A
266,15.013_d1_gn,B
267,25.006_d3_ge,A
268,6.002_d3_ge,NA
269,13.015_d3_ge,A
270,3.005_d0_gn,A
271,6.005_d2_gn,B
272,15.012_d0_ge,B
273,6.006_d0_gn,A
274,15.008_d0_gn,B
275,15.001_d3_gn,A
276,13.013_d1_ge,A
277,3.008_d0_gn,B
278,25.014_d3_gn,A
279,13.008_d0_ge,A
280,3.005_d2_gn,B
281,25.013_d0_gn,A
282,3.008_d0_ge,B
283,25.014_d1_ge,B
284,6.014_d2_ge,A
285,3.011_d0_ge,A
286,6.003_d0_ge,B
287,3.012_d3_gn,B
288,13.005_d3_ge,A
289,25.009_d1_ge,B
290,3.006_d0_ge,B
291,13.015_d2_gn,A
292,13.008_d1_ge,B
293,3.008_d1_ge,B
294,6.006_d1_ge,B
295,3.015_d0_ge,B
296,15.001_d1_gn,B
297,6.005_d3_gn,A
298,6.012_d2_ge,B
299,3.004_d0_gn,B
300,3.002_d2_ge,B
301,15.003_d2_ge,B
302,15.013_d2_ge,A
303,25.011_d0_ge,B
304,3.010_d3_gn,A
305,3.009_d2_ge,A
306,3.010_d2_ge,A
307,3.007_d0_gn,A
308,25.012_d0_ge,B
309,6.009_d3_gn,A
310,13.003_d3_ge,B
311,13.014_d3_ge,A
312,25.001_d2_gn,B
313,13.012_d1_ge,B
314,13.014_d1_ge,B
315,15.011_d0_gn,B
316,3.004_d0_ge,A
317,13.014_d3_gn,A
318,25.013_d1_ge,A
319,15.008_d2_ge,B
320,25.011_d2_ge,A
321,13.012_d0_ge,B
322,25.001_d1_ge,A
323,13.004_d3_gn,B
324,13.001_d2_gn,A
325,15.012_d0_gn,B
326,3.015_d0_gn,B
327,3.013_d1_ge,B
328,6.002_d3_gn,A
329,3.014_d3_gn,A
330,3.010_d0_gn,A
331,15.008_d1_gn,B
332,25.008_d2_gn,A
333,13.009_d2_ge,A
334,6.015_d2_ge,B
335,13.010_d2_ge,A
336,6.002_d0_ge,A
337,15.007_d2_gn,A
338,13.007_d0_gn,A
339,3.002_d1_ge,A
340,25.006_d1_gn,B
341,15.010_d1_ge,A
342,15.013_d1_ge,B
343,3.009_d1_gn,A
344,6.012_d3_gn,A
345,3.004_d3_gn,A
346,3.003_d1_ge,A
347,25.012_d0_gn,A
348,25.010_d1_gn,A
349,6.005_d0_ge,B
350,25.012_d3_gn,A
351,25.015_d0_gn,B
352,15.009_d0_gn,B
353,25.003_d0_gn,B
354,15.002_d1_ge,A
355,3.015_d1_ge,B
356,3.008_d3_ge,B
357,15.004_d2_ge,A
358,6.008_d2_gn,A
359,3.013_d3_ge,A
360,15.005_d3_ge,B
361,3.004_d2_ge,A
362,6.011_d3_gn,A
363,13.002_d1_ge,A
364,6.014_d2_gn,A
365,15.013_d0_gn,A
366,25.008_d3_gn,B
367,25.001_d0_ge,B
368,15.011_d3_gn,B
369,3.009_d1_ge,B
370,15.009_d1_ge,A
371,3.011_d2_gn,B
372,15.002_d2_gn,B
373,6.001_d3_gn,A
374,25.005_d2_gn,B
375,3.013_d1_gn,A
376,15.014_d2_ge,A
377,3.002_d3_ge,B
378,3.001_d2_gn,B
379,15.004_d0_gn,A
380,13.015_d3_gn,A
381,6.011_d1_ge,B
382,3.014_d0_gn,B
383,13.011_d2_ge,B
384,25.011_d1_ge,B
385,13.013_d0_gn,A
386,6.006_d0_ge,B
387,25.009_d2_ge,B
388,6.001_d3_ge,A
389,15.008_d3_ge,B
390,3.004_d2_gn,A
391,13.004_d2_gn,B
392,25.001_d2_ge,A
393,15.014_d2_gn,A
394,25.004_d3_ge,B
395,25.003_d0_ge,B
396,13.007_d0_ge,B
397,6.011_d3_ge,A
398,25.008_d1_ge,B
399,6.008_d2_ge,B
400,3.006_d3_ge,A
401,15.011_d1_ge,B
402,3.008_d2_gn,B
403,6.013_d0_gn,B
404,3.005_d1_gn,B
405,13.015_d0_ge,A
406,15.005_d3_gn,A
407,25.009_d0_gn,A
408,3.003_d3_ge,B
409,13.004_d1_gn,A
410,13.005_d2_ge,A
411,13.013_d2_ge,A
412,15.013_d2_gn,A
413,6.006_d3_gn,B
414,13.010_d0_gn,A
415,6.015_d2_gn,A
416,13.005_d3_gn,A
417,25.004_d1_gn,A
418,6.007_d0_gn,B
419,6.010_d0_gn,A
420,25.012_d2_ge,A
421,6.014_d1_gn,A
422,3.003_d1_gn,B
423,6.013_d1_gn,A
424,25.006_d0_gn,A
425,15.007_d0_gn,A
426,13.008_d3_ge,B
427,6.014_d3_gn,A
428,15.003_d0_gn,A
429,15.004_d2_gn,B
430,13.013_d0_ge,A
431,15.011_d2_ge,B
432,15.005_d2_ge,A
433,25.009_d0_ge,A
434,6.011_d0_ge,B
435,3.003_d2_gn,B
436,13.004_d1_ge,A
437,13.012_d2_ge,B
438,6.004_d1_ge,A
439,13.005_d0_ge,B
440,3.007_d2_ge,A
441,6.010_d3_gn,A
442,3.010_d0_ge,A
443,13.007_d1_gn,B
444,25.009_d2_gn,B
445,15.009_d0_ge,A
446,13.003_d0_gn,B
447,25.007_d1_ge,A
448,6.012_d0_ge,B
449,25.005_d2_ge,B
450,15.014_d3_ge,B
451,3.010_d1_ge,A
452,25.015_d0_ge,A
453,6.012_d3_ge,A
454,13.003_d3_gn,B
455,15.009_d2_ge,A
456,15.006_d3_ge,B
457,25.011_d3_gn,B
458,25.003_d2_ge,A
459,6.008_d0_gn,A
460,13.007_d3_ge,B
461,15.011_d1_gn,B
462,25.001_d0_gn,A
463,15.006_d0_gn,B
464,15.010_d0_gn,A
465,3.001_d3_gn,A
466,13.002_d1_gn,B
467,3.007_d3_ge,B
468,15.008_d3_gn,B
469,25.010_d2_gn,B
470,6.012_d1_ge,B
471,3.003_d0_gn,A
472,6.003_d2_ge,B
473,25.015_d2_ge,B
474,13.015_d2_ge,A
475,6.009_d2_gn,A
476,25.010_d2_ge,B
477,15.008_d2_gn,A
478,6.007_d3_ge,A
479,25.015_d1_ge,A
480,6.013_d1_ge,A
481,25.005_d3_gn,B
482,6.014_d1_ge,B
483,3.012_d1_ge,A
484,6.005_d3_ge,A
485,3.013_d0_gn,A
486,25.002_d1_gn,A
487,3.015_d3_gn,A
488,6.013_d0_ge,B
489,15.008_d0_ge,B
490,3.002_d0_ge,B
491,13.011_d0_gn,A
492,3.015_d2_gn,B
493,25.007_d1_gn,A
494,3.009_d0_gn,A
495,13.012_d3_ge,B
496,15.001_d3_ge,A
497,25.008_d2_ge,A
498,3.001_d0_ge,A
499,3.012_d2_gn,B
500,13.002_d3_gn,A
501,3.013_d0_ge,A
502,6.004_d3_gn,A
503,25.015_d3_gn,B
504,6.011_d2_ge,B
505,15.012_d2_ge,B
506,3.007_d1_gn,B
507,15.011_d0_ge,B
508,13.012_d2_gn,A
509,3.002_d0_gn,B
510,25.005_d1_ge,B
511,3.014_d0_ge,A
512,25.011_d2_gn,A
513,6.001_d2_ge,B
514,13.003_d1_ge,A
515,6.013_d3_ge,A
516,15.010_d2_gn,A
517,25.005_d3_ge,A
518,13.001_d0_gn,B
519,13.006_d1_gn,B
520,25.007_d0_ge,A
521,13.013_d1_gn,B
522,15.009_d3_gn,B
523,15.004_d3_ge,A
524,25.001_d3_gn,B
525,3.002_d3_gn,B
526,3.006_d2_gn,B
527,6.011_d0_gn,B
528,6.004_d1_gn,A
529,15.011_d3_ge,A
530,6.010_d2_ge,B
531,15.014_d1_gn,A
532,3.006_d1_gn,A
533,6.008_d3_ge,A
534,6.008_d3_gn,A
535,15.004_d1_ge,B
536,3.004_d3_ge,A
537,3.012_d1_gn,A
538,13.005_d2_gn,A
539,25.013_d1_gn,B
540,13.003_d2_gn,B
541,6.006_d2_gn,B
542,15.015_d3_gn,A
543,15.007_d0_ge,B
544,25.002_d1_ge,B
545,3.011_d3_gn,A
546,3.010_d3_ge,A
547,25.002_d2_ge,A
548,13.001_d3_gn,B
549,3.006_d1_ge,A
550,15.005_d2_gn,A
551,3.014_d1_ge,A
552,15.003_d1_ge,B
553,15.009_d1_gn,B
554,3.002_d1_gn,B
555,6.004_d2_gn,B
556,3.008_d1_gn,B
557,25.014_d1_gn,A
558,13.010_d3_gn,A
559,13.005_d0_gn,A
560,25.007_d3_gn,B
561,15.003_d1_gn,B
562,25.006_d2_ge,A
563,13.014_d2_ge,A
564,15.013_d3_gn,A
565,25.014_d3_ge,A
566,6.015_d3_ge,A
567,6.008_d1_ge,A
568,25.007_d2_ge,A
569,25.008_d1_gn,A
570,13.003_d0_ge,B
571,25.003_d3_gn,A
572,13.002_d3_ge,B
573,25.014_d0_gn,A
574,3.005_d2_ge,B
575,6.002_d1_gn,B
576,6.001_d1_ge,A
577,15.002_d0_gn,B
578,13.010_d1_ge,B
579,13.009_d0_ge,B
580,25.012_d2_gn,A
581,25.010_d0_ge,B
582,3.015_d2_ge,B
583,25.010_d0_gn,B
584,15.007_d3_gn,A
585,15.002_d1_gn,B
586,3.014_d2_gn,B
587,6.008_d0_ge,B
588,6.007_d2_gn,B
589,3.014_d3_ge,B
590,6.004_d2_ge,B
591,3.001_d1_gn,A
592,15.012_d3_gn,A
593,25.009_d1_gn,B
594,3.001_d2_ge,B
595,25.013_d2_ge,A
596,13.004_d0_gn,A
597,13.011_d1_gn,A
598,6.004_d3_ge,B
599,3.012_d3_ge,B
600,3.007_d0_ge,A