"","cellID","repID","2021-11-05","2021-11-12","2021-11-19","2021-11-26","2021-12-03","2021-12-10","2021-12-17","2021-12-30","2022-01-14","2022-01-21","2022-01-28","2022-02-04","2022-02-11","2022-02-18","2022-03-04","2022-03-11","2022-04-08","2022-04-15","2022-04-22"
"1",14,"6.002_d2_gn",6,6.6,8.8,10.2,11.3,11.5,10.8,11.2,21.7,26.8,28.1,29.2,37.5,48.9,56.3,55.5,54.9,54.8,0
"2",15,"6.005_d1_ge",5.3,5.6,8.5,13.2,14.4,13.9,13.4,16.5,17.1,22.5,26.3,29.6,32.4,41.5,47.3,45.8,42.8,41.9,42.5
"3",16,"6.001_d1_gn",5,5.7,7.5,11,11.4,11.1,10.5,13.4,16.8,19.1,19.2,21.1,25.8,36,40.6,38.7,44.6,39.2,42.5
"4",19,"6.005_d0_gn",6.8,8,9.4,12.6,12.9,12.2,12,14.6,20.4,22.5,24.1,24.7,30,41.2,48,49,44,46,28.2
"5",27,"6.003_d1_ge",5,7,9.9,12.6,14,13.5,11.3,18,19.1,24.1,26.1,29.4,34.3,44.7,49.6,47.4,45.3,45.2,42.5
"6",28,"6.007_d2_ge",6,9.1,11.6,12.3,13.8,13.6,9.8,13,24.6,28.5,29.2,30,37,48.2,54.9,51.8,50.3,41.5,53.5
"7",31,"6.009_d0_gn",5.6,7.4,7.5,8.1,10,8.7,9.2,122,16.7,15.4,17,19.9,20.7,39.2,43.3,43,37.6,42.9,25.1
"8",33,"6.010_d3_ge",5.6,7.8,8.9,14,14.6,13.8,13.8,13.2,19,22.5,26.4,27.7,31.1,40.5,44.4,47.2,45.9,45.4,40.8
"9",35,"6.010_d1_ge",6.9,7.3,7.3,9.4,9.8,9,11.2,14.5,16.9,17,19.9,26.4,26.9,36.3,44.5,38.3,28.4,38.2,28.3
"10",36,"6.003_d3_gn",5.7,5.9,8.6,11.3,12.6,10.5,10.4,15,19,21.5,23.3,24.9,29.1,42.1,46.1,42.5,39.6,38.8,36.7
"11",41,"6.013_d2_gn",6,5.5,8.3,10.6,11.2,11.6,109,9.4,17.9,20.7,22.1,26.5,33,46.5,51.5,51.5,44.8,41.1,30.3
"12",50,"6.001_d0_ge",6.9,7.9,9.2,10.1,10.2,9.7,11.2,13.6,16,16.9,18.5,22.1,28.7,38.1,38.4,38,38.3,38.6,25.2
"13",60,"6.013_d2_ge",4.6,5.5,NA,9.6,11.4,6.5,11.8,13.5,17.5,24,24.9,28.1,31.8,34.6,36.2,37.5,16.3,21.8,20.4
"14",62,"6.007_d1_ge",6.1,8.5,10.2,13.9,15.1,14.8,14,14.2,20,23,27.2,28.9,32,43.9,46.8,46.9,46.5,47.7,39.2
"15",64,"6.007_d3_gn",5.7,7.1,8.6,12.4,14.4,13.7,13.6,13.8,18.1,22,27,28.2,33.9,43,52.6,51.4,0,0,0
"16",72,"6.007_d0_ge",5.1,5.9,NA,7.5,12.3,15,14.5,17.5,20.6,20.7,24.6,24,21.5,24.5,44.5,34.4,34,34.3,33.6
"17",73,"6.002_d1_ge",4.6,8.5,10.7,14.6,18.1,17.5,17.2,17.4,18.7,21,22.4,21.9,29,39.6,50.2,50.1,28,29.4,27.7
"18",75,"6.015_d0_gn",6.1,7.2,8.7,9.9,11,10.9,10.6,11.9,20.7,24.1,25.7,24.9,31.2,41.2,46.4,48.2,41,41.7,40.7
"19",77,"6.001_d0_gn",7,10.3,11.1,14.6,14.5,14.4,13.8,14.2,21.8,25.9,27.9,30.7,37.1,47.3,50.2,48.2,36.5,44.1,35.6
"20",78,"6.009_d0_ge",6.2,6.4,10.5,13.1,15.6,15.4,14.6,14.4,18,22.6,24.4,26.2,36.7,46.2,49.5,51.4,50,46.3,33.3
"21",92,"6.005_d1_gn",5.4,6.4,7.5,10.2,13.1,13.5,12,19.5,18.5,21.1,21.4,18.4,23,28.4,30.1,29.4,7.2,9.6,0
"22",93,"6.003_d3_ge",5.5,6.6,8.5,12.8,19.4,19,18.5,17,20.8,23.5,23.3,23.9,30.1,42.1,47.8,44.9,39.6,29.9,30.3
"23",98,"6.003_d0_gn",6.8,9.9,11.8,13.6,14.1,14.4,14,14,20.9,23.2,25.8,31.6,32.5,42.8,49.4,48,41.5,43.5,36.1
"24",102,"6.015_d3_gn",6,6.3,8.5,12.4,15.2,14.5,14.6,13.6,20.6,20.2,24,24.9,30.2,43,47.4,48.1,43.5,40.1,39.1
"25",113,"6.014_d0_ge",6.7,7,10.2,12.5,16.4,17.1,12.4,15.5,19.9,26.2,28.9,28.2,31.9,44.1,57.3,55.4,47.2,36,30
"26",116,"6.003_d2_gn",5.7,6.6,8.2,10.8,10.6,9.2,9.2,9.1,19.1,23.5,24.2,27.4,33.9,42.3,43.7,47.2,41,36.8,29
"27",117,"6.013_d3_gn",5.8,6.9,8.7,11.5,15.2,15.6,15,14.7,20.6,22.4,27.3,32.4,37.1,47.8,55.3,51.4,49.4,38.5,36.7
"28",122,"6.006_d1_gn",5.2,6.8,9.9,12.7,16.8,16.4,16,15.1,20.1,20.9,21.7,23.6,30.1,40.6,46.8,48.2,23.3,28.4,30.2
"29",126,"6.001_d2_gn",7.1,8.5,9,11.5,11.7,9,11.6,8,17.7,21.6,26.5,29.8,35.4,47.4,52.8,49.5,48.2,45.7,42.9
"30",127,"6.011_d2_gn",7.5,7.8,9.6,11.1,12,12,12,10.5,17.1,20.8,24.9,29.1,36.6,47.5,54.3,53,42.1,35.9,34.5
"31",132,"6.009_d1_ge",6.5,7.6,11,14,15.5,15.5,15.2,15,18.9,22.9,25.1,27.3,36.2,49.1,56.2,55.2,53.1,45.4,34.5
"32",133,"6.012_d2_gn",14.4,14,14.2,13.2,13.1,8,9,9.7,17.3,24.5,27.2,27.8,35.6,48.5,57.4,53.1,51.3,40.1,26.2
"33",138,"6.008_d1_gn",4.6,4.5,9.7,13.8,16.2,17,16.3,13.6,20.5,21.6,22.1,23.7,28.2,43.1,54.5,50.5,47.4,44,29.5
"34",140,"6.015_d1_gn",17,16.7,17.1,16.9,16.3,16,15.8,13.1,18.9,20.4,23,23.7,33,44,46.7,48.7,42.5,35.5,34.1
"35",148,"6.009_d2_ge",10.1,11.9,12.1,15,15.2,12.5,15,14.5,21.2,26.3,29,29.1,37,48,55.4,55.5,53.9,37.2,38.2
"36",152,"6.007_d1_gn",4.1,5.4,8.8,12,13.9,14.2,12.8,12.4,18.7,21.5,22.4,24.2,32.6,47.2,53.2,51.9,47.3,29.5,32.2
"37",153,"6.002_d2_ge",4.8,6.4,9,14,14.4,14.6,13.9,14,19.1,24.9,27.9,27.2,34.1,44.1,50.7,49.5,48.1,47.1,32.5
"38",160,"6.011_d1_gn",12.9,12.4,12,14.3,14.8,14.2,13.2,14.2,17.8,20.5,25.2,28.4,34.6,46,49.8,52.4,33.2,32.1,29.1
"39",168,"6.010_d0_ge",6.7,9,10.8,18,21.8,21.1,21,20.2,23,26.1,25.9,25.6,33,45.4,52.9,50.9,51.6,50.9,31.4
"40",174,"6.012_d0_gn",24.2,24.1,24.4,24.3,24.1,23.7,23.2,22.5,21.4,25.5,28.5,28.5,37.2,52,58.9,58.6,51.8,48.9,33.4
"41",185,"6.015_d1_ge",10.6,12.2,12.9,17.9,17.9,17.9,17.1,17.2,19.6,24.6,27.9,29,39.5,47.9,50.4,49.4,35,33,33
"42",194,"6.004_d0_gn",7.5,6.8,10.6,15.6,21.2,20.3,20.1,18.6,20.5,25.6,28,32.5,39.6,51.5,54.4,55.4,42.9,42.9,35.4
"43",202,"6.006_d3_ge",3.9,5.7,7.1,12.1,14.2,14.5,14.9,14.7,20.6,21.2,22.7,23.5,31.2,42.1,42.2,42.9,50.7,46.4,47.5
"44",207,"6.009_d1_gn",4.9,8.4,8.2,10.1,10.7,11,9.2,13.6,16.9,24.1,27.2,32.5,37.1,43.5,44.5,46.1,48.2,47.7,47.8
"45",212,"6.010_d2_gn",4.2,5.5,6.1,8.7,7.4,10.1,8.1,9.9,18.2,23.7,25.2,28.1,35.7,44.5,54.2,50.9,49.9,50.4,47.8
"46",217,"6.014_d3_ge",5.6,6,7.7,9.5,10,10.2,11.6,14.2,23.4,24.3,26.7,30.8,37.9,46.6,53,51.2,52.3,48.7,42.4
"47",218,"6.002_d0_gn",11.7,12,11.7,12,11.5,11.7,12.1,16,19.7,24.2,29.3,33.2,38.7,50.1,53.2,50,50.8,45.7,44.6
"48",229,"6.012_d1_gn",13.6,14,12,11.9,11.8,11.8,11.6,15.9,19.8,23.9,23.7,27.9,34.9,46.1,54.8,49,47.2,45.6,46.8
"49",231,"6.006_d2_ge",7.2,7.5,11.8,14.9,15,8.8,14.6,13.9,21.7,23.1,26.7,27.1,34.6,47.4,51.1,46.2,48.6,54.2,52.9
"50",234,"6.015_d0_ge",6.4,6.5,8.9,13.2,12.6,11.3,10.9,14.2,20.9,23.2,24.6,26.1,31.7,31.9,32.8,33.7,33.4,31.1,32.7
"51",237,"6.014_d0_gn",4.9,5.2,6.9,9.8,10.8,10.2,10.5,14.5,19.4,22.6,23.9,30.5,38.4,47.4,52.3,49.9,52.1,46.6,45.2
"52",241,"6.009_d3_ge",8,9.2,10.9,13.1,13.2,12.3,11.5,13,17.5,21.1,20.7,22.2,29.3,41.5,51.4,51.8,41.7,46.1,46.1
"53",249,"6.010_d1_gn",5.1,6.7,9.6,12.7,13.1,12.2,12.1,14.3,17.6,18.7,22.1,20.5,24.6,36.1,37.5,41.6,38.1,39.2,34.2
"54",254,"6.004_d0_ge",4.4,6,7.7,11.3,12.3,11.5,11.6,12.1,21.7,24,26.6,26.4,31.5,41.9,44.7,44.9,30.1,44.9,37.7
"55",255,"6.005_d2_ge",5.7,7.5,8.2,9.1,11.3,11.2,11.4,12.9,24.3,29.1,28.8,28.1,38.2,49.2,57.4,50.1,34.8,33.8,34
"56",265,"6.003_d1_gn",15.3,15.5,15.4,15.2,14.9,14.9,14.9,14.8,19.7,23.1,23.7,27.5,30.9,46.1,55.5,50.5,48.6,48.5,48.5
"57",268,"6.002_d3_ge",0,0,0,0,0,0,0,0,0,0,0,0,0,0,0,0,0,0,0
"58",271,"6.005_d2_gn",5.4,6,7.7,12.1,12.3,12.9,12.1,11.7,17.7,22.8,27.1,28.6,32.8,42.6,50.2,49.1,39,39.7,38.2
"59",273,"6.006_d0_gn",7.1,7,8.8,12.5,11.2,10.9,11.8,13,16.4,20.5,23.5,28,37.7,45.6,51.1,49,42.3,18.5,17.8
"60",284,"6.014_d2_ge",6.5,6.5,9.8,13.8,13.4,12.6,9.8,11,22,29,31.2,30.9,38.5,49.5,51.7,51.2,49.1,51.2,51.4
"61",286,"6.003_d0_ge",3.7,5.1,6.8,11.6,13.3,13.8,13.8,14.6,17.6,20.9,22.8,23,31.7,44.1,45.6,47.6,47.7,35.8,35
"62",294,"6.006_d1_ge",3.9,7.9,10.7,15.5,18.5,18.3,17.7,17,23.4,29.3,31.7,32,38.7,44.9,54.7,52.4,51.7,47.2,29.6
"63",297,"6.005_d3_gn",5.6,6,9.4,13.3,14.9,14.1,14.6,16.2,24.3,27.4,27.5,29.4,36.4,49,55.5,53.9,50.2,35,34.2
"64",298,"6.012_d2_ge",6.5,9,12.2,13.1,12.4,12.3,13.9,12.3,21.7,27.1,29.2,29.9,40,52.5,56.9,54.7,47.3,47.1,46.9
"65",309,"6.009_d3_gn",7.1,7.6,9.7,13.9,14.6,13.7,11.9,12.3,19.7,24.5,26.8,27.1,32.2,47.1,48.2,56.1,49.8,46,45.7
"66",328,"6.002_d3_gn",7.7,9.4,10.4,11.9,12.7,11.8,12.1,15.9,18.3,21.4,242,27.2,35.2,50.8,53.1,55.6,49.2,52.7,32.6
"67",334,"6.015_d2_ge",6.9,7.2,8.4,13.9,15.4,15.5,15.5,15,21.8,26,30.6,32.8,43.3,55.8,61.4,61.4,51.5,37.6,36.2
"68",336,"6.002_d0_ge",7.2,8.5,9.9,14.5,15.4,15.9,15.7,15.1,20.6,25,24.9,24.7,39.7,44.8,41.4,50.4,43.1,42.7,36.9
"69",344,"6.012_d3_gn",18.2,18.1,18.2,18.1,18.2,17.7,17.7,17,18.2,23.7,28.6,30.7,41.3,53.4,58.3,67.1,57.4,58.4,35.5
"70",349,"6.005_d0_ge",7,7,8.1,14.5,19.9,19.4,19.3,18.5,21.7,26.3,29.8,30,36.1,47.3,56.2,56.2,46.4,48.7,46
"71",358,"6.008_d2_gn",6.6,8.2,11.1,13.8,13.6,13.4,13.6,12.9,19.7,27.5,30.5,32,39.1,50.4,53.5,54.7,50.3,47,30.2
"72",362,"6.011_d3_gn",14.5,14,14.3,13.7,13.5,13.2,12.8,15.9,19.8,24,27.8,30.1,40.8,53.1,58.6,57.4,54.5,57.6,27.2
"73",364,"6.014_d2_gn",6.2,8.2,12.3,16.7,16.7,16.6,16.5,16.5,23.5,30.7,35.1,39.2,44.7,54.5,56.9,55.6,53.3,55.2,26.1
"74",373,"6.001_d3_gn",14.9,14.5,14.6,15.6,14.9,15.2,15.1,14.4,20,24.3,28.3,36,37.3,49,54,53.1,52.2,50.8,38.6
"75",381,"6.011_d1_ge",7,7.8,10.1,16.5,18.2,15.7,17.2,17,18.6,23,25,31.5,37.5,50,58.8,52.4,53,52.2,29.8
"76",386,"6.006_d0_ge",4.9,10.1,13.8,16.7,19.2,20.1,20.2,19.5,21.3,25.1,30.2,32.7,41.8,53.5,51.9,59.6,41.1,37.2,0
"77",388,"6.001_d3_ge",21,20.9,20.7,17,20.3,17,17,17.4,23.6,28,34.9,37.9,46.4,52.9,54.9,55.2,48.2,46.2,40.3
"78",397,"6.011_d3_ge",23.4,23.2,23,23,23.2,14.9,14.2,20.2,31.4,33.9,37.6,33.5,41.8,53.2,60.5,55.8,56.2,37.3,35.6
"79",399,"6.008_d2_ge",7.6,9.9,11.9,17.6,18,18.2,18.4,18,26.7,35.2,36.3,36.1,43.9,57.5,60.7,58.6,42.7,43.4,42.1
"80",403,"6.013_d0_gn",20.8,20.2,18.7,18.6,19.2,18.6,17.6,13.1,15.1,17.3,17,19.1,25,36,46.2,38.4,39.5,38.5,36.9
"81",413,"6.006_d3_gn",5.1,8.5,9.2,10.6,10.5,10,10,14,17.5,19.2,19.1,18.9,25.6,35.8,41.6,43.3,45.9,37,35.9
"82",415,"6.015_d2_gn",6.8,7.5,8.5,10.8,10.8,7.5,10.8,8.9,15.9,24,24.3,30.6,38.2,50.1,52.2,50.2,47.5,50.3,30.5
"83",418,"6.007_d0_gn",6.8,8.4,8.2,8.8,10,9.2,9.4,13.1,13,17,18.5,17.8,27,37.8,49.6,35,0,0,0
"84",419,"6.010_d0_gn",4.8,7.7,8.4,11.5,11.4,11.4,9.8,13.1,17.2,23.6,27.4,29,30.4,43.2,42.4,38.6,43.5,43.8,44.1
"85",421,"6.014_d1_gn",6.9,8.5,9.6,13.3,13.1,13.2,12.6,16,19,27,30.8,31.1,36.1,47.4,52.7,53,50.1,49.5,37.5
"86",423,"6.013_d1_gn",14.1,14.2,14.4,14.2,14,14,13.3,15.5,18.9,22.5,22.4,22.7,32.4,43,43.1,43,40,41.4,38.6
"87",427,"6.014_d3_gn",6.1,10.2,10.4,11.6,11.5,11.6,10.8,12.9,20.9,28.5,33,34.4,37.4,47.4,50.1,49.1,44.9,46.2,44.6
"88",434,"6.011_d0_ge",6.9,9.6,9,8.6,10.2,9.9,10.4,13,17,22.8,26.9,28.7,31.8,42.3,44.2,44.5,39.4,39,39.3
"89",438,"6.004_d1_ge",6.9,8.7,8.3,8.6,8.5,7.9,9.6,3.3,16,20.8,21,25.2,29.6,33.5,35.4,36.4,40.3,38.9,38.1
"90",441,"6.010_d3_gn",5.9,6.3,8.2,11.9,11.5,10.8,12,14.9,16.5,21.7,24.2,27,32.7,42.9,47.5,46.3,44.2,31.1,30.3
"91",448,"6.012_d0_ge",5.1,6.4,8.1,11.7,11.4,11.7,11.3,13,15.9,18,18.5,19.6,30.2,45.6,48.2,46,41.7,42.1,42.4
"92",453,"6.012_d3_ge",5.5,8,8.9,10.5,10.3,10.3,10.6,14.3,17.8,21.4,23.7,23.5,26.1,28.1,33.8,40.2,36.9,36.6,35.9
"93",459,"6.008_d0_gn",5.4,8,9,11.7,12.3,12.3,11.6,12,16,19.7,22.5,25.4,29.9,43.1,46.1,49.1,34.1,39.1,38.9
"94",470,"6.012_d1_ge",5,9.9,11.6,13,12,12.4,12.6,14.1,17.6,20.8,23.4,24.3,32.2,45,52.2,52.3,50.4,51.5,48
"95",472,"6.003_d2_ge",16.4,7.8,7.9,9,8.4,7.8,8.2,9.7,16.3,21.5,23,23.4,30.6,39.5,44.2,43.9,42.9,42.5,37.9
"96",475,"6.009_d2_gn",4.7,7.9,8.8,11.7,11.2,8.7,11.5,7.3,15,20.9,22.9,25.2,32.4,45.1,52.3,48.3,46.4,46,34.1
"97",478,"6.007_d3_ge",6.1,6.9,8.2,11.3,11.2,11.2,10.8,12,15.4,17.9,20.1,20.5,24.2,35.6,41.2,40.9,38.5,38,38.7
"98",480,"6.013_d1_ge",5.9,11.4,11.5,12.7,11.9,11.4,11.2,14.1,17.5,20.6,23.3,24,29.1,39.2,47,49.6,45.1,42.4,26
"99",482,"6.014_d1_ge",13.4,13.5,13.4,13.4,13.5,13.4,13.4,12.8,17.5,21.4,23.2,23.7,27.7,24.4,38.2,26.7,32.3,39.5,38.9
"100",484,"6.005_d3_ge",5.6,8.2,8.1,9.2,9.5,9,10.9,13.5,17,21.2,24.4,27.6,34.6,45.3,44.6,38.5,33.6,33.5,32
"101",488,"6.013_d0_ge",5.7,8.6,9.7,13.5,13.4,13.1,12.6,13.1,14.9,18.3,21,22.1,27.8,39.1,39.5,41.9,47.2,46.2,42.1
"102",502,"6.004_d3_gn",5.1,8.1,10.1,13.9,13.9,14,13.4,12.3,15.7,20.9,23,25.8,32.5,40.8,45.4,45.6,39.5,39.9,38.4
"103",504,"6.011_d2_ge",6.3,9.1,8.4,9.4,9.8,6.1,9,9,18.1,24,25.9,26.7,33.1,46.4,50.6,47.3,47.1,31,29.4
"104",513,"6.001_d2_ge",6.6,7.8,8.1,8.6,8.4,16.8,8,8.1,13.3,16.6,16.9,19.2,29.7,42.3,41.9,40.6,29.1,31.4,30.7
"105",515,"6.013_d3_ge",4.9,8.5,NA,13.9,17.1,6.6,18.6,18.3,15,23.1,27.9,29.3,33.8,41.6,45.6,42.1,35.3,33,27.9
"106",527,"6.011_d0_gn",6.6,7.6,9.6,12.8,12.4,12.3,12,13.6,18.8,24,26,28.3,35.1,47.6,50.9,50.6,38.9,44.5,37.2
"107",528,"6.004_d1_gn",10.8,10.8,10.4,10.8,9.9,10,9.9,12.3,17.4,21.9,22.3,22.7,27.2,29.1,30.7,27.4,29.9,29,24.6
"108",530,"6.010_d2_ge",5.5,7.4,8,10.2,10.4,10,10.8,9.4,17.5,21.9,25.2,27.7,34.5,43.5,48.2,50.8,51.9,33.6,32
"109",533,"6.008_d3_ge",9.3,9,9.1,9.8,10.5,9.5,9,11.9,17.1,20.6,22.4,21.2,28,40.4,41.6,38.5,39.5,34,33
"110",534,"6.008_d3_gn",5.5,7.9,9.3,12.6,14.6,11.6,12.9,12.2,18.2,25.1,27.9,27,32.7,45.9,50.8,50.3,47.5,37.5,32.6
"111",541,"6.006_d2_gn",5.6,8.9,11,13.5,13.3,10.9,12.8,10,12.5,17,22.5,26.7,33.6,43.1,50.5,50,45.2,34.7,27
"112",555,"6.004_d2_gn",15.5,15.3,15.2,14.8,15,8.7,4.9,10,22.3,25,28.5,33,43.6,55.1,53.6,58.5,57.1,57.3,51.3
"113",566,"6.015_d3_ge",7.5,10.2,10,11,12,11.5,13.5,15.4,22.3,26.2,32.4,34.7,43.8,54.5,57.4,56.6,38.2,34.9,32.1
"114",567,"6.008_d1_ge",3.4,6,9,13,14.2,14.1,13.4,13.2,19.5,22.8,30.1,26.5,34.7,45.1,49.6,50.8,48.9,27.8,35.1
"115",575,"6.002_d1_gn",20.2,19.7,20.2,20.1,20,19.7,19.4,18.5,22.6,26.8,26.7,28.8,37.5,50,58.4,58.4,42.1,41.6,41.7
"116",576,"6.001_d1_ge",5.7,8.8,10.5,14.5,17.6,17.2,17,16.8,21.7,24.9,27.1,29.3,40.4,53.4,60.4,58.2,57.3,43,33
"117",587,"6.008_d0_ge",6.6,10.1,12.7,16.9,16.4,16.7,15.9,16,23.1,26.5,29.8,29.6,37.8,51.5,52.2,55.5,53.7,35.9,33.1
"118",588,"6.007_d2_gn",6.2,9.3,12,14.9,14.3,9,14.1,9,13.4,19.1,21,22,33,46.2,45.9,44.5,45.4,38.6,34.4
"119",590,"6.004_d2_ge",7.2,9.6,12.9,13.7,14,11.1,10.9,13,19.5,29.3,33.9,33.2,41,50,54.7,59,52.4,35.2,32.2
"120",598,"6.004_d3_ge",23.8,23.9,23.4,23.3,21.5,20.1,22.4,16.9,19,21.1,22,20.8,26.1,40.4,40.1,40.2,48.1,47,46
