cellID,repID,seedWt.G,seedSubsetWt.G,matSeedSubsetNum,premSeedSubsetNum
1,6.002_d0,,,,
2,6.023_d3,,,,
3,6.005_d1,,,,
4,6.012_d1,,,,
5,6.020_d1,,,,
6,6.019_d1,0.005,0.005,0,9
7,6.010_d3,0.019,0.019,0,33
8,6.010_d1,0.066,0.066,6,90
9,6.001_d1,,,,
10,6.019_d3,0.056,0.056,15,49
11,6.004_d0,,,,
12,6.008_d0,0.124,0.124,45,45
13,6.005_d3,,,,
14,6.014_d1,0.04,0.04,4,40
15,6.011_d0,0.232,0.232,64,71
16,6.022_d1,0.089,0.089,26,43
17,6.003_d0,0.073,0.073,15,73
18,6.007_d3,,,,
19,6.017_d3,0.035,0.035,8,30
20,6.003_d1,0.171,0.171,65,19
21,6.015_d3,0.193,0.193,67,111
22,6.022_d0,,,,
23,6.009_d1,,,,
24,6.002_d1,,,,
25,6.008_d1,0.198,0.198,97,47
26,6.002_d3,,,,
27,6.022_d3,0.263,0.09,48,28
28,6.008_d3,0.082,0.082,0,120
29,6.006_d3,0.322,0.094,35,73
30,6.006_d1,0.046,0.046,10,42
31,6.003_d3,,,,
32,6.001_d3,,,,
33,6.006_d0,0.151,0.069,16,38
34,6.017_d0,0.111,0.111,36,74
35,6.001_d0,0.07,0.07,0,131
36,6.010_d0,,,,
37,6.019_d0,,,,
38,6.017_d1,0.29,0.117,42,19
39,6.014_d3,0.326,0.084,29,59
40,6.005_d0,0.113,0.066,15,29
41,6.004_d3,0.09,0.042,0,57
42,6.014_d0,0.011,0.011,1,11
43,6.016_d0,,,,
44,6.011_d3,,,,
45,6.012_d3,0.153,0.68,25,31
46,6.013_d1,0.26,0.102,29,61
47,6.013_d0,0.075,0.075,37,19
48,6.015_d0,0.067,0.067,18,28
49,6.007_d1,,,,
50,6.011_d1,,,,
51,6.016_d1,,,,
52,6.020_d0,0.265,0.123,42,19
53,6.009_d0,0.284,0.056,23,10
54,6.023_d1,0.025,0.025,10,17
55,6.018_d0,0.195,0.105,26,26
56,6.009_d3,,,,
57,6.021_d0,0.016,0.016,0,24
58,6.023_d0,0.307,0.073,37,23
59,6.020_d3,0.167,0.05,14,28
60,6.018_d3,,,,
61,6.016_d3,0.061,0.061,18,40
62,6.013_d3,0.219,0.057,7,53
63,6.018_d1,0.239,0.079,36,16
64,6.021_d1,,,,
65,6.015_d1,,,,
66,6.007_d0,0.011,0.011,5,5
67,6.004_d1,0.017,0.017,0,21
68,6.012_d0,,,,
69,6.021_d3,0.268,0.064,29,26