cellID,repID,biomass.G
1,6.002_d0,4.0709
2,6.023_d3,1.7291
3,6.005_d1,2.5945
4,6.012_d1,3.0199
5,6.020_d1,5.0753
6,6.019_d1,2.5755
7,6.010_d3,4.0697
8,6.010_d1,3.2482
9,6.001_d1,2.8848
10,6.019_d3,3.8537
11,6.004_d0,4.3278
12,6.008_d0,2.9725
13,6.005_d3,2.1941
14,6.014_d1,2.8088
15,6.011_d0,3.5833
16,6.022_d1,2.6808
17,6.003_d0,2.7741
18,6.007_d3,3.0218
19,6.017_d3,3.5634
20,6.003_d1,4.1375
21,6.015_d3,3.5061
22,6.022_d0,4.673
23,6.009_d1,3.0727
24,6.002_d1,4.3759
25,6.008_d1,2.7115
26,6.002_d3,2.9701
27,6.022_d3,3.499
28,6.008_d3,4.2975
29,6.006_d3,2.6992
30,6.006_d1,3.3884
31,6.003_d3,1.8271
32,6.001_d3,1.2075
33,6.006_d0,3.4324
34,6.017_d0,2.8454
35,6.001_d0,4.6427
36,6.010_d0,3.3904
37,6.019_d0,2.8616
38,6.017_d1,3.4077
39,6.014_d3,3.3459
40,6.005_d0,2.9572
41,6.004_d3,3.2051
42,6.014_d0,3.337
43,6.016_d0,4.8375
44,6.011_d3,1.9896
45,6.012_d3,3.3789
46,6.013_d1,4.0776
47,6.013_d0,2.615
48,6.015_d0,3.5521
49,6.007_d1,3.9045
50,6.011_d1,4.3123
51,6.016_d1,3.1055
52,6.020_d0,3.1586
53,6.009_d0,3.825
54,6.023_d1,3.6725
55,6.018_d0,3.1699
56,6.009_d3,2.0413
57,6.021_d0,3.7848
58,6.023_d0,4.184
59,6.020_d3,2.0723
60,6.018_d3,1.5782
61,6.016_d3,2.4431
62,6.013_d3,4.2449
63,6.018_d1,3.2512
64,6.021_d1,4.1722
65,6.015_d1,3.4537
66,6.007_d0,3.4194
67,6.004_d1,3.334
68,6.012_d0,2.1898
69,6.021_d3,2.0984