week,day,dayMax.C,nightMin.C,dailyMean.C,dayTarget.C,nightTarget.C,date
1,1,18.44,9.42,13.94,16,9,13-11-2022
1,2,18.35,9.42,13.92,16,9,14-11-2022
1,3,17.21,9.53,13.75,16,9,15-11-2022
1,4,19.1,10.28,14.63,16,9,16-11-2022
1,5,17.55,9.48,13.91,16,9,17-11-2022
1,6,17.1,9.83,13.87,16,9,18-11-2022
1,7,17.42,9.54,13.68,16,9,19-11-2022
2,1,17.39,7.92,13.64,16,9,20-11-2022
2,2,20.52,9.28,16.93,16,9,21-11-2022
2,3,21.37,9.02,16.66,16,9,22-11-2022
2,4,17.93,8.84,13.46,16,9,23-11-2022
2,5,17.8,8.94,13.76,16,9,24-11-2022
2,6,17.45,8.88,13.71,16,9,25-11-2022
2,7,16.8,9.09,13.5,16,9,26-11-2022
3,1,17.24,9.42,13.67,16,9,27-11-2022
3,2,16.75,9.34,13.63,16,9,28-11-2022
3,3,16.7,9.74,13.66,16,9,29-11-2022
3,4,16.95,9.48,13.66,16,9,30-11-2022
3,5,17.26,9.71,13.73,16,9,01-12-2022
3,6,16.96,9.63,13.97,16,9,02-12-2022
3,7,17.89,9.72,13.84,16,9,03-12-2022
4,1,18.3,9.04,13.8,16,9,04-12-2022
4,2,16.88,8.83,13.55,16,9,05-12-2022
4,3,17.16,8.79,13.61,16,9,06-12-2022
4,4,17.43,8.9,13.48,16,9,07-12-2022
4,5,16.73,9.07,13.52,16,9,08-12-2022
4,6,17.43,8.93,13.55,16,9,09-12-2022
4,7,16.63,7.95,13.24,16,9,10-12-2022
5,1,16.3,8.08,12.39,16,9,11-12-2022
5,2,16.03,10.29,13.45,16,9,12-12-2022
5,3,17.35,8.63,12.46,16,9,13-12-2022
5,4,17.39,8.52,12.61,16,9,14-12-2022
5,5,20.53,13.54,17.18,16,9,15-12-2022
5,6,21.32,16.7,19.41,16,9,16-12-2022
5,7,21.56,16.61,19.43,16,9,17-12-2022
6,1,21.18,12.91,17.77,16,9,18-12-2022
6,2,16.35,10.92,14.21,16,9,19-12-2022
6,3,16.77,11.24,13.77,16,9,20-12-2022
6,4,15.39,11.64,13.53,16,9,21-12-2022
6,5,17.27,11.66,14.24,16,9,22-12-2022
6,6,17.17,10.86,13.91,16,9,23-12-2022
6,7,16,11.17,13.67,16,9,24-12-2022
7,1,16,11.17,13.67,16,9,25-12-2022
7,2,13.63,8.47,10.77,16,9,26-12-2022
7,3,12.96,8.68,10.44,16,9,27-12-2022
7,4,13.83,8.57,11,16,9,28-12-2022
7,5,13.57,9.58,11.05,16,9,29-12-2022
7,6,12.48,9.57,11.14,16,9,30-12-2022
7,7,12.1,8.67,10.7,16,9,31-12-2022
8,1,13.12,9.45,10.72,16,9,01-01-2023
8,2,13.39,7.94,10.66,16,9,02-01-2023
8,3,13.86,7.93,10.97,16,9,03-01-2023
8,4,13.17,9.82,11.39,16,9,04-01-2023
8,5,13.19,10.09,11.7,16,9,05-01-2023
8,6,13.26,9.57,11.41,16,9,06-01-2023
8,7,13.33,9.74,11.23,16,9,07-01-2023
9,1,12.61,9.73,10.94,16,9,08-01-2023
9,2,12.57,9.73,10.86,16,9,09-01-2023
9,3,13,7.59,10.47,16,9,10-01-2023
9,4,13.43,7.97,10.44,16,9,11-01-2023
9,5,13.3,7.53,10.19,16,9,12-01-2023
9,6,11.2,6.76,9.75,16,9,13-01-2023
9,7,12.73,7.92,10.31,16,9,14-01-2023
10,1,13.62,8.56,10.47,16,9,15-01-2023
10,2,12.51,8.81,10.49,16,9,16-01-2023
10,3,16.98,9.04,11.74,16,9,17-01-2023
10,4,16.99,9.57,14.28,16,9,18-01-2023
10,5,17.07,9.64,14.32,16,9,19-01-2023
10,6,18.36,7.69,14.04,16,9,20-01-2023
10,7,17.26,7.82,13.55,16,9,21-01-2023
11,1,17.28,7.56,13.56,16,9,22-01-2023
11,2,16.93,7.69,13.94,16,9,23-01-2023
11,3,16.98,8.23,14.15,16,9,24-01-2023
11,4,17.03,9.4,14.27,16,9,25-01-2023
11,5,17.4,10.46,14.46,16,9,26-01-2023
11,6,17.24,10.38,14.47,16,9,27-01-2023
11,7,17.24,9.06,14.2,16,9,28-01-2023
12,1,17.21,10.38,14.47,16,9,29-01-2023
12,2,17.93,9.19,14.32,16,9,30-01-2023
12,3,17.35,9.46,14.29,16,9,31-01-2023
12,4,16.9,10.46,14.5,16,9,01-02-2023
12,5,17.52,8.58,14.16,16,9,02-02-2023
12,6,16.47,9.06,13.44,16,9,03-02-2023
12,7,16.31,9.2,13.56,16,9,04-02-2023
13,1,17.08,7.53,13.31,16,9,05-02-2023
13,2,16.76,7.69,13.42,16,9,06-02-2023
13,3,16.26,8.45,13.44,16,9,07-02-2023
13,4,16.41,7.92,13.4,16,9,08-02-2023
13,5,16.91,8.58,13.45,16,9,09-02-2023
13,6,17.11,8.82,13.56,16,9,10-02-2023
13,7,16.56,9.4,13.61,16,9,11-02-2023
14,1,16.08,8.83,13.52,16,9,12-02-2023
14,2,17.37,7.66,13.42,16,9,13-02-2023
14,3,16.59,7.61,13.22,16,9,14-02-2023
14,4,NA,NA,NA,16,9,15-02-2023
14,5,13.27,10.36,12.34,16,9,16-02-2023
14,6,16.37,10.14,13.62,16,9,17-02-2023
14,7,18.94,10.12,14,16,9,18-02-2023
15,1,16.8,7.9,13.3,16,9,19-02-2023
15,2,16.15,7.95,13.36,16,9,20-02-2023
15,3,17.9,8.2,13.5,16,9,21-02-2023
15,4,20.3,10.35,17.3,16,9,22-02-2023
15,5,NA,NA,NA,16,9,23-02-2023
15,6,NA,NA,NA,16,9,24-02-2023
15,7,20.17,8.6,15.25,16,9,25-02-2023
16,1,19.7,10.84,17.76,18,9,26-02-2023
16,2,19.9,9.76,17.3,18,9,27-02-2023
16,3,20,8.67,15.3,18,9,28-02-2023
16,4,NA,NA,NA,18,9,01-03-2023
16,5,NA,NA,NA,18,9,02-03-2023
16,6,NA,NA,NA,18,9,03-03-2023
16,7,NA,NA,NA,18,9,04-03-2023
17,1,20.83,8.68,15.6,18,9,05-03-2023
17,2,20.89,10.94,16.04,18,9,06-03-2023
17,3,21.61,8.34,15.83,18,9,07-03-2023
17,4,22.02,11.31,17.51,18,9,08-03-2023
17,5,21.75,11.39,17.86,18,9,09-03-2023
17,6,NA,NA,NA,18,9,10-03-2023
17,7,21.4,12.68,18.18,18,9,11-03-2023
18,1,20.46,8.8,15.88,18,9,12-03-2023
18,2,22.38,11.38,18.17,18,9,13-03-2023
18,3,21.99,9.2,16.13,18,9,14-03-2023
18,4,20.23,8.79,15.75,18,9,15-03-2023
18,5,16.33,11.77,15.89,18,9,16-03-2023
18,6,22.08,8.27,15.88,18,9,17-03-2023
18,7,19.96,10.77,17.23,18,9,18-03-2023
19,1,21.7,8.44,16.01,18,9,19-03-2023
19,2,21.28,11.78,18.53,18,9,20-03-2023
19,3,1604,11.27,15.67,18,9,21-03-2023
19,4,21.23,11.64,18.57,18,9,22-03-2023
19,5,NA,NA,NA,18,9,23-03-2023
19,6,NA,NA,NA,18,9,24-03-2023
19,7,NA,NA,NA,18,9,25-03-2023
20,1,21.96,10.87,17.59,18,9,26-03-2023
20,2,22.46,13.83,18.93,18,9,27-03-2023
20,3,22.22,9.73,16.16,18,9,28-03-2023
20,4,20.05,10,16.1,18,9,29-03-2023
20,5,0.32,11.4,18.46,18,9,30-03-2023
20,6,19.55,11.28,17.12,18,9,31-03-2023
20,7,19.81,11.4,17.6,18,9,01-04-2023
21,1,20.72,9.61,15.93,18,9,02-04-2023
21,2,22.15,8.3,15.99,18,9,03-04-2023
21,3,22.03,11.52,17.84,18,9,04-04-2023
21,4,NA,NA,NA,18,9,05-04-2023
21,5,NA,NA,11.51,18,9,06-04-2023
21,6,20.91,11.5,18.65,18,9,07-04-2023
21,7,19.42,11.62,17.5,18,9,08-04-2023
22,1,22.05,11.52,17.29,18,9,09-04-2023
22,2,21.35,11.78,17.65,18,9,10-04-2023
22,3,21.16,13.17,17.92,18,9,11-04-2023
22,4,22.27,13.18,17.08,18,9,12-04-2023
22,5,20.63,11.75,17.97,18,9,13-04-2023
22,6,21.3,11.39,18.4,18,9,14-04-2023
22,7,18.95,11.17,17.76,18,9,15-04-2023
23,1,21.54,11.2,16.67,18,9,16-04-2023
23,2,23.91,11.34,16.83,18,9,17-04-2023
23,3,20.29,12.04,15.54,18,9,18-04-2023
23,4,22.23,12.28,16.7,18,9,19-04-2023
23,5,22.43,12.73,19.02,18,9,20-04-2023
23,6,28.56,13.55,21.48,18,9,21-04-2023
23,7,28.51,16.48,22.33,18,9,22-04-2023
24,1,2942,16.11,22.18,18,9,23-04-2023
24,2,21.58,16.88,19.75,18,9,24-04-2023
24,3,NA,NA,NA,18,9,25-04-2023
24,4,NA,NA,NA,18,9,26-04-2023
24,5,NA,NA,NA,18,9,27-04-2023
24,6,NA,NA,NA,18,9,28-04-2023
24,7,NA,NA,NA,18,9,29-04-2023
25,1,13.52,12.82,13.15,18,9,30-04-2023
25,2,20.12,12.47,17.34,18,9,01-05-2023
25,3,21.24,12.41,16.88,18,9,02-05-2023
25,4,20.54,12.78,18.59,18,9,03-05-2023
25,5,15.31,15.23,15.26,18,9,04-05-2023
25,6,16.47,15.53,15.7,18,9,05-05-2023
25,7,20.3,13.41,17.12,18,9,06-05-2023
26,1,20.15,13.25,16.83,18,9,07-05-2023
26,2,19.93,13.12,17.49,18,9,08-05-2023
26,3,20,12.31,17.67,18,9,09-05-2023
26,4,21.28,13.17,1752,18,9,10-05-2023
26,5,21.95,13.1,17.8,18,9,11-05-2023
26,6,22.7,13.67,18.31,18,9,12-05-2023
26,7,20.26,14.65,17.58,18,9,13-05-2023
27,1,20.4,14.12,17.74,18,9,14-05-2023
27,2,20.38,14.57,17.75,18,9,15-05-2023
27,3,27.5,14.97,20.8,18,9,16-05-2023
27,4,21.66,16,19.56,18,9,17-05-2023
27,5,18.93,15.97,17.84,18,9,18-05-2023
27,6,NA,NA,NA,18,9,19-05-2023
27,7,NA,NA,NA,18,9,20-05-2023
28,1,23.18,14.91,18.91,18,9,21-05-2023
28,2,19.3,15.61,18,18,9,22-05-2023
28,3,19.24,12.51,16.58,18,9,23-05-2023
28,4,21.11,12.46,17.51,18,9,24-05-2023
28,5,21.94,14.2,17.84,18,9,25-05-2023
28,6,20.49,12.68,16.97,18,9,26-05-2023
28,7,19.78,11.16,16.32,18,9,27-05-2023