cellID,repID,germYMD,flowerYMD,matLastDaySeedNum,premLastDaySeedNum,seedWt.g,seedSubsetWt.g,matSeedSubsetNum,premSeedSubsetNum,deathYMD,gasket
1,25.019_d1,2023-11-02,2024-04-26,0,60,1.139,0.246,97,111,2024-07-01,N
2,6.013_d1,2023-11-05,2024-04-28,0,57,1.177,0.259,63,128,2024-07-01,N
3,13.013_d0,2023-11-02,2024-04-26,0,66,0.545,0.139,18,116,2024-07-01,N
4,25.019_d0,2023-11-06,2024-04-14,15,44,1.392,0.371,135,143,2024-07-03,N
5,13.021_d3,2023-11-02,2024-04-01,0,12,0.376,0.09,19,66,2024-05-22,N
6,25.006_d0,2023-11-02,2024-04-16,0,0,1.585,0.066,32,17,2024-06-28,N
7,25.001_d3,2023-11-04,2024-04-16,0,0,0.194,0.039,0,67,2024-05-22,N
8,25.004_d3,2023-11-02,2024-04-11,0,0,0.207,0.033,0,53,2024-05-22,N
9,6.014_d1,2023-11-02,2024-04-26,19,41,1.044,0.073,33,18,2024-07-01,N
10,6.009_d0,2023-11-02,2024-04-11,4,124,1.529,0.08,33,47,2024-07-03,N
11,13.006_d1,2023-11-02,2024-05-08,1,8,0.551,0.046,20,33,2024-07-01,N
12,6.007_d3,2023-11-02,,12,19,,,,,2024-05-22,N
13,25.013_d1,2023-11-02,2024-04-08,0,0,1.81,0.065,36,21,2024-07-01,N
14,25.001_d0,2023-11-06,2024-04-01,0,0,1.453,0.097,45,9,2024-06-05,N
15,13.018_d3,2023-11-02,2024-04-21,0,0,0.131,0.027,0,60,2024-05-22,N
16,6.010_d1,2023-11-02,2024-05-05,0,0,0.985,0.071,30,33,2024-07-01,N
17,6.012_d3,2023-11-02,,,,,,,,2024-05-22,N
18,25.022_d0,2023-11-02,2024-04-07,0,10,2.035,0.089,39,27,2024-07-03,N
19,25.017_d1,2023-11-02,2024-05-11,0,7,0.422,0.042,2,63,2024-06-26,N
20,13.004_d3,2023-11-04,2024-05-02,0,0,0.104,0.026,0,40,2024-05-22,N
21,25.024_d1,2023-11-04,2024-04-26,35,53,2.114,0.076,38,23,2024-07-03,N
22,25.007_d3,2023-11-02,2024-05-01,0,0,0.116,0.023,0,40,2024-05-22,N
23,6.012_d0,2023-11-02,2024-04-16,0,101,1.151,0.055,9,61,2024-07-03,N
24,25.014_d3,2023-11-11,2024-04-16,0,19,0.317,0.044,0,67,2024-05-22,N
25,6.025_d1,2023-11-02,2024-03-12,0,0,0.714,0.053,18,22,2024-06-28,N
26,13.015_d0,2023-11-02,2024-05-07,0,11,0.296,0.033,0,54,2024-07-03,N
27,6.023_d3,2023-11-05,2024-05-03,0,0,0.111,0.039,0,50,2024-05-22,N
28,25.007_d0,2023-11-02,2024-03-12,0,91,2.743,0.093,44,33,2024-07-03,N
29,6.011_d1,2023-11-02,2024-06-05,0,26,0.058,0.058,0,81,2024-07-01,N
30,25.011_d1,2023-11-02,2024-03-20,0,0,1.273,0.061,24,23,2024-06-26,Y
31,25.009_d3,2023-11-04,2024-04-07,0,0,2.467,0.064,32,14,2024-05-22,Y
32,25.001_d1,2023-11-02,2024-04-26,0,14,0.797,0.053,4,73,2024-07-03,Y
33,13.006_d0,2023-11-07,2024-04-01,0,98,0.911,0.075,26,48,2024-07-03,Y
34,25.018_d1,2023-11-04,2024-04-19,0,23,1.537,0.082,29,56,2024-07-01,Y
35,6.011_d0,2023-11-06,2024-05-07,0,0,0.849,0.053,28,18,2024-07-03,Y
36,25.004_d0,2023-11-02,2024-04-19,19,90,1.618,0.087,44,36,2024-07-03,Y
37,6.004_d1,2023-11-04,2024-01-16,0,133,2.308,0.125,55,60,2024-07-03,Y
38,25.022_d1,2023-11-04,2024-04-14,11,39,2.361,0.083,45,15,2024-07-03,Y
39,6.015_d3,2023-11-06,2024-05-05,0,0,0.073,0.044,0,70,2024-05-22,Y
40,6.018_d1,2023-11-06,2024-06-05,0,0,0.058,0.058,0,110,2024-06-21,Y
41,6.022_d1,2023-11-04,2024-05-06,0,59,1.715,0.089,32,37,2024-07-03,Y
42,25.012_d0,2023-11-02,2024-04-02,9,173,2.496,0.121,56,26,2024-07-01,Y
43,13.010_d1,2023-11-04,2024-04-20,49,177,0.686,0.077,35,29,2024-07-01,Y
44,13.015_d1,2023-11-02,2024-04-20,0,54,0.314,0.045,13,45,2024-06-26,Y
45,6.005_d3,2023-11-02,,,,,,,,2024-05-22,Y
46,13.025_d0,2023-11-02,2024-04-22,0,53,0.897,0.065,9,83,2024-06-21,Y
47,13.011_d0,2023-11-02,2024-04-26,6,73,1.881,0.074,33,29,2024-07-03,Y
48,13.015_d3,2023-11-04,2024-04-10,0,0,1.011,0.085,20,70,2024-05-22,Y
49,13.014_d1,2023-11-04,2024-04-16,0,68,2.065,0.069,34,19,2024-07-03,Y
50,13.007_d3,2023-11-04,2024-04-20,0,0,0.223,0.052,0,83,2024-05-22,Y
51,13.024_d1,2023-11-02,2024-04-16,0,118,1.756,0.058,11,87,2024-07-01,Y
52,25.021_d0,2023-11-02,2024-02-15,9,49,3.361,0.077,30,32,2024-07-03,Y
53,13.001_d3,2023-11-04,2024-04-16,0,28,0.231,0.039,0,58,2024-05-22,Y
54,6.002_d3,2023-11-02,,,,,,,,2024-05-22,Y
55,25.008_d3,2023-11-02,2024-04-07,0,0,0.638,0.038,0,41,2024-05-22,Y
56,13.008_d0,2023-11-04,2024-04-21,9,152,1.351,0.03,11,15,2024-07-03,Y
57,6.004_d3,2023-11-04,,,,,,,,2024-05-22,Y
58,13.020_d3,2023-11-05,2024-04-21,0,53,1.502,0.069,19,59,2024-07-01,Y
59,25.002_d1,2023-11-02,2024-05-09,0,0,0.537,0.042,12,46,2024-07-03,Y
60,13.023_d3,2023-11-04,2024-04-21,0,0,0.195,0.042,0,66,2024-05-22,Y
61,6.003_d0,2023-11-02,2024-05-04,0,39,0.388,0.039,3,49,2024-06-28,Y
62,6.018_d0,2023-11-04,2024-05-11,0,12,1.136,0.04,11,26,2024-07-01,Y
63,25.018_d0,2023-11-04,2024-04-07,17,66,2.961,0.051,26,7,2024-07-03,Y
64,25.006_d1,2023-11-02,2024-02-19,7,50,2.577,0.08,31,28,2024-07-03,Y
65,6.007_d0,2023-11-02,2024-05-02,0,66,0.2333,0.0145,0,19,2024-06-21,Y
66,13.009_d3,2023-11-09,2024-04-16,0,0,0.5965,0.0289,0,43,2024-05-22,Y
67,25.010_d3,2023-11-02,2024-04-21,0,0,0.2735,0.0471,0,58,2024-05-22,Y
68,6.002_d0,2023-11-06,2024-05-05,0,9,1.9994,0.4447,232,65,2024-06-28,Y
69,6.015_d0,2023-11-06,2024-02-19,0,75,1.2537,0.2791,150,133,2024-07-03,Y
70,13.003_d0,2023-11-06,2024-04-16,0,15,2.533,0.128,63,47,2024-06-26,Y
71,6.004_d0,2023-11-04,2024-05-04,9,19,1.8773,0.181,92,88,2024-06-26,Y
72,13.019_d0,2023-11-04,2024-04-16,0,84,2.924,0.135,58,57,2024-07-03,Y
73,6.016_d3,2023-11-05,2024-04-20,0,38,0.989,0.068,17,71,2024-07-03,Y
74,13.011_d1,2023-11-04,2024-05-22,0,111,2.907,0.077,16,98,2024-07-03,Y
75,25.009_d1,2023-11-04,2024-02-05,1,55,6.0523,0.1448,71,51,2024-07-03,Y
76,25.012_d3,2023-11-02,2024-04-09,0,0,0.5095,0.0875,0,108,2024-05-22,Y
77,25.010_d0,2023-11-04,2024-02-02,56,59,3.461,0.1651,104,91,2024-07-03,Y
78,13.020_d0,2023-11-04,2024-04-20,16,214,2.044,0.09,38,39,2024-07-01,Y
79,13.004_d0,2023-11-06,2024-04-16,3,53,1.639,0.079,31,41,2024-07-03,Y
80,13.001_d1,2023-11-06,2024-04-16,0,77,1.9178,0.1827,83,111,2024-07-03,Y
81,25.025_d0,2023-11-04,2024-04-23,0,13,1.784,0.088,39,62,2024-06-21,Y
82,6.020_d0,2023-11-06,2024-05-03,0,0,0.128,0.051,0,70,2024-05-22,Y
83,25.004_d1,2023-11-08,2024-03-21,1,229,2.907,0.079,21,54,2024-07-03,Y
84,25.021_d3,2023-11-06,2024-01-16,0,0,1.779,0.097,25,27,2024-05-22,Y
85,13.011_d3,2023-11-06,2024-02-05,0,55,0.369,0.053,0,68,2024-05-22,Y
86,25.021_d1,2023-11-04,2024-02-05,0,0,2.938,0.101,37,23,2024-05-14,Y
87,6.003_d3,2023-11-06,2024-05-05,0,0,0.028,0.028,0,45,2024-05-14,Y
88,6.017_d1,2023-11-05,2024-03-28,0,0,1.302,0.074,15,44,2024-05-14,Y
89,13.024_d0,2023-11-06,2024-04-16,0,0,0.862,0.038,0,46,2024-05-22,N
90,6.019_d1,2023-11-06,2024-04-23,0,0,0.272,0.035,0,49,2024-05-22,N
91,6.011_d3,2023-11-04,,,,,,,,2024-05-22,N
92,6.020_d1,,,,,,,,,,N
93,13.002_d1,2023-11-02,2024-04-21,0,11,0.819,0.067,30,27,2024-07-01,N
94,13.007_d1,2023-11-04,2024-04-21,0,91,1.41,0.086,21,95,2024-07-03,N
95,25.016_d1,2023-11-06,2024-05-14,0,18,0.382,0.065,15,78,2024-06-26,N
96,13.014_d0,2023-11-02,2024-04-20,94,97,1.156,0.118,61,20,2024-07-03,N
97,6.015_d1,2023-11-02,2024-04-20,0,89,1.404,0.106,53,36,2024-07-01,N
98,6.023_d1,2023-11-02,2024-05-09,0,0,0.666,0.075,30,29,2024-06-21,N
99,25.012_d1,2023-11-08,2024-04-09,17,34,1.755,0.085,37,26,2024-07-03,N
100,25.003_d3,2023-11-02,2024-04-23,0,0,0.094,0.032,0,49,2024-05-22,N
101,25.005_d3,2023-11-04,2024-04-21,0,0,0.141,0.04,0,53,2024-05-22,N
102,13.023_d1,2023-11-02,2024-04-18,0,93,0.624,0.073,32,21,2024-07-01,N
103,25.003_d0,2023-11-04,2024-01-13,6,6,3.279,0.157,56,21,2024-07-03,N
104,25.003_d1,2023-11-02,2024-04-16,0,67,1.794,0.098,45,47,2024-07-03,N
105,6.005_d0,2023-11-02,2024-05-09,0,88,0.897,0.084,35,49,2024-07-01,N
106,13.005_d1,2023-11-02,2024-04-26,21,147,1.071,0.08,30,45,2024-07-03,N
107,6.012_d1,2023-11-05,2024-04-29,0,54,1.441,0.105,54,22,2024-07-01,N
108,6.008_d3,2023-11-02,2024-05-04,0,60,0.348,0.038,6,51,2024-07-03,N
109,13.009_d0,2023-11-05,2024-04-28,0,61,0.999,0.102,45,57,2024-07-03,N
110,25.019_d3,2023-11-02,2024-01-13,0,0,1.558,0.134,38,55,2024-05-22,N
111,13.017_d3,2023-11-07,2024-04-11,0,0,0.305,0.066,0,72,2024-05-22,Y
112,25.011_d3,2023-11-02,2024-04-02,0,14,0.593,0.061,14,48,2024-05-22,Y
113,13.017_d1,2023-11-02,2024-04-21,15,118,1.225,0.075,13,75,2024-07-01,Y
114,25.016_d0,2023-11-02,2024-04-05,0,49,2.182,0.139,67,27,2024-07-03,Y
115,13.001_d0,2023-11-02,2024-04-19,0,34,1.952,0.133,65,52,2024-07-03,Y
116,13.021_d1,2023-11-04,2024-04-18,0,186,1.481,0.108,48,50,2024-07-03,Y
117,13.005_d0,2023-11-04,2024-04-18,4,65,1.729,0.075,27,46,2024-07-03,Y
118,25.008_d0,2023-11-02,2024-04-08,0,0,2.311,0.133,66,38,2024-06-28,Y
119,6.003_d1,2023-11-02,2024-05-21,0,0,0.208,0.058,6,76,2024-07-01,Y
120,6.008_d1,2023-11-08,2024-04-30,0,92,1.646,0.087,42,33,2024-07-03,Y
121,25.015_d1,2023-11-02,2024-04-07,0,4,2.493,0.087,31,55,2024-06-26,Y
122,6.024_d0,2023-11-02,2024-04-28,0,0,0.4232,0.1652,15,23,2024-06-19,Y
123,6.021_d3,2023-11-02,2024-05-05,0,32,0.043,0.043,0,62,2024-07-03,Y
124,13.012_d0,2023-11-02,2024-04-10,0,0,2.8862,0.3464,114,70,2024-06-28,Y
125,25.015_d3,2023-11-02,2024-05-05,0,171,0.053,0.053,0,85,2024-07-03,Y
126,13.008_d1,2023-11-05,2024-04-26,0,97,2.135,0.082,36,32,2024-07-03,Y
127,13.008_d3,2023-11-04,2024-04-16,3,94,1.213,0.109,27,101,2024-07-01,Y
128,13.025_d3,,,,,,,,,,Y
129,25.015_d0,2023-11-02,2024-04-16,15,59,1.275,0.032,1,55,2024-07-03,Y
130,6.001_d3,,,,,,,,,NA,Y
131,25.002_d3,2023-11-02,2024-02-02,0,0,2.287,0.097,41,17,2024-05-22,Y
132,6.017_d3,2023-11-06,2024-05-18,0,96,1.125,0.063,30,30,2024-07-03,Y
133,13.006_d3,2023-11-06,2024-04-16,0,0,1.689,0.073,26,41,2024-07-03,Y
134,25.023_d3,2023-11-04,2024-04-03,0,0,1.443,0.061,17,41,2024-06-19,Y
135,6.016_d0,2023-11-05,,,,,,,,2024-05-22,Y
136,13.022_d3,2023-11-06,2024-03-13,0,7,2.001,0.108,41,57,2024-06-24,Y
137,6.025_d0,2023-11-04,,,,,,,,2024-05-14,Y
138,25.025_d1,2023-11-04,2024-04-20,0,0,0.179,0.03,0,47,2024-05-14,Y
139,13.021_d0,2023-11-04,2024-04-19,0,0,0.537,0.077,0,107,2024-05-14,Y
140,13.017_d0,2023-11-04,2024-04-19,0,0,0.32,0.042,0,56,2024-05-22,Y
141,6.024_d1,2023-11-02,2024-05-09,0,99,0.314,0.08,0,139,2024-07-01,Y
142,6.006_d0,2023-11-08,2024-05-03,0,124,0.185,0.078,10,83,2024-07-01,Y
143,13.019_d1,2023-11-06,2024-03-25,0,31,1.97,0.147,39,107,2024-06-05,Y
144,25.024_d0,2023-11-09,2024-02-05,0,61,2.5286,0.2901,90,76,2024-07-03,Y
145,25.014_d1,2023-11-02,2024-02-05,0,44,2.4612,0.1428,56,37,2024-07-03,Y
146,25.016_d3,2023-11-02,2024-02-26,0,0,1.4138,0.242,56,146,2024-05-22,Y
147,6.019_d0,2023-11-06,2024-04-21,0,177,1.4503,0.6094,283,254,2024-07-03,Y
148,6.014_d3,2023-11-06,2024-05-02,0,25,1.3448,0.0982,36,79,2024-07-03,Y
149,25.024_d3,2023-11-04,2024-04-07,12,43,2.4382,0.2118,93,106,2024-07-03,Y
150,6.010_d0,2023-11-04,2024-05-29,0,78,0.7806,0.39,143,196,2024-07-03,Y
151,13.013_d1,2023-11-06,2024-04-21,0,0,0.332,0.0304,0,51,2024-05-14,Y
152,25.007_d1,2023-11-06,2024-04-07,0,0,0.6875,0.1468,41,154,2024-05-14,Y
153,13.023_d0,2023-11-04,2024-04-16,0,0,0.4647,0.1088,0,178,2024-05-14,Y
154,13.018_d1,2023-11-05,2024-04-16,0,0,0.4667,0.1014,3,138,2024-05-14,Y
155,6.001_d0,2023-11-05,2024-04-21,0,0,0.2414,0.012,0,18,2024-05-14,Y
156,13.003_d3,2023-11-02,2024-04-08,0,0,0.443,0.023,0,28,2024-05-22,N
157,6.013_d3,2023-11-02,2024-01-16,0,0,1.51,0.1351,50,16,2024-05-22,N
158,6.006_d3,2023-11-02,,,,,,,,2024-05-22,N
159,6.001_d1,2023-11-07,2024-05-01,0,200,1.3247,0.1684,88,90,2024-07-03,N
160,13.014_d3,2023-11-02,2024-04-16,0,0,0.2484,0.0234,0,24,2024-05-22,N
161,25.020_d3,2023-11-02,2024-04-05,0,0,0.4395,0.0302,0,33,2024-05-22,N
162,6.019_d3,2023-11-04,2024-05-18,2,61,0.4947,0.353,0,53,2024-07-03,N
163,13.013_d3,2023-11-02,2024-04-20,0,0,0.2015,0.0417,0,52,2024-05-22,N
164,25.023_d0,2023-11-02,2024-04-20,0,10,0.7574,0.0547,21,45,2024-06-26,N
165,6.022_d0,2023-11-04,2024-04-29,0,99,1.3758,0.0502,24,34,2024-07-01,N
166,6.017_d0,2023-11-02,2024-04-23,0,217,1.4748,0.0704,27,11,2024-07-03,N
167,25.014_d0,2023-11-02,2024-04-05,0,0,2.1692,0.0141,36,26,2024-06-28,N
168,13.010_d3,2023-11-02,2024-04-18,0,0,0.1957,0.0536,0,55,2024-05-22,N
169,13.004_d1,2023-11-05,2024-04-23,0,14,1.1313,0.0954,6,41,2024-07-01,N
170,13.016_d1,2023-11-02,2024-04-23,1,133,1.2167,0.0838,22,68,2024-07-01,N
171,25.008_d1,2023-11-04,2024-03-14,7,8,3.2951,0.3201,130,65,2024-07-03,N
172,6.025_d3,2023-11-06,,,,,,,,2024-05-22,N
173,25.009_d0,2023-11-06,2024-01-21,0,53,1.9052,0.2516,65,127,2024-06-26,N
174,13.010_d0,2023-11-09,2024-05-06,0,33,1.4565,0.1801,52,160,2024-06-21,N
175,25.018_d3,2023-11-10,2024-04-07,0,0,0.5927,0.1789,3,229,2024-05-22,N
176,13.003_d1,2023-11-02,2024-04-19,0,22,1.1594,0.0563,17,37,2024-07-01,Y
177,13.024_d3,2023-11-14,2024-02-26,0,0,2.1688,0.0535,19,15,2024-05-22,Y
178,13.002_d0,2023-11-02,2024-04-21,11,61,1.8387,0.0638,31,21,2024-07-03,Y
179,6.018_d3,,,,,,,,,,Y
180,13.016_d3,2023-11-02,2024-04-19,0,0,0.1709,0.0254,0,27,2024-05-22,Y
181,6.002_d1,2023-11-02,2024-05-13,0,47,0.7283,0.0384,9,32,2024-07-03,Y
182,25.022_d3,2023-11-02,2024-04-23,0,39,,,,,2024-05-22,Y
183,6.024_d3,2023-11-06,,0,0,,,,,2024-07-01,Y
184,6.013_d0,2023-11-05,2024-04-29,0,155,1.4635,0.0582,25,17,2024-07-03,Y
185,6.005_d1,,,,,,,,,,Y
186,6.008_d0,2023-11-06,2024-05-02,0,309,1.4747,0.0834,30,57,2024-07-03,Y
187,13.025_d1,2023-11-02,2024-04-21,0,8,0.8609,0.0409,0,55,2024-06-21,Y
188,6.010_d3,2023-11-09,,,,,,,,2024-05-22,Y
189,13.012_d1,2023-11-02,2024-04-22,0,55,1.4367,0.0595,19,44,2024-07-01,Y
190,13.007_d0,2023-11-04,2024-04-10,0,44,1.1874,0.0473,16,31,2024-07-03,Y
191,13.005_d3,2023-11-06,2024-04-20,0,9,0.3219,0.0282,0,38,2024-05-22,Y
192,25.013_d0,2023-11-02,2024-03-10,9,50,3.1441,0.1091,46,21,2024-07-03,Y
193,13.009_d1,2023-11-06,2024-03-16,8,43,2.8234,0.1235,54,20,2024-07-03,Y
194,6.021_d1,2023-11-04,2024-05-12,0,0,0.2202,0.0738,27,23,2024-07-03,Y
195,25.002_d0,2023-11-02,2024-04-05,10,19,2.8611,0.0774,32,23,2024-07-03,Y
196,13.002_d3,2023-11-02,2024-04-18,0,23,0.4469,0.0545,2,59,2024-05-22,Y
197,25.013_d3,2023-11-02,2024-04-18,0,0,0.2663,0.0184,0,18,2024-05-22,Y
198,6.009_d1,2023-11-06,2024-04-28,0,114,1.5376,0.0591,29,18,2024-07-03,Y
199,13.020_d1,2023-11-02,2024-05-10,0,0,0.1028,0.0303,18,6,2024-06-10,Y
200,6.009_d3,2023-11-04,2024-02-26,0,0,1.2677,0.0339,4,30,2024-05-22,Y
201,25.023_d1,2023-11-02,2024-03-05,0,0,2.9556,0.0423,14,11,2024-07-03,Y
202,6.006_d1,2023-11-06,2024-05-01,0,84,1.2982,0.0372,16,13,2024-06-26,Y
203,25.006_d3,2023-11-06,2024-02-15,0,0,2.1951,0.084,24,32,2024-05-22,Y
204,25.005_d1,2023-11-02,2024-01-16,35,32,2.6172,0.0518,20,13,2024-07-03,Y
205,6.022_d3,2023-11-02,2024-04-30,0,0,0.0293,0.0293,0,31,2024-05-22,Y
206,25.005_d0,2023-11-04,2024-03-05,8,2,2.5898,0.0599,25,18,2024-07-03,Y
207,6.014_d0,2023-11-04,2024-05-06,0,46,1.4642,0.0402,12,31,2024-07-01,Y
208,13.022_d1,2023-11-09,2024-02-29,0,126,3.9689,0.0845,32,33,2024-07-03,Y
209,25.010_d1,2023-11-02,2024-04-19,0,28,1.3913,0.0413,10,28,2024-06-21,Y
210,25.011_d0,2023-11-02,2024-04-01,1,43,2.4418,0.0571,25,13,2024-07-03,Y
211,13.012_d3,,,,,,,,,,Y
212,6.023_d0,2023-11-04,2024-05-04,0,4,1.8087,0.0574,15,38,2024-07-03,Y
213,13.022_d0,2023-11-04,2024-04-17,1,38,0.9208,0.0587,0,65,2024-06-05,Y
214,6.020_d3,,,,,,,,,,Y
215,13.018_d0,2023-11-04,2024-04-20,0,124,1.4565,0.0522,15,36,2024-07-03,Y
216,25.017_d3,2023-11-06,2024-04-11,16,31,2.1149,0.0484,30,17,2024-07-03,Y
217,13.019_d3,2023-11-05,2024-04-20,15,139,1.3513,0.0637,25,24,2024-07-03,Y
218,25.020_d1,2023-11-04,2024-01-18,0,64,2.703,0.0431,16,18,2024-07-03,Y
219,6.021_d0,2023-11-06,2024-04-09,33,51,0.8994,0.1367,46,49,2024-07-03,Y
220,13.016_d0,2023-11-06,2024-04-08,0,8,0.6369,0.0576,16,29,2024-06-05,Y
221,25.025_d3,2023-11-04,2024-01-18,0,0,1.4527,0.0531,2,35,2024-05-22,Y
222,25.020_d0,2023-11-05,2024-01-18,4,84,2.7453,0.078,28,21,2024-07-01,Y
223,25.017_d0,2023-11-09,2024-02-15,0,49,4.1254,0.0512,10,46,2024-07-03,Y
224,6.007_d1,2023-11-06,2024-04-28,0,155,2.1463,0.0629,21,21,2024-07-03,Y
225,6.016_d1,,,,,,,,,,Y