id,spp,pop,total.weight,subset.weight,subset.seed,lost.seed,after.Dennis.recounts2
330,B,3,0.4036,0.4036,116,0,116
538,B,3,0.9967,0.2724,65,0,238
161,B,3,1.2404,0.2331,66,5,356
117,B,3,1.5956,0.3706,109,0,469
21,B,3,1.6068,0.3131,100,0,513
468,B,3,1.6221,0.387,139,0,583
355,B,3,2.366,0.4482,161,0,850
2,B,6,1.3111,0.3763,109,0,380
66,B,6,1.404,0.3909,114,0,409
419,B,6,1.8172,0.4225,135,0,581
83,B,6,2.0512,0.5292,150,0,581
251,B,6,2.0752,0.3593,111,0,641
488,B,6,2.6984,0.4121,109,0,714
72,B,6,0,0,0,0,NA
526,B,11,0.0981,0.0981,36,0,36
495,B,11,0.6114,0.2026,65,0,196
218,B,11,1.2141,0.3364,75,12,283
210,B,11,1.1555,0.332,86,0,299
225,B,11,1.1063,0.267,77,10,329
48,B,11,1.3054,0.3594,97,0,352
567,B,11,0,0,0,0,NA
11,B,13,0.4354,0.1499,53,3,157
158,B,13,0.5841,0.1903,69,0,212
76,B,13,1.1121,0.3116,80,0,286
187,B,13,0.8703,0.2686,107,0,347
453,B,13,1.0297,0.1697,59,0,358
46,B,13,1.2936,0.3975,139,0,452
281,B,13,1.7465,0.4182,114,0,476
151,B,15,0.4117,0.1335,39,10,130
509,B,15,0.7788,0.2356,79,0,261
571,B,15,0.7126,0.2323,91,0,279
365,B,15,1.5176,0.3343,114,0,518
472,B,15,1.8621,0.5395,179,0,618
516,B,15,2.0636,0.4454,154,0,714
62,B,15,2.5222,0.4245,133,0,790
525,B,18,1.6127,0.4172,142,0,549
429,B,18,2.1055,0.3839,104,0,570
233,B,18,1.9561,0.4553,143,0,614
369,B,18,2.1641,0.3621,117,0,699
234,B,18,2.5685,0.5929,175,0,758
223,B,18,2.5035,0.5776,192,0,832
351,B,18,3.0184,0.4364,129,0,892
169,B,25,1.3996,0.4182,74,0,248
280,B,25,1.2111,0.329,78,0,287
384,B,25,1.452,0.4044,119,0,427
406,B,25,1.7793,0.3738,97,0,462
549,B,25,1.8919,0.4135,111,0,508
147,B,25,0,0,0,0,NA
301,B,25,0,0,0,0,NA
603,B,S2,1.7651,0.4931,115,0,412
510,B,S2,1.6821,0.3974,108,0,457
120,B,S2,1.9472,0.4299,101,0,457
602,B,S2,1.5527,0.2675,80,0,464
6,B,S2,2.2133,0.4668,123,0,583
534,B,S2,2.1025,0.4374,127,0,610
375,B,S2,2.2418,0.5383,147,0,612
