cellID,sample_weight_g,subsample_weight_g,subsample_matSeeds,subsample_premSeeds
6,3.668,0.567,157,204
6,3.668,0.601,172,210
6,3.668,0.429,108,141
6,3.668,0.5,150,140
6,3.668,0.344,113,196
22,1.909,0.299,65,142
22,1.909,0.356,90,157
22,1.909,0.273,75,77
22,1.909,0.281,71,73
22,1.909,0.314,81,109
24,0.809,0.198,27,61
24,0.809,0.089,22,64
24,0.809,0.133,23,110
24,0.809,0.11,25,81
24,0.809,0.239,35,101
46,1.256,0.264,49,60
46,1.256,0.223,30,63
46,1.256,0.244,43,69
46,1.256,0.227,48,49
46,1.256,0.252,48,52
54,2.504,0.303,74,46
54,2.504,0.246,96,32
54,2.504,0.31,123,54
54,2.504,0.268,110,33
54,2.504,0.308,125,46